dates,nzd0070-0000,nzd0070-0001,nzd0070-0002,nzd0070-0003,nzd0070-0004,nzd0070-0005,nzd0070-0006,nzd0070-0007,nzd0070-0008,nzd0070-0009,nzd0070-0010,nzd0070-0011,nzd0070-0012,nzd0070-0013,nzd0070-0014,nzd0070-0015,nzd0070-0016,nzd0070-0017,nzd0070-0018,nzd0070-0019,nzd0070-0020,nzd0070-0021,nzd0070-0022,nzd0070-0023,nzd0070-0024,nzd0070-0025,nzd0070-0026,nzd0070-0027,nzd0070-0028,nzd0070-0029,nzd0070-0030,nzd0070-0031,nzd0070-0032,nzd0070-0033,nzd0070-0034,nzd0070-0035,nzd0070-0036
1999-08-26 22:04:44+00:00,215.60992171468186,232.93672085517892,186.30601993646675,173.48722438185087,199.80709087873072,183.604363770626,177.01508234630293,183.86456281797706,199.53962179815477,184.17256842332935,164.46666370474,192.70901136528232,160.93191824936875,161.73185059749517,164.20778038991233,164.92511914814148,163.66830378348834,171.95951382555052,145.77892258131163,149.4989338463767,189.35966605889587,185.20514982750439,164.73571524320548,182.49527171023604,173.65654440477226,180.83841414242994,168.29593721905195,168.35453196588654,169.25975592631627,188.30457516290338,160.46744353939457,158.60774756191492,173.10230069869377,185.58759827939895,187.9306823085301,166.39723121489266,184.85992682801285
1999-10-04 22:10:38+00:00,,,,,,,,,,,,,,,,,,,,168.30416030022727,182.60558080591488,190.55280587770102,171.1999077100065,176.55585399269987,178.51413622634783,179.724784945642,181.2268048610435,176.5154089891313,168.835486469819,181.44842342201375,172.37965039695987,165.4584459175228,174.53916956925977,182.24180016580183,,,
2000-03-28 22:10:31+00:00,,220.23523586218303,213.1102827847718,196.82773564788047,190.2194866230729,200.14717028054,196.70008613376345,196.8150184873904,187.9187909689453,183.95618160944943,156.99588371920308,186.22260880851704,183.7126028933257,192.2448379570668,181.34020431881586,160.4808741396745,173.7514206077451,158.93481016659197,174.65502448239675,154.20093584645593,175.45429007109428,180.86237473960833,172.3915796387352,165.61631844348244,172.45447912180083,161.4267428431556,181.07658545339902,172.3065914010021,177.67495253351544,188.74444195859107,179.47110090436607,,,178.24824450869664,171.3404217005482,169.2062526568476,180.9523085354528
2000-04-29 22:10:17+00:00,,233.77836059568386,220.590657499664,221.37812652422696,194.38328140506707,206.0928592862094,195.61168474135212,196.61280701378084,207.2857121761516,198.1231963028104,,204.2393008949105,193.94971100214707,209.18950458594733,190.567961594724,172.54687157878908,138.7712285682123,108.99446870109117,126.40985144725991,,150.54582585805153,185.648531848091,179.42524433531847,184.0195862261717,179.7690172513724,172.68153852268347,196.71797660147504,173.58237604964785,173.4739860071315,179.2585839476181,185.07081347578293,161.81512145375024,156.94969437466506,187.64732052736392,185.882528584873,182.0669364030365,187.73569227660252
2000-05-24 22:03:46+00:00,,,,,234.967482034756,222.84048476777582,199.28168333315904,201.65949192997365,200.350298643624,194.85920145470203,166.01856135593107,,,,,,,,,,,,,,,,,,,,,,,,,,
2000-05-31 22:09:54+00:00,234.55265141745684,233.34707406797293,210.8524946467888,191.68778246704917,198.83580538466742,188.85090266716165,188.89141581653624,198.21091620703172,186.44264551663554,174.25583921361928,,205.68324727131846,178.69961145296395,174.9709177481176,168.96426855558312,163.56344869234098,158.7154526419238,178.15626326456194,,,201.9393965183162,208.29942922048343,204.68121801716555,202.74894841424356,208.26278228189557,189.6794993842716,183.10278059721452,173.4423830590496,179.12714149094802,180.9870375090087,188.60025444971183,162.8298988537662,178.66377116392812,176.97124595048783,181.87270152614047,170.260534722342,174.21298444866028
2000-06-16 22:09:26+00:00,255.00163402522875,252.51499656520326,245.63615432845688,240.56683997243488,,,,,,,,,,,,,,,,,,,,,,,,,,,,,,,,181.45644826817465,
2000-07-11 22:03:17+00:00,,,,,,,,,,,,205.0479771008899,201.5128052867774,199.4282381483535,199.20157195493445,194.3892688377237,209.58711206690896,191.7684337417277,185.8596880319704,189.94136678616908,218.85844447708504,209.2078483357835,200.59426532475297,,,,,,,,,,,,,,
2000-08-12 22:02:54+00:00,,,,,,,,,,,,,,,,,169.3388696776588,187.60462035071984,170.9250929170862,193.4432367479386,192.85761252753213,200.0845239005409,207.42745077735492,207.1980541726618,225.00643586717783,202.09640567826565,,,,,,,,,,,
2000-09-13 22:02:26+00:00,,,,,,186.80908079615978,171.17618094899038,,,,,,,,,,,,,,,,,,,,,,,,,,,,,,
2000-10-15 22:01:56+00:00,,,,212.2908477764779,210.20704295753916,197.56771031720248,189.62033046034244,198.10269702192699,198.91839470483967,210.37591599103848,181.97401013650017,201.62491863803746,187.0379502511387,180.47269999599303,175.3744311974009,169.79107220195732,179.0841399641029,188.05910393218363,171.10557676646528,189.95531215681933,191.73787809754097,191.2093324211167,181.9258916466072,183.2850802905023,194.65878440549142,193.49998332730007,187.19989452948215,186.95286948993896,189.05538731830768,,,,,,,,
2000-11-23 22:08:18+00:00,234.11939771125256,222.65280506134178,206.92878587965515,191.00365329830976,197.56264048515172,180.41889487340353,170.24795361972886,170.17784714984305,180.07367895070527,182.11970982833532,155.29703270108146,170.2223043129919,163.8071345497109,164.56486802384825,164.82907744072105,166.93516396241202,161.05106113808964,160.7661548307167,150.78808777437564,167.45140270888731,161.17660686379836,178.4148603747784,176.913330343147,173.36714918092235,173.65736456700964,175.95403259788276,173.19891750321406,167.46526119264257,169.2979132526346,174.0953335537229,174.19406380659763,164.09731797374434,176.2168435931855,175.02783251284745,165.66983202889475,163.97896758379034,179.2107452218083
2001-03-08 22:02:09+00:00,222.81834582209487,229.01926749824082,221.6910284908904,204.31001605013893,215.3629842410597,194.51485194997966,191.25325044792987,195.68248583317882,200.46747305997076,207.66841537590489,,208.31560892000329,180.83243125108586,174.5562660553549,170.44325148393173,163.36168213859372,168.70754369587632,179.91024681277926,167.8155387162143,193.04729995761994,191.90397796617162,192.2675820872502,198.6817061685234,197.5869773579401,190.28545992598453,194.24500414930083,194.3524540300356,178.81474755772808,182.30557633241503,182.03663295753915,185.44391923880735,166.21273660354598,186.89284617824995,186.82100686435422,192.20014744638698,188.86231051314064,183.39517078357153
2001-03-24 22:01:59+00:00,243.40028428702144,241.1140150987847,234.59590738719496,224.88578315586827,231.37287845531733,212.35888284181385,208.3095877698357,212.51056466361797,223.2035396889935,236.1701701554447,207.65043664753958,223.39416404818456,198.71442920452552,185.44387914891666,179.0609669785538,176.7100249159712,184.18835692766112,195.6444920420561,194.4983878884367,224.939511502323,211.81255702657023,211.27471390848578,209.59431375762233,211.2523505997147,199.11859104082825,220.49038714179673,210.59297868354403,186.47016972287332,196.74575679619818,203.70918577191358,,,,,,,
2001-05-18 22:07:26+00:00,,,231.46164163078373,231.8291191435704,226.89247922542793,220.95831762311025,213.97977482773067,213.01015793076937,213.03035329421974,211.7271565348389,200.38967163171023,200.4084398606165,202.676588886202,206.6022738878881,221.4422218465367,220.12830194705853,221.58359355043518,214.7432027087233,220.87692286963394,200.75711217994893,214.7530550530428,207.3383007980417,208.42810664298744,215.50833487438703,224.5409844833765,223.4342187199565,212.83767893640385,208.46811915596902,204.441363598554,205.62705535578445,202.26149445928226,203.50556020079105,212.14167593135767,212.34219913646064,206.3101835921357,195.6425200237893,186.70386806857002
2001-06-03 22:07:40+00:00,230.94072076391728,227.3343765502021,223.74959679652073,217.41480020040598,219.55404783809945,206.0389023330498,200.67006322350386,205.4803680198541,199.27054530902882,203.18681258067056,200.476941826827,205.3362990889877,198.78404443710005,187.5119148163056,187.48062551254637,189.115543780247,196.99238272449261,193.11268742595013,207.01804959405106,218.78410465050376,208.3450917812204,216.364236398363,212.32154018347012,215.78902207449408,217.0151204343211,215.0846122240629,212.38035028614303,198.9592573184059,194.64313159585396,198.85936856999436,192.53269237605264,193.00199694179582,192.38343750473297,196.92510977166586,198.56910270861198,192.418900071559,184.89914883635745
2001-06-28 22:01:09+00:00,,,,,,,50.628770018920434,57.37630399957129,76.14212983344831,44.844043774782136,,,,,,,,,,,,,,,,,,,,,,,,,,,
2001-08-06 22:07:01+00:00,234.0760287898433,238.27511238712648,221.90357428427384,227.72643269092174,218.40321610233167,203.83660232186259,190.41764263980522,196.76807598391332,192.662588821248,199.01713681789053,206.9410922882988,200.81504745304298,180.80678517740236,181.99518076750667,179.09436477463544,173.86102696857157,187.20864409367374,195.61763285320933,191.1317564715686,203.12640910897454,206.7664672860524,214.23855166844032,207.77384186611707,199.5671607938868,212.31354492840816,200.5910917892419,197.4199569462171,193.51134187366836,194.14277125181871,203.35745839896893,186.48765845053114,201.26810626043812,195.04977170993828,186.5019657075451,188.44083389081112,180.92083563183485,184.58139153100453
2001-08-15 22:00:38+00:00,,,,,,,,,,,,,,,,101.48049763330062,139.47174894552487,,,,,,,,,,,,,,,,,,,,
2001-10-02 22:00:04+00:00,246.5597510284992,246.3768057635707,219.39979291344267,205.23011684064755,213.64436838837844,200.6556092400286,190.58387208391306,190.11958751815115,211.33643804933638,197.51075065247264,,209.74880116227047,195.7926677217202,188.68983647428482,188.3086484288845,181.83290490210143,190.58708310015976,198.28245293409702,180.89757842116396,193.24081491225203,205.25099022706794,203.50933455815567,213.10496905145223,206.22385742697654,206.27970674554362,199.27608209910346,191.5260327348907,183.9237385621667,181.12315200521272,182.8123047602798,149.78304733314508,196.45287933764078,205.98264184660408,202.94272313293632,204.48709360179015,203.29446378397205,202.0914874260372
2001-12-05 22:00:18+00:00,225.58336833069467,229.07413067073503,210.14413750395357,220.56256729871214,220.5785388110688,223.9858393711843,,222.2302684079996,212.67904599938333,196.9020312712693,121.74480827444535,188.7379753452776,193.762909764032,201.34731465713716,186.99396096983176,194.25000144697464,205.23338978900105,206.9670860081935,,,210.5888150547939,216.86089270213128,210.2173606873482,202.63032670799504,219.79982630125664,216.0379765886365,206.35360132103682,185.86805163400294,181.73311364737322,,,196.3670240687063,193.9622465229584,180.36207241004223,174.03390565501277,167.8353003103694,169.14993535153116
2001-12-12 22:06:14+00:00,224.53723861466923,223.35149072347255,202.1902870193675,189.55727150777335,190.5856324641195,188.59416610096415,185.47536968113965,195.25606483428615,199.54056294209443,183.49251750203507,146.18154925785,170.3033154610385,172.46397225083027,173.16732897501953,170.56828075027195,161.000886972243,167.36180512794064,165.2919943614673,161.75587671635495,172.3033225705084,184.71606546765506,181.30874536123187,189.74844133094203,184.41724255081283,174.9083190197394,180.44196654543492,178.5918159339559,170.70651054051214,173.09133667368047,169.06219782716002,173.51494260388017,184.25804519436744,179.03607165285766,175.39744954668726,166.58391962123045,160.1362020602534,175.88600204796006
2002-02-14 22:06:29+00:00,254.7395599629882,235.9062701314623,240.15021732928795,229.45994608989716,244.0350802007192,218.2526350348279,222.95741839694307,230.64274871179205,223.7313987070639,225.73931003344373,205.59562243176015,215.64163754410697,195.1711713248756,190.8058058227453,188.14215063439596,184.6042508484197,189.52509899292664,202.63283954463807,214.68429130333584,238.02301325975125,232.48714231546268,212.38899203053646,219.7193383092532,230.64125717772006,236.8774030033005,251.9504606850533,226.30001656212582,217.7874578797924,227.42997477402506,,,236.0649639110001,218.25499244489123,198.5329975165265,196.46944344061433,190.25265267947842,196.5500618018672
2002-02-23 22:00:43+00:00,240.2190142410644,234.69610653549188,226.6779215150302,212.58341502627687,223.56499179776642,227.92948486454756,237.52742889981664,232.5082386916304,222.97777884561305,210.67286200675915,196.4100091101544,198.10453777931184,200.89001668854877,195.41061297588706,185.66347749571196,192.2137786485693,195.02195831763277,185.86748359118252,196.3127367220069,215.2560437757012,218.7831015449292,209.2819646759639,202.50870174808475,216.749180085488,229.3410942153384,232.24490615290253,211.4519172245043,189.23881198522392,200.52217147692198,200.78016089676493,216.97054987612063,205.3328660537975,185.26544235056048,187.3424622364023,180.5970173629093,171.07267244839946,183.52724538825188
2002-03-18 22:06:22+00:00,254.4760790718124,243.98555288675666,246.25257362358707,247.9884500190938,242.24551151593886,227.59676778823518,221.92173385643318,220.12010968580398,219.73748131996408,203.66523280992783,199.15176267835454,209.9794683571758,195.25203905099855,203.05770377427098,199.3140746604989,186.2105847999748,187.57686455049688,188.89727900062397,199.428421591846,212.36937635837208,212.27798930037443,210.45499528392415,222.5339465964477,227.6457867076124,229.7358375492508,236.27758973185504,230.79902031180288,222.93880563037638,231.01273257355408,219.43745865966227,234.01683381221943,234.1970487500385,201.37184222362237,192.08935672233378,179.20536689143344,181.38590861006065,185.20209711243666
2002-04-12 22:00:37+00:00,272.0525209002068,243.8238484113018,236.3747883323519,223.56641738416968,234.14988693828727,216.00763909597973,205.03791443115946,213.0545418049961,237.09448339001514,214.0299561324473,213.2768499091117,211.38776608621492,184.3533253054096,184.93089193939824,194.94880889015872,186.8511843412934,193.42569500755476,189.12617511860864,214.5990254601507,216.68025494131837,228.18204248903172,224.85307089397787,250.35975127028777,243.840031666446,235.25927666286785,243.5660511335724,230.07424078224943,207.05912893755365,228.33263743323704,223.5229640326334,214.99422921142067,250.7569688027262,218.80640876054613,207.78705901994724,198.848469485381,191.044298242073,192.64395708519604
2002-05-21 22:06:17+00:00,,,,,,,219.2988582483754,198.69430357531326,182.25648907563743,184.6512944390664,179.65878378869755,178.2927579364296,181.0606480539847,195.39754659016342,195.51030130499703,204.54816713725282,199.01057034159106,188.05782739763058,202.19183082701133,184.0612552097146,191.2386937454073,189.57674088581257,191.52427981846503,193.914644929408,203.6294878721661,203.2074691971389,218.87111880562088,,203.80749427951122,204.96441155803294,204.64107581139413,200.45907243772447,217.82941208529684,,217.0602408319393,190.5401589688789,168.54919812911567
2002-07-17 22:00:08+00:00,188.8764835536403,191.29279637577497,195.0870318720008,197.15777060954747,187.51979513038242,170.30238504680196,185.9847832770133,152.1108479392572,180.62450678325285,176.7631699256441,,,,139.04632525013355,147.6559123220146,134.31102656039818,,,,120.40182017622325,,,,,,,,,,,,,,,,,
2002-10-28 22:05:22+00:00,214.23713827218555,202.7735345490488,201.88804026590137,211.1355402008256,200.65743076579662,205.90406071357972,198.16164909908494,188.76414961783212,184.32457265868305,,,56.390742672750406,101.35665610802143,,,,,133.40462741321315,133.7450567122933,159.5110926995689,,,187.33300163839127,187.0580828997869,185.51912091349723,183.23382571155247,180.4190548367112,183.6907686173233,173.68725868702833,170.24434267809968,155.35454713607464,159.95172685544,171.24069192010475,168.98120579949958,164.5121406554567,159.12552569225662,164.30010951483274
2002-11-06 21:59:41+00:00,,,,,,,,,,,,178.19475039645755,172.60667001940183,164.08785507386816,167.66434684102674,162.96833180212747,165.42681287704153,160.15372361118315,122.57933534755664,,,167.2116542745991,184.3662765320154,233.262928955428,170.28532880499486,175.28359473860974,176.7158369690044,173.43792179843908,179.74661351316738,167.54836767398194,125.95762602279375,170.54928083040818,181.98922596368556,169.20141163614102,176.55121402341894,174.8230838940703,181.01786749371936
2002-12-08 22:00:03+00:00,231.02434935015705,213.23404380115247,199.31632878419734,200.84248286266566,199.80325679461424,191.64941748873468,179.09979023899703,174.92396391583642,180.0425857160605,174.8510002483423,195.35794587375528,183.06642160850348,190.1434106145852,187.37871263513193,176.84567092441907,171.1536093931403,170.17077540951925,169.38592148620788,175.57569962855334,176.87127159557156,180.55211806783765,179.34002160042567,173.49089655736915,181.7673120702428,189.07614625436656,175.5546792111216,177.71755626699195,178.85015681150438,182.40350876548536,189.06062759812082,170.1302397321717,186.6096663921559,179.08451173439846,184.878639141557,181.10162969853803,167.91020036101716,182.2695859751049
2003-01-16 22:06:26+00:00,231.6546997248676,217.00222321010278,214.5421364327401,223.79083801200736,217.2820844595647,203.0592117162167,201.3637996512838,205.2644240276669,227.42295671371,218.9059191426734,236.49848701994205,221.5455921842548,192.53434847380666,180.37415279135348,167.4631062143359,168.7481738131504,175.11300674734062,185.13520967191985,197.93994871726204,205.10666523101867,197.34864430120334,196.07802357491303,195.1376886749984,207.7511074141814,208.60724898342383,200.68926218934683,213.1140072270692,214.13231421053703,221.9425087968268,205.9221476703319,177.8183925948008,225.0335514223059,209.0676881586474,192.38293093132052,189.0041624319429,184.21942737785326,185.60271515417142
2003-02-10 22:00:29+00:00,219.8195896267438,218.88655079771837,216.42025727993376,219.7377421278109,213.34780854382777,202.4705882894633,197.1395272654744,204.77092947176632,214.28956635469,208.55995333575413,210.063430645682,214.652914812266,223.96899860349998,208.56436480918384,177.0013479650651,176.7385638746132,182.01377181719118,176.6759236920555,182.18291717449307,178.39980381580403,195.40395116662663,194.1396726703061,181.41035453279687,174.9689927494102,188.0883398249792,194.7219871612972,209.5335240628005,213.48344764016622,215.89719845700643,202.75208470404897,188.4797981271409,192.4033267527312,193.56727982193576,190.08199123669667,178.24818886570648,170.13651805221622,175.37340633215348
2003-04-22 22:06:43+00:00,189.05698215022795,191.38442535308903,202.09064241174377,204.3560161096005,209.09757462145123,180.4855983432078,,136.52617017386203,165.6959033153341,,,189.3729429309842,167.9558585473716,161.34264391860236,162.8917752508998,165.75224387432525,193.7117146121655,197.2264536739264,159.72525048020964,137.13768784916556,156.48686633924305,155.9896641002824,160.4571967636704,151.90968731193243,175.84375971500128,150.46588132647207,155.0254249916655,151.3541325625591,145.65214015149817,157.53955179109352,,,175.00509390215475,177.1682751865717,171.0599564770842,173.91104981401244,163.9670115791954
2003-05-24 22:06:17+00:00,196.1107546707517,220.95853027972538,,,,207.68285838587198,183.64744731268576,207.6936505031315,186.6606306949664,190.00112855857128,186.4211993070152,211.2413132525167,189.59618845496738,185.7900122808082,168.544186087252,184.92340923603993,169.85413399802528,138.6316102312985,,,,,,50.37592150519369,,,,,212.01224425994607,203.65648270263145,189.76185584116755,170.1308932023452,212.30489589052257,218.7427200849502,224.5101821513143,210.9182047350845,213.7220541002915
2003-07-28 21:48:28+00:00,226.28428429543703,228.9925922825487,214.71285516519987,205.68498828901332,216.7665329023927,204.01825798353647,178.3171756806638,181.49097664442326,189.07538177329513,178.104356384118,183.27007257085194,219.35968231117516,182.78267968135265,180.84493094722617,178.72259789602606,176.35259640960743,178.55875609308967,178.25104889311694,165.1694309570858,166.77266865206508,178.57350211227907,187.6782789968987,195.44682453283008,174.65638323047256,174.99699682759513,189.18330932329206,194.40521940431722,183.97654738743333,192.85655308755528,199.15663927630698,183.7741691052205,170.51698298881212,193.96423741599344,195.99516815322283,195.10015847780994,180.24542347906825,186.61090713266702
2003-08-13 21:48:45+00:00,249.4076719568601,246.07751390100879,244.4163445380362,243.74033834904137,234.9427558032098,214.98840894679148,204.91158704472625,210.60249902290312,219.997569594231,215.0238322144157,213.82451068779227,224.9724115100134,,,,,,,,,,,,,,223.04196030825557,218.51087596072406,204.50821931246014,214.74883075248727,219.15769861553864,211.7507264607638,200.957058971707,212.24405576263305,212.15072577099622,218.19229384367094,218.1145308862882,215.21276656516744
2003-08-29 21:49:02+00:00,,,,,,,153.7250598390794,155.56484037041238,176.7292582653646,140.2677283016584,,,,,,,,,,192.2534065772776,212.96897129689856,221.8930289419438,230.0595368853505,195.19095232589035,210.31524868824073,212.32441252864058,210.80461392503065,191.58317017274956,197.89549973586128,204.02743892292267,197.2114402124842,195.39101206152674,210.00905323716893,207.65892241575457,210.4455966098619,210.9410635711531,210.44012446789958
2003-11-09 22:00:18+00:00,219.55289727384712,223.09466804545093,201.46799597781586,195.75505099839555,199.11924213602066,188.78024699470535,174.5222997724752,,,,,,,,,168.9671848325504,175.12131852773675,175.04012238295206,,,,,,,,,,,,,,,,,182.31125391036286,185.72640438239617,193.59445272137265
2004-02-05 21:50:41+00:00,221.44251326861814,208.29205552930773,204.0064555538455,209.9984497702825,208.18082065711587,189.24542042655946,174.05858029543145,183.59212412730835,186.5414436509079,,200.19588869459093,182.88172311757947,181.02721285829801,180.46579130496127,177.55371598719455,170.46325554836517,173.6519166993831,177.05072973494114,172.10266892320152,174.7154261776241,184.76115260524998,187.62851413528887,198.69522462994925,177.56230450656338,184.4291535528026,188.18677266493418,179.05728555015688,178.05900003329134,194.6338233613018,195.1705696612779,167.90983315428053,200.9654193975982,190.0352422018887,182.87716376842133,180.01282945958286,184.89968468786822,197.12221160149429
2004-03-23 22:07:16+00:00,,207.94991817583278,182.13265199552353,188.46050546469598,187.67938152156088,174.35312011911475,157.6366146066377,146.08539982045139,131.08676108801288,,,162.42079796125452,156.34493563527445,145.16332587770657,,,,,,,143.76709156042764,157.8387781158568,146.68881195918632,,130.2849007261178,150.929996760535,149.2108309703314,145.86588276400934,145.4870981618488,160.00328973333296,123.27007346829873,,,,,,
2004-04-08 22:07:13+00:00,203.68574609976218,204.53368487983062,192.73487831512918,,,,,,158.19729232907244,126.190329127133,,168.87833696602644,160.18480131250865,149.5132050302608,154.9341718203545,156.47907198944537,166.0077541591281,177.3317919170746,152.72392088997537,165.53033319427504,173.97362769454713,169.76357612505058,,,,,164.42524782638804,126.86992395823592,167.0538016210781,173.73819522291436,,,172.5120163902494,180.84275579431903,181.983105246798,182.96338222903006,186.64767336706
2004-04-17 22:00:57+00:00,,,,,,,,208.5310140947569,,,,,,191.46190516902146,187.6909429321392,188.10521619829083,187.10310913039743,,,,,,,,,,,170.46976804895684,183.76552632867305,193.71175653968785,194.61056001120212,206.82651418953938,216.4006768612771,192.38704388037115,193.6517011541272,192.26514560841738,
2004-05-03 22:00:59+00:00,211.806312326085,213.5122292287628,189.38378473955638,190.25757830942214,205.30316669706693,195.09733535016974,,,,,,,,,,,,,,,,,,,,,,,,,,,,188.8732210354803,183.3397572933415,186.60785151982873,192.84213238722526
2004-05-18 21:58:38+00:00,231.08599560247228,221.9630685040728,224.86245811724115,226.1929624753684,223.90980482906878,210.91566880734496,205.52484011786044,207.42016182529187,207.81723684850783,204.59149935961028,207.1332295550727,205.4365595919405,,,,,,,,,,,,,,198.2663437824135,193.2886968613692,192.20825593000433,198.7773210147845,198.0061282519178,186.7404429369526,208.08767352357802,216.65022412244292,209.2515578051055,207.86606670582694,207.60582126650428,
2004-06-03 21:58:42+00:00,,,,,,,,,,,,,,,,,,,,,,,,,,,,,,,,,,,,,
2004-06-12 21:53:11+00:00,,,,,,226.40584076199607,225.71646279973214,223.54530748191388,216.32796490526758,217.47384900626707,203.77809377666352,200.79730774524697,187.34647507400535,178.170650102692,173.85003312300225,181.00289291764815,202.89907667843727,195.13254852436296,198.40072987481702,192.0023279911613,214.31602803036023,213.62162668491422,205.8467427722124,219.46137907624544,,,,,,,,,,,,,
2004-07-06 22:00:48+00:00,,,,,,,,,,,,,,,,,,,,,,,,,,,,,,,,,,,,,
2004-07-13 22:06:34+00:00,,,226.50865798935567,220.6380321383272,209.891422225656,196.45776918261527,190.96412678355136,196.97103793571011,209.54983926209184,214.48609199917348,205.2134507235446,200.806993402996,190.7701979205632,179.62703576300066,177.17337341525197,,,,,,,,,,,211.83107221657508,214.7905677656552,216.3390641263981,207.84122318813527,210.66943836845266,198.60619359002234,184.3968013268116,188.7108111202651,188.33102158734394,,,
2004-07-29 22:06:51+00:00,,,,186.21289970684302,185.50546694986727,177.37010952276083,171.57316167634445,170.26540692207703,202.34768068148904,183.18093938588535,180.13237513961857,165.1735962323142,161.9842919029207,157.06816801056976,156.26724425093718,154.8773569438932,158.35964755951983,,,,,171.88704410287403,166.06366657501763,154.03368606033277,160.75565059820866,165.44640121305616,167.12083582796376,174.12551417788603,175.22720661209752,185.95712427718507,171.8498968358343,152.68376673877805,169.31793681423667,172.4366054807141,157.32421451570417,,
2004-09-16 21:55:41+00:00,225.61047509366765,222.71246972780432,199.1060968421238,201.89763963550953,213.78315924272843,191.02889052707394,182.1914165279498,188.1470057907162,200.79392511300864,187.57470926096076,209.97179107748985,204.24121900287423,183.253945520957,178.8011602513588,173.70799248701303,167.00593072512936,158.6121335530147,165.50244771189827,128.69585435403056,183.22831266386115,177.1952542813535,183.1323038347553,203.5791445388631,192.9983701130117,191.9472353743729,215.6498089438874,189.3240838893394,191.33350160306003,199.82907932667405,207.88466448232995,174.88739219956867,175.3078970923584,185.29482291510084,192.24830088755957,185.07180954115267,185.76871128929227,189.4429181066963
2004-11-03 21:56:42+00:00,,,,,,,,,,227.3534487447569,214.95527276391303,210.00069953483467,209.4072874146437,202.4354088922388,204.6556953203064,218.59395349892367,239.89247532802912,,221.67817941560423,205.6696865395288,207.43722660950712,207.7785721585656,209.465730635189,212.5965728036604,215.3700795240515,207.9168179618406,220.49484411933287,,,227.99702340000033,226.13504242163665,189.1779256808863,203.9589207602581,196.54039575934453,190.86386606283432,194.70396131358643,196.48933325955213
2004-11-19 21:56:55+00:00,198.22206473209445,204.8707213713539,193.5467982284389,191.93685606896418,184.7487590578977,182.26285115773504,,151.76256595961434,174.4965354880233,,131.878162509035,,137.15673166168528,152.90946602331857,163.91239845261322,151.78643633782588,170.63097969626665,141.60037474573153,,124.58245154902957,132.87945856624594,160.2263625426903,136.48090496454972,129.66938664785653,147.63416902038568,172.07056655960028,163.24213758608215,153.83511138453122,167.94235492314544,173.6856531574396,144.59223130525828,94.05576366143774,135.37068278591653,162.926515131445,144.8223100042436,150.8161459606921,154.7781682444691
2005-01-13 22:04:05+00:00,265.5370152478988,245.70851067397865,233.16397261546405,229.39011367992558,216.7759614158463,211.96995812416338,217.05529497780213,220.9353287072005,213.2946200106489,196.86033093801672,209.9420537734988,204.17318957764596,189.72548528619978,200.14678687561715,208.21416519101362,203.33415393932182,204.75729997385605,209.6296602144307,202.99797857012183,207.69503493481514,203.06286681066075,194.4248868889663,199.7828854703804,211.7483109779724,225.02576788945592,225.9319943756608,227.77802517337022,223.1144499019603,222.69731094909767,222.675159527341,222.36337847063177,223.1678573270679,228.71230190380783,215.30419676641685,218.77607867044446,203.53008173952736,185.5617021117671
2005-01-14 22:01:13+00:00,,,,,,205.2966491069694,201.62471928017027,200.88355555482562,200.1476815299571,171.30378570492573,174.15044567009238,157.99906555894762,163.42382292805462,178.17382545392564,188.92593842049305,,,,,,,,,188.71686158620832,200.1557422547005,211.6395221018216,215.52872727750258,208.6433690636012,207.3370573382205,202.7980054302729,205.17973591732317,193.4412628693902,201.0649973035299,199.0336132767148,,,
2005-02-15 22:01:25+00:00,205.0432017853367,196.82860143758407,178.0980629180844,166.27001651196696,155.6198078674709,,,,,,,,,139.69849912804284,150.76317386781753,146.16022009243716,133.74484312169167,125.95177400225849,118.5406227208243,132.45090707638008,124.2668242581772,132.44058788420108,131.0661019057225,,,,,,,,,,142.0069997951716,157.0307177178713,144.46380250431554,138.37078464367477,140.8545237664986
2005-02-22 22:07:14+00:00,253.54591420924453,240.15595542987236,217.72427041709435,202.01569186508436,210.5703612325383,185.82093460029745,186.24453518385806,208.27573798906218,213.89671190158572,163.57212386875938,190.03867625903166,182.25845005772106,171.15703029511087,,,,,178.44043307786393,160.87735017209758,194.2176224614046,180.29677551667237,184.10384283721265,188.83660418751654,171.23430737071354,195.6418846956061,213.88976483366775,206.62010649154143,195.94380727549702,202.98148093899272,200.17037591274138,,,,,,,
2005-03-03 22:01:30+00:00,,,,,,,,,,74.15314242696692,146.9881429851496,130.2640841711705,148.52873178459805,161.10972828874065,172.61976707446348,179.96747798091428,175.6503272148528,160.01892729791382,156.65487667140144,163.2164740494796,169.27258147383384,,,,,,,,,184.46530872717082,176.07622799693866,164.47813528454927,179.2074077113258,179.17455161449345,177.0235022581631,164.2431510459179,166.3889820257897
2005-03-11 21:58:44+00:00,,236.6103224433928,209.32639528562393,207.67090150944546,213.03160040153224,187.6245018899291,168.72869404399535,174.99201474182595,209.42191484899297,,,192.23943921380663,175.10028235752054,166.54443937352752,175.53934649893367,174.00869663351864,171.00632794760799,168.383290407999,148.31258088950725,195.26378917778024,172.57852143234732,150.17991412193817,159.122251844143,175.96180934012656,198.42063708085135,217.9086473462386,207.80571384966603,186.05029907912493,208.94078814325383,207.38107067452572,,163.68320649269043,186.18525447094703,191.92429326183802,188.0806929654303,179.03966200957703,176.75523390443544
2005-03-18 22:04:34+00:00,228.1168361681952,219.74212351630499,219.41700446719665,210.1085932223497,206.9070181623248,204.45076206433168,212.55918285652854,218.01646346336008,208.69757289504727,193.07694479261244,176.3024736191605,167.7366372929088,174.3458607560845,176.48293195691048,185.14441059666953,190.86024272383196,194.0878610301619,184.7302682456132,190.38821138898135,187.4706918598909,200.91428386568404,206.0428211430719,197.95689168593705,197.4400365972269,194.5472188584148,190.9305050411301,203.33218793360288,216.20607016291635,214.4767915072416,197.22633551683447,189.3316811902103,178.9694689246696,,,,,
2005-04-03 22:04:40+00:00,,220.7484072856401,203.86132170271776,192.95795053962192,179.79008107151418,184.5603056601567,206.3639771826391,211.1306382504283,196.23410811151788,,168.73268209655905,156.9087748761745,166.5130144294938,172.55429734744786,188.50760553105897,177.630504707808,194.9889876626363,176.16540024485158,181.61204020736065,174.2229583519141,174.8171104585693,180.07983124527328,173.41495659957536,179.8633466558604,184.0980234478945,186.8746342861652,205.94076757331027,210.1473136437311,201.9378939606548,196.4366618524863,188.4328472838828,176.9528131940594,196.93199418775825,181.66492715657105,167.990666986432,152.41344072501238,160.87418045299503
2005-04-20 22:01:20+00:00,,,,,,,,,,,,,,,,,,,,,,,,,,,,,,,,,,,,,
2005-05-06 22:01:25+00:00,242.17953826667815,234.99814020814443,209.9832699522337,191.9196034332707,,,,,,,,,159.0644503153935,165.8473212048437,165.59953238257918,159.49518242428218,157.18651836380045,161.05004042619095,142.75512428679218,180.01541186263643,169.80086247691935,,,,,,,,,,176.00263612719021,166.20188186518968,192.5253657295763,189.8619985384319,173.64845116425508,168.99548801684307,159.87412790052707
2005-06-06 22:05:05+00:00,252.6670415637357,236.5160451108863,214.48748065274623,205.94986308849178,218.16659300046246,188.5979917629067,185.9732673596646,209.6281820804042,207.49153431234598,188.0253933797529,171.2217611494287,202.96647973800248,180.73851594057658,179.8572207971476,173.65290056188414,171.07548610702918,170.059004018209,175.3631674406953,157.71282763548976,182.36245755114908,190.7445961559829,203.82358131524109,214.4965641628311,200.72128725476642,204.74598181138492,220.56193104451177,215.52825078586395,200.97887933237217,199.91651551128808,202.54093611777213,200.45058721760248,196.23121719223283,210.50792957651748,199.6571658445656,190.1444948979879,185.90138007708865,
2005-07-16 22:07:01+00:00,,,205.14303523632813,190.55052729884247,,,,,,,,,101.83553749623879,,120.69648548313958,114.02712649634825,71.91999775876056,,,,,,,,,,,,,,,,,149.36066978139868,133.19173232230128,,
2005-08-25 22:06:05+00:00,,,,,216.23989948430705,200.52177120475204,185.8726753459425,173.0801763257534,179.33775499684532,177.2600229492757,166.2596453148637,170.74631617376085,176.0077991774376,170.2941689566995,166.39755033531063,170.59869080120626,169.9704883176553,168.6596503153777,185.26292264992625,190.8842895532377,203.958627484221,206.77720090530784,200.0744116820445,199.45684308203,194.9350001392686,180.5267476216777,182.982092560212,174.58285846816418,171.4440651371481,166.77526859439615,168.28740517830454,159.42955965553392,159.3559727518657,174.62054723811426,174.2330274215893,163.2520491120456,174.35778009776
2005-09-02 22:06:46+00:00,,,,195.3080931927827,206.661560246575,176.52527595091527,178.9404348365202,184.87892656127636,178.61352306376003,165.93300667803254,155.54932566816979,180.1557634550043,178.39971283045458,171.96433961452854,173.26629753016022,148.6036623402484,,,,,175.37257725854278,178.91235879018166,186.38427975766956,182.89410173686483,191.82087328497352,201.96061633237858,191.97499523260424,176.52382264391414,176.79032855774696,182.77325674435914,164.48720192948346,168.90162854011686,184.35551239599266,185.66056024727675,,,
2005-09-03 21:59:56+00:00,240.75012934687737,233.62298317809189,225.28820048511122,209.78003989227602,220.6595985567022,190.46533307084877,190.04194178102588,203.43808297087386,186.90342772192133,181.2928985673105,156.27379340369487,190.28120038816868,177.1820650302994,170.98311140984327,167.20458311552704,160.6095803817803,158.33398472502407,165.7335992825413,151.66484754408603,182.9712124408857,200.77290628494364,202.27890509042405,214.85860849773644,180.08938891154418,204.89798899406097,221.25993832920932,217.4296263464535,187.31917955559263,191.83223135600798,194.06153135035058,179.88369219058114,177.9972256510262,205.54334107129134,196.95361099215862,187.97109386062866,186.61296588455303,184.02301516769802
2005-09-11 22:00:53+00:00,,,,,,,,,,,,,,,184.0217840170059,187.59249375037987,176.00275345666824,,,,,,,,,,,,,,,,,,,,
2005-11-14 22:01:17+00:00,,,,,,,190.32477195967914,197.27878598524646,187.75515452014994,178.96591570125454,176.82677619342746,188.263671922304,175.4961111720112,173.4505605596312,172.12517582833846,174.1238606206086,,,,,,,,,190.09735325282128,200.9895441448374,188.7445204126457,184.14545796565704,195.81769133000935,200.6683606858892,188.8999199033152,192.3907802337555,196.67122698053868,186.75963868789023,185.3064760565764,,
2005-11-21 22:07:31+00:00,,,,,,,,,179.6537914140061,152.48351622631824,152.46202327249816,147.237891013734,155.0361723383561,161.70428932043282,167.2696628764214,171.92621809868407,176.645547035089,176.3196850941872,178.70069337116243,170.5921688199898,164.28542924863382,,,,,,181.2354182462524,174.85838190878417,178.61957747886945,191.5218359550375,172.00716609821987,169.22467543284472,169.7884464595438,172.63422197603583,166.12319192430766,161.09743692435907,174.30163016065518
2005-11-22 22:00:23+00:00,225.8658376078965,224.73353083280077,223.09648936002927,218.60741879948694,210.35807271111932,204.85449783008067,199.172874057604,193.80415456604476,196.60049505633697,187.9532739998733,180.9203694180976,173.1431416760933,177.03055128494137,177.45448669881605,182.7143546714226,183.620127185282,189.65120794705715,191.3258345418285,193.35301835179385,177.7725316314377,173.38228081920164,183.06659799650865,184.21685483384616,178.0990478904477,176.82069391369785,187.3067764145444,185.46612590104726,188.4767984580173,192.07198960938354,195.02301743480567,195.59844768162728,182.4735419773239,175.8375989505904,177.0585973666123,164.62463591404057,162.16898684414485,175.5252214738591
2005-11-30 22:01:24+00:00,224.10341196605557,232.50099238663483,,,,,,,,171.1450106191904,171.8428106347743,181.8060152779883,169.04121284245878,168.81157449880146,170.51837092139118,174.29095022223385,180.36625681634595,186.06545196184334,173.1429813878173,,,,,,,,,,188.80729309851796,200.0522062938377,179.82679343003355,187.33886104427063,188.14768980522987,179.5935648210005,183.6944932757882,177.86558234129927,184.22022924606313
2005-12-16 22:01:26+00:00,,,,,,,194.588398560298,199.42505756851202,193.86894178760346,187.22257108557022,188.97087279238772,196.4466703369238,184.37664601255702,179.30605270164574,181.14481870026373,177.78430673972753,,,,,,,,,197.9605601927971,208.62478322145134,205.51339302289526,200.7332502427893,205.58304403651238,209.5596570316942,203.87304801028472,213.81088459716028,217.38327237759458,200.8246361467153,191.75021461466122,,
2006-01-08 22:07:25+00:00,,,,,,,,,,,,,,,,,,,,,,,,,,,,,,211.37799282432752,215.83565577853864,,,,,,
2006-02-18 22:01:53+00:00,,,,,,,,,,176.32105905730387,171.20543784074266,159.4102550912925,157.61477517793412,168.24088540616023,180.74950245315134,190.03873150407358,206.30886434026414,205.34376030741063,192.87402726332235,,,,,,,,,204.05966797687657,191.7152789023794,184.36908331015613,166.20878443025174,160.7681208736609,174.0051663870993,183.68864581745038,182.1114875691936,172.8801958266546,169.50161052439458
2006-04-06 22:09:08+00:00,,,,,,,,217.33822275929452,205.67031954287,,187.6421076691436,163.03137497112783,153.94613172139105,158.7647441311134,167.74812474072147,193.54325227284224,220.47241324326782,214.7323435096609,207.20297084905275,175.20728447264983,186.78769349873096,197.28745495055924,192.1744156796744,193.26468858630773,197.0950159320556,200.6290196577583,204.98734804810258,214.31357617033512,204.68033534309856,201.53757943929878,,161.8999500282048,162.0132279384361,172.2951530818915,180.26929310345722,188.0590861666039,186.4029280489361
2006-04-15 22:03:30+00:00,220.77071774146435,219.11531154646502,198.76374330668125,192.11618428021362,206.41516239011693,189.17242550942146,176.3290720854834,196.1732120855418,172.96889891440415,143.72874895759043,158.66853316220912,176.2988296747128,163.3018599098145,161.31952659547073,,,,,,,,178.5798205097993,188.98532288245164,179.2866505854779,181.25836247907773,203.405314736163,198.2237063410089,183.94871870459164,180.73585291116,186.2529214005354,127.18726052090611,153.10061819624022,176.97827971440483,173.58143797483694,174.26393926879152,161.21792647291574,176.3762785685447
2006-04-30 22:07:38+00:00,,,,,,,203.4274965790378,210.69608551293294,,,,,,,,,,,,,,,,129.00441828067414,162.3049488221802,142.0658735525261,,,,,,,,,,,
2006-06-01 22:08:02+00:00,224.62733949023038,215.33437142862303,211.74968963753096,209.26474832214626,,,,,188.61211189994847,188.20508609415992,,193.26274832894904,191.49693153083672,170.1867444272337,156.7606805457949,159.42529157480215,174.60684853304159,199.2755323010677,197.22469022378033,197.2921304141904,187.69953839012567,195.40240209069623,,,,,187.4096881676467,175.27966681437942,173.3181106246805,173.92882823005482,,164.52910119412024,162.9766211549697,162.96792772586483,165.34240830285756,,
2006-06-10 22:01:49+00:00,,,,,,,,168.2923960876459,192.43177153191428,156.82080976075218,137.6834456731641,173.08893492993175,171.011157094792,172.84141707353373,168.1455592754959,161.44734588454534,171.1397010715084,,,,,,,,,,179.82832767310333,165.5580219037587,178.85544818020014,181.23239415176138,148.9693811459347,151.90920554985655,167.05752472787051,169.18330773936307,168.29486037140293,147.6056027292405,
2006-06-26 22:01:44+00:00,,,,206.85094170079174,199.44641463653414,185.1986577048491,176.8631893992915,186.34781231293277,199.73644834408344,188.92752539138297,,195.83953497882538,173.38282738210594,,,,,,,,,,,,,,,,,,,,,,,,
2006-07-04 22:04:41+00:00,204.7273626838633,207.996248061391,182.79558147902273,172.00539340724586,155.8136740671598,165.13794147365343,164.75960294217225,150.14771750251737,160.4133637614612,146.32359594298228,142.53394991003654,142.0835488403563,156.66277427270086,164.70209801080026,160.91980421737242,149.3875756606951,149.69158690720167,140.17063708767785,152.4756356940774,153.81377846497887,164.71293562450563,160.71422359430503,163.4208370557893,162.0453981358027,173.5792709852095,152.84444653926323,161.1032671081893,170.3705625534553,168.7480881059404,170.80796024159446,160.89858286378586,141.81155127470666,135.98938504532916,123.1899851282541,,,
2006-07-19 22:07:44+00:00,,,,,,,,,,,,,,,,,,,,,,,,,,,,,74.16843118638812,47.06976663499704,,,,,,,
2006-07-27 22:11:11+00:00,226.22759325589575,222.47633164212115,219.3410301353741,209.44675336790806,200.60425196001395,180.19420705910633,178.46259692065695,182.72100359350932,196.3013713018191,,167.30607173001943,185.35843075283356,179.10836429993722,176.39055309997968,177.17711708892202,169.2181072539761,168.2494800575114,172.17287847901198,165.08548565990597,171.74260182316078,198.56282602610105,159.23698121914867,161.64361610409156,168.8316863978055,181.33785377090786,203.19539258120358,193.2347707198207,187.6608305919492,194.87355236639942,192.23234820692215,166.70136551163094,168.21507027994943,185.2554970755712,177.59586441814096,176.74033499862176,,
2006-07-28 22:01:30+00:00,,,,,,,192.19747356943228,193.79775753776443,204.0116754868188,187.61331467240936,181.71495285117825,190.82118394529147,182.4861310952055,,,,,,,,,,,,,,,,,,,,,,,,
2006-09-05 22:07:35+00:00,207.15871365782283,215.17373256653354,185.4349072157217,179.90384395978262,185.16119299597753,167.02789878817208,158.27898837531842,148.0849745091371,166.3899708058382,,,,,,165.27722930704596,156.59041447122445,147.06099115837299,139.8462328561043,123.97610704988408,143.86540596595518,174.2652029551474,133.12579011597265,146.69837255858303,143.0579921103327,150.31345947602443,174.9137656635744,165.46059982837838,157.72996096427724,,,,,152.17265597535356,156.7094702138528,144.82575156115436,142.0641238658151,145.0763390240712
2006-10-07 22:07:20+00:00,219.10807332279865,216.33095018103637,199.17963583098668,203.48484251299897,213.18912486604307,,,,,,167.57264831215426,199.15035051674784,176.91928584231204,173.3615248592892,168.5681345535879,165.72847217241124,174.7653200283758,184.37043112401994,161.9105628020381,183.65047205896067,205.139848663013,174.6545984700304,193.218013265941,,,,,,191.44058218400693,187.21484620698567,165.73320909997452,160.26151519166058,190.308223966794,183.50450871674215,180.2868780071181,172.11306716914316,177.00666481872145
2006-10-08 22:05:53+00:00,213.9389246779326,214.6177763431275,193.30116450108605,205.94264471150845,215.89137057721766,187.82247914511748,180.64191193392412,163.54371107740442,170.07008319138572,,,194.60868442024292,183.03582512286147,176.06319412578054,172.10706597708293,166.15635580425902,174.2140242897063,177.4217204401554,151.6822744832711,,,,,168.85415586684945,186.6399817728028,202.2643614695276,192.80245300529745,184.42821500389917,183.6810082125629,180.18363834429,143.4142986865464,,172.15437538642487,178.0308909988841,183.3545429336192,159.0521229946145,183.35588632746823
2006-10-24 22:06:02+00:00,212.63861108830255,219.03549135891592,196.01402820180695,191.24977050870703,198.65984014789072,174.21702591057394,170.0286103988896,169.83245407674283,192.8314893313948,135.31819737657395,168.6789322666327,158.45178323691442,159.49780345323006,164.30324506967293,160.8216472562251,154.4348818434861,158.93307308289843,160.73526381325067,135.04289645603637,134.02516743111272,185.55490865382393,139.71637724701452,165.4130153818599,160.62092877807387,166.2644427188511,195.5233790699175,173.79008692771683,161.57902851814862,168.14838791538617,168.30979935808008,145.94345644446065,,,,,,
2006-12-10 22:07:44+00:00,221.89677653156457,221.14005550416059,222.49084828955245,211.40277126949343,201.06002785038936,187.2334015217235,181.3735423466135,181.9677190486725,186.1074164118265,,,,,,176.40597617547206,184.8071584856703,187.9696408419447,183.35265214703034,180.42154541979824,188.0193804060066,196.00361067176,201.3344966022709,196.6970761474447,191.2592372389153,200.05184469393407,196.445173342185,187.28891437973982,,,,,,173.082010408492,178.46595275115223,170.1890796884224,149.60634303162843,154.54375895606753
2006-12-11 22:06:28+00:00,,,,,,,,,,,,,,,,,,,,,,,,,,,,,,,,,,215.75676624382137,224.97246095818568,219.73041154221832,208.89172281745846
2007-01-04 22:02:01+00:00,253.88048841015456,246.71000955696755,246.78793133842527,,,,,,,,217.98943503318506,211.32614372445954,190.16140167678057,187.76846223024742,190.029677583613,197.66109436813844,204.84901657013455,213.90107319613367,206.354011777521,231.04890479581385,237.04663280399544,,,,,,,,,210.11959369900734,195.75105773216632,215.34900720446265,214.20391359751096,202.01893831932145,206.8372785221731,200.95488813376332,188.76604602286312
2007-02-04 22:12:33+00:00,232.77533581243074,232.36275254975973,216.30992872380273,221.07617644670074,226.09814161207822,203.17980970490967,199.4362952028868,198.76876580828466,201.70872400161426,183.6306712916986,204.25982784001684,198.05112240693774,181.6302340375836,184.17487942897344,184.13368238877004,182.3281596482295,183.12124793464133,179.51520231556825,171.6150941083082,200.73829243613335,217.19035418237485,201.71860868804282,226.08739395326103,229.31790928419693,232.214302921798,231.4490786509762,208.94460598544345,202.0977053135964,206.10139706671973,202.24266503074773,181.4230688720981,188.65147322802835,202.60444970128017,193.65289023074735,197.3104342721661,188.2459020276268,182.00104510508996
2007-02-13 22:06:47+00:00,,,,,232.70366723275728,220.0116688461533,207.42587847599543,201.34013947544008,200.0988837822836,188.6823956618408,192.65216391221804,179.14585654246173,181.13112984173816,191.44563553697446,196.43459716147566,202.38294002843344,206.08482878132526,204.81392420864424,206.51301775708458,198.5367819935313,201.77841085676772,204.3879377249072,212.75703666041755,231.0726691834568,240.6332579167599,,214.41852811731692,204.45957543881343,192.86151057814166,191.42765349223924,193.07628321062302,189.69668854548345,198.9647187754124,198.75980694886076,195.8545931978613,191.5015325981224,193.4676026923315
2007-02-28 22:08:05+00:00,239.1199486334013,236.6957399024953,217.6884152934756,212.4790727630737,220.15293268391554,203.783781301681,191.63233153941812,191.06816046607855,197.43208960449607,160.3313615609202,181.43634634636078,,,,,173.04365965047603,176.54617139462488,189.94046437476726,174.94718773631791,180.95471240183687,192.901672021865,184.38194184898714,215.94842170976835,217.7484856488219,223.0941674350404,225.8526873457133,212.21435704986078,190.94498069975964,179.66494496449985,,,,,,165.05719901994706,176.60775555878774,181.70447162073566
2007-05-28 22:02:04+00:00,,,,,,,,185.21127469560733,189.1971290919689,155.56081291815053,191.81690466522272,163.16453253348612,172.07739663919597,171.37184056783434,175.27343867394845,172.12028944966852,173.89746999757597,,,,,,,,,194.82497150580213,193.38626994363665,183.0451492430351,182.89637236504424,175.66663348385907,159.89255921587488,151.9941522123948,158.06719435702416,176.48340228003408,163.18504947935077,,
2007-06-13 22:02:04+00:00,,,,,,,173.02128756531405,186.22189057995857,198.1239937075329,180.74227057754038,205.9155127390236,181.5646433532556,173.40011450692143,176.7118656368147,172.25727255075796,161.85192552581424,,,,,,,,,,211.22353625572777,198.68483436628352,188.47645175593496,191.83827445612283,190.3381046869638,161.58854716289375,178.49794755752768,189.02939825810716,195.12074865831775,186.61768823105683,,
2007-07-15 22:02:00+00:00,255.70064226304646,257.8435444281242,253.72333493007613,244.74360886638982,233.0001718553187,,,,,,,,,,186.4629483885681,181.94990658799458,188.40508093385733,193.7955297541879,192.65338123324202,209.39284810518424,231.56614930543472,205.78187522809358,228.0270424168685,,,,,,,,,,209.92114990253884,210.0258565612067,211.87438203209263,,
2007-07-22 22:08:09+00:00,,,,,,205.95811322874704,205.43266736354337,208.8945710714548,190.208693504111,189.4826293548365,181.83653017739888,186.61631887061617,179.1583087875669,178.83075821604896,176.2329709790709,176.85682682056927,164.35005770156783,166.68200651471128,,,,,,194.2012749398596,206.23194594456663,176.79414530916847,183.59712524750347,187.5672186019301,174.7338073685738,,,,,,,,
2007-08-16 22:01:50+00:00,244.49273216077106,239.00760736722788,231.38977858835494,224.3571999751292,,,,,,,,,,187.5607033899634,186.86542961107284,183.65338985580925,187.24039250106335,179.2940594739954,183.13093916064201,186.07427060947828,207.6065152827712,181.44478055096303,,,,,,,,,,,,,,,
2007-10-02 22:10:31+00:00,221.21024184406414,215.55406306398746,202.40440926372906,198.8194155732167,195.39290896727772,179.67304349598524,154.34674490760543,155.10802672477058,153.37196599096742,145.18365490673904,134.54491499291188,127.18284743542063,146.63804035418488,157.08490795310382,163.83316277079962,171.00946048472764,168.94745671628064,151.95823526873153,170.1211911478135,146.0467216932614,155.388109132768,159.4742352205435,159.68145007914148,158.4839096491488,169.5996028090172,159.7609775682548,167.53745931771988,155.5851654765059,154.88254044590514,163.4889448253742,150.8927477800527,139.09397175928655,152.26179663698542,169.31039485348373,166.73295731538448,159.18272148242474,178.11416758742175
2007-11-27 22:07:48+00:00,227.70263821573946,220.15183153982161,213.7638134643782,209.73427743848765,213.89017083429138,198.2211305546577,189.6587037439648,,,,,,177.78604022468275,176.14385763870084,177.7474189131895,175.18451461463778,182.6942920239779,192.00917052611214,185.71741692967672,186.25170801177393,196.83898143808983,174.66996786091863,194.53067935316946,204.76098434917014,199.57425744959292,,,,,,167.47970288561868,171.4343226573217,183.4866134287103,187.0631434504641,185.5888134118187,177.07656762654477,184.01542392415877
2008-02-24 22:02:02+00:00,239.7970835982992,231.58058042604236,226.29792163206503,215.80799349530355,222.42509783814543,203.7169034823214,207.23240094145424,198.84281857330427,,,,,,,,,188.25108527266536,199.77372336144765,207.67220193131084,198.34192345767815,211.5839321010112,194.17844460389284,216.7375502925678,208.8917767191034,222.48819312702577,,,,,,,,,,,189.9225624250346,200.47976028157842
2008-03-18 22:08:08+00:00,,,,,,,,,,,,,,,,,,,,,,,,,,,,,,,,,,,,,
2008-03-27 22:01:57+00:00,222.16426623157494,214.1979730450962,210.25049380332854,217.69775673737468,215.4043674375094,197.93240405983622,194.2524150779138,201.93262238672278,,,,,,,,171.88226911026467,188.68561439791543,200.51903665206135,195.35837154614038,195.9025450533632,199.05597702209823,197.9643962445495,202.93529789771475,207.9431042322734,208.66146599759932,204.0216204267032,,,,,,,,,181.30425377903143,182.96990044963343,183.20175406829804
2008-04-03 22:07:44+00:00,,,,,,,,,,,,,,,,,,,,,,,,,,,,,,,,268.8357507138554,249.46683072890224,250.73002548723525,,,
2008-04-28 22:01:53+00:00,,,,,,,,,200.63910078180402,,,194.85855324941377,204.47571761533496,176.84394590867834,168.0465204788898,172.5155191904377,186.0052959225025,,,,,,,,,,222.50693629971903,220.8984863985085,214.22580967415723,206.0642885672546,213.0469677623721,163.72898401159875,164.4040685540152,181.3216465842934,162.60995506618252,,
2008-07-08 22:07:28+00:00,,,,,,,,228.78689684060848,221.7039064359824,198.80784826450247,,,,167.8846041456696,160.94148043985672,165.25423557923762,189.21001344122507,198.54319673604422,211.46579789023323,187.8068885321499,,,218.6949310812957,214.4886479512953,220.28016088840943,218.7927857498244,214.15824945956192,,,,,,224.9527705935377,218.72573129912664,203.60274225621592,198.1730910064812,
2008-08-09 22:07:11+00:00,,,,,,,215.76609400302485,203.09256391536897,190.2501924906662,,,,169.4067733235499,142.7073381814078,152.85533789324867,,192.3362305027321,188.5749437472683,197.44837822275682,175.3060667723944,192.44883277865463,196.41122065074225,184.0072334707409,185.9345997971708,195.62843364571188,204.2303031637853,195.1779325034429,,,,,174.9964144627862,178.57234374105207,175.06593219700187,163.4911927674821,154.359712139475,167.8294783366628
2008-08-18 22:00:56+00:00,206.43729613381194,205.27575656275067,201.6355157872799,199.64720973392988,,,,,,,,,162.32861857072007,,,,,,,,,,,,,,,,,,148.16898216071237,178.59538679964768,184.49200611257,180.51561047697265,165.38633543017204,157.89248732321448,157.68133007935
2008-09-26 22:06:23+00:00,205.7924430844949,209.87628616586431,196.4372649144292,185.26923724379066,176.19644417464605,167.6715630346904,164.02735090664942,164.34676390758756,162.70588228118035,145.533770481483,149.1778729529445,147.81752173446247,148.71724403565793,,,,,,158.1115619168452,154.58290833049674,159.4325976157584,161.6453410762031,155.95620569812607,153.26432430266942,168.10892049601236,158.71975335045906,159.17752628723233,158.90110325654123,158.42441209854786,155.5406725753031,130.74566105856712,,,,,,
2008-10-21 22:00:36+00:00,209.1003170517144,205.80543072023443,212.83133118724143,,,,,,,,,134.25893342230324,135.82623342333594,140.05749569914616,144.4918178317285,145.0709623627306,191.94750758473475,203.56545798187722,208.31301836484167,192.79231405200812,183.75670253764048,,,,,,,,,132.8638692917395,,150.9763545319049,158.52717392934025,169.2647007881056,161.07321262061237,145.86262676802158,155.94702275974353
2008-10-29 21:55:24+00:00,226.57598032402507,224.31440541598255,212.8006485384558,209.72836813109765,204.04083133036153,176.652708226168,173.668130357221,183.79302149133466,176.71155694642297,162.4232429791129,170.36783992576076,176.06583247416762,160.49454959931793,152.0084628738502,162.57951817519847,167.92189603121443,183.22124213286992,190.38527052455586,173.18198451996963,171.1419881234179,186.1996866144768,190.59217625592933,189.2388312116854,174.21364854611858,,,,,,152.06688281365405,123.52420139732847,176.4500971684718,,,,,
2008-11-13 22:07:07+00:00,241.59674234567717,247.55276306182668,225.26185557683445,230.29237558850446,230.77741890253344,209.67165971639986,207.72851266184608,215.03514753921348,204.5877996042064,195.83979354081475,197.56691550337922,209.61515268922875,188.64689189772807,,,,,219.45028451568209,199.3842268329578,212.46693730513448,223.4824289924038,218.72287293027745,230.89622710592306,218.12938401446957,215.79760499964436,217.6374030495052,204.778360760442,208.9897327382427,209.37779766980452,184.0495140575414,,,,,,200.75645756596856,204.48171151600445
2008-11-29 22:07:19+00:00,,,,,,212.63952828499427,205.38378753951332,217.70186406204044,220.25959889446833,220.9879806060658,214.1582569590093,215.1646580809842,192.09937454790568,195.65552960683152,190.56425260762734,198.0732153228573,218.47904966251375,223.7448335757273,219.06937686698348,,,,,221.3910093276,221.2528103214652,210.9111030468051,200.18034662352915,194.56704626696163,207.17362203930873,202.79879240164775,182.89127744936843,220.4524458058138,218.8004773832392,221.85580803822728,211.54282368408096,202.05211311881342,209.81256252748886
2008-12-15 22:07:29+00:00,,,,,194.62222614622078,172.44963347550652,171.08331357587727,180.7458177105131,179.90071186168723,182.72990927580972,172.6997093878011,173.4695138724877,158.4300958683205,151.59404469310263,152.61050413348144,159.10697793276435,174.16173540802603,,,,,,188.59064655984582,180.607608326557,176.61320021865856,175.46535696792705,166.6657584183817,169.9472878138647,177.54694232962936,162.58698656044297,137.6113436453661,176.3924999958005,177.9574686080231,182.76296199431798,175.6601235410463,,
2008-12-31 22:07:37+00:00,233.56394357852167,225.10511967848643,208.15651612820665,202.30999971943297,,,,,191.86744787103547,184.4240048799938,159.02723839028678,158.868776913548,153.33624860656775,156.98260672342326,157.23418265654303,164.46111828372761,173.86859849310414,181.05540680826712,182.20066974682985,177.71222375737744,186.78522198576078,,,,,171.32787683655707,168.61506341891402,170.9786054142445,168.3229270221961,153.08529191991948,133.96394119041457,174.4277184062207,180.49835033411603,186.34218404959768,181.31303614001928,172.5689998728552,168.01664502265422
2009-01-25 22:01:34+00:00,241.1287179239153,233.83422168760674,207.8412193895955,204.51332270540036,201.84084895426298,183.7676762282134,,,,,,,,,166.5607816362249,173.79319642571178,190.1576717302778,209.02961722644557,205.04288119710105,204.0451051496779,208.1283930264493,206.4402167338303,205.53375172694976,170.48076101997395,,,,,,,,,,200.1450762203874,193.80288138589185,183.3473332035871,172.53143045174681
2009-02-02 21:57:22+00:00,,215.43450804736582,192.38674223268666,174.68966629988805,156.3385240639859,160.5609097457773,170.64072694102066,184.6661369796328,185.9863164416035,172.4063027478212,151.278610685535,133.03622369243698,140.47477241014738,144.4366971409541,150.67906397687727,160.2159423418169,187.73135619000988,178.52231893366692,184.46154845069555,166.3504093088475,172.9932107556008,178.10618533350478,174.23986163366223,168.66869091829807,164.89451332722348,152.30610573135613,153.6505074705733,157.95887246963238,150.37593057587392,140.94006993532656,130.54765878534818,143.15142323158398,163.38296657749527,176.4927211379157,163.9635979453764,143.90345146364896,143.35328693042229
2009-04-15 22:02:09+00:00,221.1449506640934,211.9714462492271,207.12106283280508,200.10290732333652,187.1144837630017,188.06645522441877,189.02445071362675,,,,,,,,,160.7225917185286,176.7452538822158,183.03155707243448,185.65908232778563,188.2152539652891,186.6943289727037,183.09235586177522,180.94367579320684,182.9228281372169,188.81369290019177,178.30347476760423,,,,,,,,,170.1151625768082,155.43237889510095,157.86174217066122
2009-05-17 22:02:15+00:00,220.42961315711682,211.07244940142675,192.56692824678984,177.86614141884,173.91756552054483,171.16557836035116,177.78573089622043,,,,,,,,150.39544038408513,150.47681316757505,142.3302651057358,132.54683227119438,149.37395966888127,137.1510117047667,139.27642395716364,159.24207275726184,152.37749754727315,121.6559727529658,,,,,,,,,,160.43326550736543,142.01192390527325,147.20036878565094,155.96645906252002
2009-06-02 22:02:15+00:00,,,,,,,211.47173782783963,209.8945946327687,201.7749129094914,199.0204348914345,183.9079381331101,180.70561509170503,186.70135923821636,190.72053908401932,191.06966240094368,170.45563086835864,,,,,,,,,207.51654764871407,211.89744878671328,212.2699062242053,210.10841028505428,205.4404788652159,188.9782297514036,179.0135982877224,183.1248088418758,185.5739852221138,186.20967839103847,182.00332144047826,,
2009-07-20 22:02:06+00:00,233.0852027342949,230.4322138043262,223.86424609636896,221.39896324426505,220.7135971107518,203.0469773370107,198.31944435136566,196.76497384680394,196.94367193111665,,,,,,,,,,,,,,,,,,,,,,,,,,,176.01179919630812,184.5129440170213
2009-08-05 22:02:01+00:00,,,,,,,148.3319074435594,155.7486195963132,123.4838228148549,,,152.7291873541365,158.2170599462437,167.15826056553232,169.7662432944666,164.75354395155745,,,,,,,,,,180.96228318691905,168.58365473014314,167.7059141363055,169.55176465370857,150.02206698845137,,137.42411376705905,158.8714299023698,171.46845078928513,162.8052122701552,,
2009-08-21 22:01:59+00:00,220.44373711482433,215.73559464886216,199.25133250236843,209.11587558719685,213.1673102010689,190.84161914243458,183.2356929698659,185.36766671586435,,,,,,,,,170.9063921633022,181.29800621959748,191.64454590513918,179.14395453401784,192.26960972718706,183.36043020041961,192.62056287939407,182.68953663585182,186.398393579915,,,,,,,,,,,171.3257247208385,156.36050736353957
2009-09-06 22:01:59+00:00,,,,,,,,,,,,207.09758996566254,186.14675436552807,176.48898544341426,177.77845753427744,173.69563173609677,184.65678170865135,197.9207220377457,205.03875151579965,,,,,,,,,196.7704081918055,205.29777219466507,,175.89607550849652,201.74464570621336,194.25829669388526,191.25636970560137,184.7895028089279,177.91716814622401,181.04703997969787
2009-09-13 22:07:45+00:00,,,,,,,,,,,,,224.03244180916226,220.01104654367765,219.60219582681245,,,,,,,,,,,,,,,,,,199.42162146778844,201.74009381553373,201.46936433747612,,
2009-10-15 22:07:44+00:00,,,,,,234.43418604380633,237.05397387521737,247.46826415214187,220.72555673726663,,,,,,,223.3318688699497,226.0630545238624,222.7582373850899,216.50337118801423,221.9554060651748,240.51926180451065,233.76862327598363,237.9496133942476,236.538420133452,223.1423763739899,221.1221360941928,206.89883262991688,204.8068437333474,199.23785974492975,,,,,214.07125791009256,218.14925500425758,206.75783414513464,221.23005824638562
2009-12-18 22:09:03+00:00,,,,,,205.70018118094006,202.52623953722804,207.7988944182723,205.43804286926076,191.8201021510357,185.93814216307186,201.76806990062272,185.22107761337506,183.30045972179255,178.73474931402836,174.80141923402195,181.81296023729564,189.82743842363706,,,,,,210.40892838685005,216.6312127380864,209.25845130308505,205.76119829828647,208.21086616420854,204.75651372374173,186.0506406822362,164.3132467738122,195.6142133008505,204.8555141372654,188.82273230942852,188.05331721923181,187.80281875115497,177.6256888979022
2009-12-27 22:03:02+00:00,,197.45240684670034,191.5587160469049,186.2890829882164,181.8587045021441,186.3257739300787,173.30135928427427,165.7389281135748,178.50372398904344,162.7509659054417,133.18799637815934,,,,,,,,,176.25764995819773,172.0958934079366,176.8839268629345,164.8008453210936,158.30104485259716,168.16891226986385,158.1606791508847,171.33832566769732,175.78569582883244,159.2664992924427,,,,,,,,
2010-01-28 22:03:31+00:00,,,,,,,,206.36106816748594,210.30364838044,210.2570549209397,199.66862844105017,204.74208409713637,186.3922869627277,180.10240561446682,175.3693566545884,169.50277555301142,153.8432199615045,,,,,,,,,215.20447518145983,213.30968626193092,,,,,,,,,,
2010-02-12 22:08:54+00:00,228.58626187979638,215.88743540552755,224.76814814496265,238.3346645402075,240.67114180772577,226.021047514017,223.89906338012025,203.64794647530047,189.10269065310962,,,,,,173.88979810066206,182.20662149147788,196.33144029602403,203.38321802518345,200.3079316241418,223.30547478809376,216.1782308752916,191.4976501807722,198.43226242844491,208.87104136501307,203.13086718836945,191.08089724916425,210.28254322463607,222.02247205405698,223.22985428275518,211.30856076177162,196.97906615714624,216.93484503859978,215.43524007719162,204.32928947555126,191.50223492603763,185.58217056323667,
2010-03-17 22:03:57+00:00,227.6699232094604,218.5681373409774,221.54532597955122,,,,,,,,197.14337707801943,210.0055766863597,187.66433222850037,179.43844021314885,176.18319262441125,179.39923384527074,182.7868244784175,182.5196413796659,175.86540352856838,203.8118417783443,,,,,,,,,207.14923667922915,194.88900051606882,173.76114717432344,209.3786241574291,205.52727106853447,202.44357005023969,204.11874774335615,197.9332286417715,196.2424590778581
2010-03-24 22:09:46+00:00,197.40272676243745,206.82468610327066,,,,,,191.7700072911644,186.4303255616604,179.5744746239347,,169.72483477384432,181.06647551692467,178.41663380727917,173.3097606843137,168.2188865096885,169.5973291947326,182.49784697630275,195.7773223001215,154.25039921770352,,,,,,185.35498538076007,193.63800668122184,191.9008317625908,189.2824483585236,188.3609374149856,146.15636391678743,176.9887161251844,182.5801327738328,181.4661556199948,176.7034186552253,176.16426501431104,176.96372214324663
2010-04-02 22:04:01+00:00,214.1285849153081,209.96468287515395,220.79246213997837,220.8306104559041,207.37348413918065,194.88970343607414,191.60547140239643,,,,,,,,,,,,,,,,,,,,,,,,,,,,,,
2010-05-27 22:10:07+00:00,221.11021706375607,210.22122293706897,205.49732597494264,201.70937357410992,210.7117923657159,191.59011607055047,,,,,155.6148543604407,176.57409809732928,174.75331748877576,175.16030819860987,177.3277892425298,175.59153829735982,182.11171645123278,187.73513754296386,172.0210948743927,191.4548684607891,191.65063846890573,190.94959524060943,203.6704375853679,186.2265008598909,,,,,,180.47514397436888,184.66215203122962,190.19458731707,186.10856715813333,166.31522284428317,168.98600144371392,173.74053004952123,191.3659778137849
2010-08-31 22:09:52+00:00,226.6050480319388,216.7812202574549,209.44901324775398,208.3826578674788,,,,,181.27921080189927,183.16047835800475,,171.6351187904492,166.98605375980054,153.41116578408568,165.07862720691597,188.32444330971225,198.1693367447444,202.0110010601404,202.98565133778564,179.4287764482929,204.390082143549,,,,,185.2928807061841,196.25391849963347,199.4212426016345,193.4117786539205,192.97932970901002,182.3638798744682,180.95783706305656,168.54038633906333,171.27068116522574,172.9260533041613,170.5501190836925,163.28468546020372
2010-09-25 22:04:05+00:00,206.99648463816828,202.15288216972596,173.67159578792752,173.61411524947425,,,,,,,,,167.5256384623183,160.38452793370467,161.44832472164225,155.69227607739157,155.35517887184432,152.83266884358252,137.03479683644943,,,,,,,,,,,,,161.63707045827107,170.26625686297922,173.9133937430679,174.38273488046258,146.0355006031507,162.63369471997055
2010-10-02 22:09:49+00:00,201.09185874298373,194.77339086828147,204.80842172550544,213.5797585367852,,,209.20002666997982,203.97089348593428,205.9271730685041,,,177.26774295921092,,,,,,178.62399472605853,,142.17656953482623,186.4958006663664,190.2770107907139,172.98510217446812,192.8592779651588,,195.0054308109131,,,158.37267237050813,160.07454877179825,,,,,,159.16987432052363,161.42038787328258
2010-11-12 22:04:30+00:00,199.92434043545748,193.0208073084946,202.0268062514129,195.6311507462425,,,,,,,,,181.10070158172354,173.91421079771283,156.6493794181169,153.5736282646979,172.81305061141484,176.40865686700243,180.7941879486553,168.4650878492392,156.3112746260867,,,,,,,,,,140.87905810526323,152.6158194686903,157.668751132507,170.0724348482928,169.38250921224298,157.77903564626408,156.698075112623
2010-11-27 22:07:48+00:00,198.7152023032788,201.97645731238683,209.6743266818592,220.1457300677397,215.2996787261756,225.58324691851905,213.62599081325573,210.47792307526387,211.8743071471489,200.14398225319832,,196.4333453296728,197.60735686538317,194.1065840759977,171.4529437393577,180.07261848062083,193.91491424562915,193.64271462709763,185.2819431582532,175.0394327192278,179.9894288108396,190.7630824979435,188.4043662862333,210.01239491952407,219.27092676179552,219.66288864917465,214.0919889867037,202.54160763911537,199.67877428188635,203.2247167683316,193.1676068123504,196.7003955934889,182.65199774403047,177.69136887263272,183.8595122536724,181.9626877472964,179.43744399404383
2010-12-05 22:10:56+00:00,233.5493798174036,223.13743397209421,225.6730260625761,232.51991784457798,,,,,207.6317336515267,224.36878232579,203.3980370641696,219.135201166606,199.46633390125857,200.98258097777145,199.0666589567858,192.98914690496187,194.9915421218695,204.55607547054876,180.01513533587004,189.98874723063037,206.54683560046996,,,,,,218.4413987566128,215.56332793401563,214.7752218776239,205.73825588265254,188.0870825426395,211.65859438089552,211.334498653789,203.12790841905397,199.71331134275798,194.11436902718643,197.6851155828531
2011-01-07 22:01:44+00:00,233.03148349021063,225.82617323748298,224.87179076506897,230.57402755454098,229.04092945613166,215.64082673379977,211.11826329413512,212.97747104450087,202.978172489322,203.81535016077862,191.06446479513113,197.40983210024223,189.07693859796672,192.5926073040538,196.74569215227362,203.0615679005185,208.31785952927152,207.24761633880604,193.62476685923158,186.62885656778465,183.96023221112551,172.76760669443598,191.34180131042908,208.75231028569465,215.8915267533612,211.7790121032153,207.70604041268786,204.66769322608252,206.53781399879762,199.773954807393,187.47123166435912,210.44291107990506,206.79199735382196,190.79201935783857,194.6385381808288,189.24295794278555,191.39031113533684
2011-01-15 22:05:06+00:00,209.18577393360667,210.97261089506875,212.19971053052188,212.11396486304545,206.03555082697045,206.46756170063435,203.0597472880648,194.71085373943552,,,,,,,,,202.9411712160837,197.49422141245785,187.90034889505634,164.8096988988624,154.32526522603115,155.3290155242122,161.3927105375345,176.39788008169467,190.7424197514217,191.91640616674664,,,,,,,,,161.50968805397815,163.456726997118,176.6662318402844
2011-02-16 22:05:15+00:00,215.45923752904818,214.41827254869577,207.5319690907305,209.62725506712957,194.8577012246348,,,,,,,,,184.46828732242324,185.01794123739003,184.96483920483013,193.8156602126996,193.59061981008415,169.631705392106,159.69840301219585,173.77408074511945,139.05423958732263,,,,,,,,,,,,,,,
2011-03-12 22:01:43+00:00,,,,,202.63934205724246,190.17656363067323,199.39537080523834,186.94374776405073,177.26209636082604,,,159.28957522876257,162.99868314387447,165.6278520848961,158.5162191346867,160.50388997603,164.51213483811873,160.76628729737257,160.43664924895265,147.8631703222276,157.9446415999436,169.19132245204213,145.52210064021426,153.8791878577954,169.42554339350548,186.42390362301012,183.2560803150601,176.37320636736132,169.2699109092281,159.1718283085846,134.14818032045898,156.79734329233412,158.78048917549967,172.00693006986745,167.2279825131235,168.98135053380958,146.2610385471941
2011-04-12 22:11:36+00:00,,,,,,,,184.0769454467388,,,,,171.74488147046964,174.41767953785993,173.98827619798107,166.41386105601725,157.371400433165,158.0519360567045,179.2916214094655,170.2944143474487,186.39239151355304,184.64324492758422,177.3686934929088,175.0193763512856,189.0537077754704,182.5768723618112,,,,,,151.62506574823345,146.95596293602537,162.8932001742143,152.164991247993,161.422805384362,170.14461240822837
2011-05-07 22:05:25+00:00,212.02135077239555,213.16606068614462,191.11577358741923,185.52471545920514,183.24214718213864,176.67244178299933,168.37526330946068,168.91719411684383,,,,,,,,,154.57559578959584,155.59059558384868,151.13410988547952,154.22650286788598,166.02830226799048,171.5258996524391,181.41014799017495,190.66764263653252,190.1502262713419,174.28191446813213,,,,,,,,,,163.04267141349504,180.29401389355525
2011-05-23 22:05:23+00:00,,,214.84587358353886,205.25484188262948,195.38020504280885,189.01775784540422,189.5437983632243,194.7679578506805,212.16839845898264,210.99637540916711,192.1793975236798,194.86852993289327,,,,,,,,,,,,220.7048720366168,214.64169945959128,212.00317205774547,214.48018008386663,208.35042616106625,201.00030482915392,197.19512124274985,,,,,,,
2011-07-26 22:05:18+00:00,,,,,,,,,213.8075818409648,195.7562604769133,176.7029039269477,168.2376022749409,162.15721193252065,149.41255829449017,148.46404094750582,164.29208622774263,189.97094371540084,177.1383558168548,,,,,,,,,200.9703064205299,190.2434888233313,190.5345330546253,187.8191314156307,185.3874590704615,193.67781775107065,181.861777999259,182.53583696812976,173.87167081975585,174.76577146869607,
2011-08-11 22:05:13+00:00,,,,,,199.5079235330998,208.98378017761513,209.83488286218682,211.63017980349593,197.2080386873318,185.09139994449905,180.4695472992624,,,,,,,,,,,,,,,,,,188.5919410766195,172.95045885198317,188.4803621005177,186.8305881007272,,,,
2011-08-18 22:10:59+00:00,213.4392068714808,205.30017514999065,207.0054344174277,206.4816495358857,197.62962805568688,195.41300845147447,200.93037019408536,196.7778196232413,,,,,159.7487081988213,155.1639726393674,157.05608155718622,159.96287360721038,166.80476815290078,173.04441559415696,179.5984911378484,160.4208249507886,175.83920786660093,165.03151321547404,157.22855646374208,179.96103204521734,193.74099085900622,186.9985410940903,,,,,170.68698512890333,186.4023425135473,181.97792887402397,171.21671417359852,173.73317524082898,167.72174784540593,173.2546152545226
2011-08-27 22:05:11+00:00,,,,,,,,176.2230214947387,170.93031360298718,151.7796571335391,160.57739948121298,168.2499556812401,159.10740059550722,159.9548600629635,162.22576665335225,160.4377534370983,,,,,,,,,,170.55066967850925,168.32680960252682,166.80108698553127,168.92190314272355,165.35701613895068,150.85588024702207,173.88836119887455,174.5195504033662,172.4576149157685,167.52757058384861,,
2011-09-04 22:00:27+00:00,174.23811938391134,175.59565352391033,181.33963880366545,192.5900595534758,191.0391915366996,192.609279048813,193.1685981715263,173.91719115810244,172.70972324423064,172.7516557163304,,,133.32410864678192,139.4537367012677,132.01930904128884,138.1146203611061,162.64935090315709,,171.00503852618704,156.95521059352453,174.5809025277012,179.36803334006092,164.5453445713061,173.6252420895067,191.93095564462155,193.6676843415811,183.33802494920212,157.7747864488649,147.91838713847528,150.5774712433146,,159.88912447934385,147.23538603049488,150.28233299864152,155.109636326122,169.69288577426076,168.71485512622445
2011-09-19 22:11:15+00:00,199.2408228616828,192.7844706854459,188.76178838280748,194.2799915471183,181.68395919714476,184.62752650166502,,,,,163.6097348997796,149.11730177435447,150.2154844060469,155.88100377649207,150.62544096880958,152.8928675866306,153.88262831144348,149.8141126270573,154.105554499246,158.88632906744755,160.5103000592254,166.75161956177516,168.839196670491,162.85472964100143,,,,,155.3751736065008,152.03509229631635,143.73543485516808,157.50837627349443,156.63081003711685,164.77308047397696,160.4063034968729,159.51708966824046,168.66541883456333
2012-03-13 22:12:06+00:00,,,,,,,207.29058377195054,203.43382991682918,193.8573762603425,191.01021116205067,185.53582274634763,184.8850512417588,195.64933475034988,172.37411015337642,166.7253684896296,180.41433575756466,184.9983128467479,189.4130328044244,188.63537628368096,,,,,,,,,,,,,,,,,,
2012-03-29 22:11:42+00:00,206.40024418450986,187.82324292496327,180.12643727548766,208.92569744893945,198.6367348219882,192.80952557183429,175.59872959092627,165.2867053628686,161.74984480307364,,,,,181.96646642394913,182.45414920375296,178.25785019451504,184.3259959364172,167.78874554855807,171.37793775599917,170.56712288991588,172.48639098853064,187.94533467203362,190.10983557313185,192.1373843186406,199.89442115672188,193.31628874058413,204.00517085948832,,,,,,182.40566097195733,185.8931902524211,190.26389767160128,195.1370407902472,194.78104187930825
2012-04-14 22:12:03+00:00,,,,,179.66388064747315,178.0944422094168,165.10642888275186,153.53491817749372,161.5777080137612,152.59555728328743,158.1416243200685,154.29110091602573,155.90977884558328,158.5339930771405,161.5500886890081,163.41395360932074,150.0099236940123,,,,,,146.9900508726421,152.8890155840005,155.27267361399933,154.18428219062432,164.2199727102769,154.61959048721252,159.1119216260095,173.79524415653506,166.66352919596477,152.7360042603907,160.1408953196716,165.2489939991316,171.8376546460114,175.9934904174723,
2012-04-23 22:06:04+00:00,221.80164255318863,201.87562183609384,,,,,,,,205.63771529396436,208.39151147717905,203.91178603643422,187.7960820912657,179.81261324690036,181.06173646356984,177.8752479850898,184.51147676943674,190.5048646223504,184.68969663713276,,,,,,,,,,206.91399061521014,198.75785721290603,176.4684520264465,204.75429850494322,207.75154434335684,207.66902291091654,208.30164965900713,212.64062431220924,201.9386559095825
2012-06-01 22:12:23+00:00,210.35755153818317,213.8672244091827,206.85586387449624,199.89621961159133,192.63691871897362,176.11542145513562,174.6024824605598,169.3344223251574,163.04872247875429,162.1919791532966,156.9708840588572,166.47797304565572,164.48115829863207,,,,,162.83643380362943,173.06444184530622,172.16722253895313,182.18453249967155,171.9302987902484,153.78794584477515,164.7258903944785,164.99241743443503,166.76794224230707,173.45735500927518,167.37280316924327,164.85528524257467,162.02374424688276,156.90525044137158,,,,,,
2012-07-12 22:06:34+00:00,194.5628545241246,215.42514379189097,221.474322176327,,,,,,,,,184.0218852092354,147.23141219515446,151.34759924986497,157.1583825019427,154.47738105886793,209.35305321841608,,,,,,,,,,,,,,,,,,,,
2012-09-05 22:12:57+00:00,209.60717880475357,195.50897386517923,,,,,164.86823932988835,169.08243931936974,159.57557521268066,130.73587500517158,166.72651479560596,153.38531921176371,151.38537301808609,160.9516929409546,165.52511452194452,166.5280964517913,162.6305046464433,152.63823776625028,151.0374069325196,,,,,,160.42359618288748,154.57135895764577,174.35649857725565,181.36690565229426,169.8297113309669,159.78767814012724,133.83118725670795,158.49336363779946,148.31727498694892,146.830083982022,141.82774478274993,139.71200806457958,158.2930467981487
2012-09-30 22:07:25+00:00,209.9143504596674,198.3326242099375,,,,,,,,172.1724217877495,175.8750906607923,194.57101840292285,178.21666749645476,173.29117643191935,169.04543341223396,171.98845898216686,174.5099354343708,183.18289223679415,181.97083824697648,,,,,,,,,,199.4629199739054,185.80427279916694,153.52761922044914,180.07959192235847,187.2484436270633,178.14720753459346,187.63516808505858,188.9880499238022,193.0173903121878
2012-10-16 22:07:34+00:00,,,,,,,,,,,,189.8005123576852,179.4734976099533,172.27900507338742,170.34154977646367,169.4653280144225,173.70755984399594,170.89233926483854,,,,,,,,,,199.32500561310502,203.42644454883379,181.97213137736935,128.27726710998786,162.55097813164676,184.73321181478667,177.86332115623046,168.79500767170603,146.5734531207027,132.52364849034134
2012-11-17 22:07:47+00:00,198.51448968621293,200.33070037414265,201.70724805208656,215.7591364881753,199.5084532350311,,,,,,,,,158.36614222225504,159.6347575019204,163.15404974135686,165.50144771195068,164.7076027250893,154.04612321048393,167.76002075123375,178.0725799104784,181.4478256098507,178.8126284890325,,,,,,,,,,180.0930946746996,177.20647220563305,186.72135704755058,181.45196386651716,179.34445359463243
2012-12-10 22:13:38+00:00,,,,,,,232.43049549429463,219.76784306627192,207.01252267165356,198.187228847008,206.26004131714328,218.46347893014604,206.7490112979669,198.88414868677043,210.90383993415904,225.13697647645586,229.6881531720296,221.2549560635691,213.06874132938623,,,,,,,246.3541509175201,230.53458082983988,225.9060342403847,224.50844039504253,223.04663399858543,225.14742107825333,219.24261517144004,223.6584059527028,206.0762918309339,206.90789779367955,221.3569770062568,210.67811947866508
2013-01-04 22:07:58+00:00,,,,,,,,156.93014307066434,144.92312537124647,139.2131085691895,,152.79237691302504,163.26863706399658,160.52639512758105,165.6966908863884,173.19079853260922,168.0771915384509,,,,,,,,,182.5667312319476,176.07937244595368,172.39971686034835,170.3381257605596,157.4297724500301,181.41815099372755,172.41775535871577,156.21694492768083,160.58727195880005,158.65752382418825,163.8704387862958,
2013-02-05 22:08:01+00:00,216.1285005547939,213.5080501576162,205.2270196284283,203.24004096771523,191.18451232138182,190.47738407770586,187.69293764288,177.48069151442087,169.874570692617,150.1669727213249,,,,,,,,,169.80021578686174,162.489338231081,168.1828835150194,192.3938017610639,184.3737628341684,186.74883999087496,199.7667246720146,192.7520359429848,192.88113083592873,179.48372466127609,,,,,,,,,
2013-02-21 22:07:58+00:00,,,219.402843072061,213.7652840926476,210.29009097208606,200.69561469022798,201.44827262621885,196.2581567821532,187.3092332472697,178.96472673207322,162.2379440557906,,,,,,,,,,189.8040798936413,203.9333070329752,204.33836376707703,210.82549160618044,210.8172446518048,205.9778615589986,206.85013128109523,204.4571315806864,202.34839190896844,181.35138899826546,,,,,,,
2013-03-09 22:07:57+00:00,,,,,,,,,,,175.2840594347038,183.46941675065813,178.7273485468265,181.07585761281587,178.94869909690482,176.91243960842297,182.43224434118022,185.9127160431132,174.80354599959503,,,,,,,,,,,,,,,,,175.71912512286883,198.68818031213374
2013-04-10 22:07:50+00:00,,235.6606158406406,224.67153311505254,228.4873986885038,224.8540336842978,205.34695009053735,199.46602837905087,203.08558666535936,201.69536334211182,221.9174387543251,,,,,,,,,181.07906136262844,206.92315554472208,218.46310039244258,225.00615271601737,221.76832578968867,243.1488953694787,231.67401384019047,224.67569462066592,216.43335533595,214.93243739056908,230.0774964602101,,,,,,,,
2013-04-25 22:19:21+00:00,,,,,,,,,,218.53742441615387,169.70950415745176,185.9371918355696,171.2942402410833,177.233765116833,,,,,,,,,,,,,,,,,,,,,,,
2013-05-11 22:19:55+00:00,232.30386460663274,231.76645183033773,213.06660732773034,214.37851224000423,210.09517194312372,188.10286877130704,187.65805350979198,185.7466053655058,174.75906445292586,176.14475837145716,175.64281574891328,187.82550663040328,178.41401698381605,174.06160331133415,169.72187771343474,170.55386409353582,171.25489919278004,172.23434714391885,157.79207612550945,168.83972532790096,187.91930626220812,197.87100060382042,200.35764670250728,183.40508047011664,191.5877669245705,195.09949577517835,197.15888824078442,199.83215405301348,196.73274097540107,193.35573782211284,145.1335349941204,176.73982223253847,178.72437045748816,182.6379707944377,183.127306639746,176.60758103215773,183.20081683751792
2013-05-12 22:07:41+00:00,230.94013210180617,228.75295614388838,203.28640390187067,,,,,,,,,190.97901889810603,180.56940458182407,170.5293865087719,169.42495757405393,166.58618742358527,171.7662330897779,181.2358726562889,182.73273106414004,195.50931293003993,,,,,,,,,,192.5854333415291,158.69109897511143,195.91820346548062,195.86429312898977,187.04230400565538,188.07773136985986,184.0783715334012,183.86286858756768
2013-06-04 22:13:40+00:00,,,,,,175.91586880202988,158.3089194024703,150.09888137799774,131.7843276969295,109.84574881669026,109.64135154269404,122.85563234983226,145.58089871181352,147.80363400643458,150.7260540669022,153.2822945928324,156.0385753572569,,,,,,,,,,,,,,,,,98.25188968213565,100.93417236871149,,
2013-06-20 22:13:13+00:00,,,,,179.72855848024406,,166.38328220626087,,,,,168.08594199888847,157.90995207790857,,,,128.24694974606538,,,,,,,,89.3804265696684,,,138.9143863398958,150.45249226036816,130.1602211075202,,,,129.91893822664937,108.03045614165771,,
2013-06-28 22:19:33+00:00,,199.5689460256555,222.63810423973084,231.98092030995238,230.19332792227488,202.6056266250607,199.65044892853362,195.58236650565826,208.83918548099803,207.64082546376184,191.261116211026,214.318807675922,193.33399529161596,163.2558290568806,151.07902618637422,156.6743958434549,175.45195547607094,198.56561816036822,203.11708300496952,,214.5677132309628,203.1769116368869,203.66332789043764,215.82735421788024,218.90723064290552,217.7895864767573,209.5622458498336,201.53481672618278,185.6631132730316,175.23723271594295,182.62607468204305,190.9997864734068,190.76598681660283,177.9079431709191,194.19769422090658,197.480350654044,178.09776863682595
2013-07-06 22:13:26+00:00,203.74363947173353,218.33076964367405,219.19859310761697,213.3278537085932,212.48135199293938,199.61013476525275,185.3694107455561,183.1488979446835,173.5318482232582,185.62258968345347,167.7511931068399,183.6941375509298,,,,,175.69299216099967,186.53714629371416,186.11579249458146,187.9010044784862,195.80136165100373,195.256468784513,180.29397811333914,189.53014660378707,202.19686742559884,200.8741774981327,203.73277621009086,201.87517153386256,199.5223536864766,189.9488042836502,,,,,190.673743329795,178.14849271588577,
2013-07-07 22:13:48+00:00,136.29167903439935,193.5211492077316,195.00244420552937,199.42210192283312,199.63455391640582,173.7165759466664,169.06319898054636,162.97254821018288,152.42172101848638,144.94471771893654,,152.93457020209854,168.817918141433,161.14462627149456,158.2868951592619,159.86949424253837,154.78182707282454,147.50213998296186,132.1983366137621,128.91241014943012,133.09578917115022,165.23330107811785,143.68340228400797,155.8967152360309,176.39692615354363,184.87982396749786,177.69444558043307,174.2438469231501,166.06985498495635,148.2668561731066,,129.29128449102728,150.10291412365288,150.99989488832838,148.6523072083865,127.60625578493844,141.8278651791654
2013-07-15 22:07:11+00:00,203.94472319726268,208.48738565608107,211.8367271489324,,,,,,,,,,182.5060722307911,176.5771552512233,144.31167508545832,151.3767957525859,170.9903088958465,175.38459990555168,176.7187207718297,169.05403812237392,189.52435331502028,,,,,,,,,,149.48986625621689,159.33104294454944,150.77256287159148,,,,
2013-08-31 22:19:38+00:00,202.81642280063014,199.65501308635672,195.8602423152669,195.5108096095526,185.79444579082946,185.51241607938022,180.5191355760911,178.48556830996733,178.0712372027068,177.42187116030075,158.6799694637593,162.6019273930598,164.73496566958588,163.05340437187922,155.84497547524902,156.24241319456266,157.4389239063458,166.12796251528124,173.82592386348634,165.1950397894424,177.98920050123343,186.31317262832545,178.3394892332296,180.01044960393176,188.81425104651464,186.95185567834625,188.14899800183224,184.70794268039128,184.37492798498292,189.49878753831777,171.58701932573953,165.0455744263884,155.54965266298345,166.9306258905115,157.8203163555903,158.8076675213935,165.71213049924063
2013-09-17 22:07:29+00:00,199.94827261778406,202.53783818089477,199.56072687534473,198.69116733600404,196.6583227487263,183.9673323749158,175.43952207057552,175.84072673347274,166.27511234676356,176.8345437384475,,,,,,,,,160.6813782370075,162.62134336664397,173.78486343373322,178.60594019501204,164.82217999248866,174.50750871201168,177.08769026691272,179.5802889729296,181.61131127909064,177.78321751693827,,,,,,,,,
2013-10-02 22:19:28+00:00,172.5920075682503,196.40053092187367,185.30731971779392,183.3502328976943,184.54864604261974,173.945724860168,164.00329387401155,152.66244571180982,146.37740040261735,156.41661163664497,135.90298147173678,145.96747702978132,155.13444648247255,158.928621765641,157.97288366534934,157.98502093498468,151.95905037769833,148.6427336521655,137.12120084458456,130.03611019876547,144.02727667841896,164.07831296457067,136.55125670803238,137.95403916345458,149.7963967169425,159.42600099311736,167.28888407641867,171.03928446777925,175.81156104224883,168.44457997789564,147.42183134118702,150.487510156347,145.84159780879995,147.3562950747306,149.93889199656564,143.75996459623545,160.54414158473887
2013-10-26 22:14:03+00:00,204.9371290835555,202.38631526005025,195.26253714972736,188.65015449912272,180.00701186186961,190.33427576805917,195.52567899939575,190.62757352248974,,,,,163.20980908752455,162.65502631153794,168.89221236279002,187.20275782115604,197.64987516940425,191.46858360021162,190.2582459402057,193.1959447399988,188.9232567958902,185.6761801599653,175.1250155020252,176.12968269249868,184.5249297009569,177.5311936467509,,,,,178.79937172546104,168.3211249999221,165.63561641459503,170.95140068388878,164.5800427453768,163.69291772447042,173.81367611793297
2013-10-27 22:13:31+00:00,177.6056899372841,189.10044846099922,176.72720200467387,175.56290720130073,167.3589821386307,169.00085364863858,164.49575240072667,158.48775328504593,158.98706544146728,,,,,,,,,,,,,,,,,,,,,,,,,,,,
2013-11-03 22:19:20+00:00,216.9157639515782,218.17553636130043,212.06553075651723,221.18275262599167,226.42672554707863,206.18767324951307,203.8498528791663,198.67633069442635,194.2201302222265,218.2923620514381,181.02814979933146,202.32813744756157,185.05122304789433,175.4179268131122,174.67224443207422,178.9201266339229,188.89375051137526,196.16820706959965,178.64986953671308,189.3168918381684,203.95657169546524,206.9748010854298,198.034807525146,198.4213365606932,201.57844943045347,216.20164143581678,205.80051955854935,209.659776693856,212.69264410646292,194.0200374013508,173.51408358139238,203.50162775781342,205.23660660903175,188.9279884318233,193.71518662534714,185.78086055229673,188.5099072564989
2013-11-12 22:13:32+00:00,198.37935316817854,195.895605896104,194.91395306336554,193.4730015913535,176.07882969261703,182.4651351146196,178.3306898064506,179.6664872262898,181.72280304257987,182.4531521798283,153.6503132817168,152.98963694730125,144.9936220266112,147.5166356051658,152.30737889466215,168.5211745651356,183.85690892564548,190.1622363845675,195.85110811063507,182.47828733731703,182.2575099722185,181.79327876990752,176.6029110402119,169.30805240667465,170.2244723122241,158.94010068162768,164.65280676357224,168.9786864488333,173.31496559975483,181.8967652148401,171.5179408048558,168.32253192414296,161.25013029908547,155.79892875610406,146.0668957829314,135.42329932360116,156.2607630743958
2013-12-05 22:19:13+00:00,225.3894761829049,218.02032850657673,220.1755308192095,223.924894691065,225.22690341386289,205.70971265314105,200.02145048624638,205.2705979872262,202.525415861203,224.1978936440405,202.17161968767664,209.4647779295728,184.27288068139706,170.2109395117723,171.51572379732374,182.41872472472247,194.19860493328517,205.30480770451263,158.46917382404564,195.64208731262983,219.94299736303242,210.61805007738394,204.0241823989877,212.20618226075425,210.68861854622926,211.73091781815356,204.58619950762716,213.8265481282647,216.88166104411164,202.5711995790427,172.13784869057733,215.12955592069835,213.57651199191068,200.972728940047,203.90923637307813,193.19074311022135,186.96169105959473
2014-01-06 22:18:54+00:00,198.69551494004347,191.8498141908043,195.15465858854506,202.0214828041917,203.481062410746,207.3038628048495,204.94591956773925,187.03785454832243,177.25843357080257,172.71523406865907,181.20032990613063,189.133446969722,172.87230784613914,159.90434225354016,158.66122404307762,174.4744766610857,191.23123591485142,202.12898496117828,213.9204577590759,204.3538814119152,193.99839236277484,184.08937681402813,189.61213424199263,196.5768364357568,198.3433758345799,186.10215022704523,189.08974294614052,187.44335816242256,184.6998699769924,182.78204555448278,178.91549413048878,173.2615116413349,175.7444160383941,170.4274472838762,171.8908544200229,165.01890197089295,166.60257485746578
2014-01-15 22:12:57+00:00,207.53511111247946,198.8771510410004,199.53915329591945,211.94826918797764,218.75838452927377,204.72443321274415,189.92316853110282,,,,,,,,,,,,,,,,,,,,,,,,,,,,,,
2014-01-31 22:12:52+00:00,194.9038363016334,209.5089004627541,210.4529276915886,224.83763719624008,228.63361037463855,206.58255079155097,204.2810698906189,189.8163836644273,181.02106491859877,207.99011866555892,,201.42452661536166,188.71935936782202,180.60534038440636,175.54064750908702,175.9147584248209,180.28371647535172,198.80001693114235,165.7260139526811,188.93757790232024,205.68554635248177,195.98585574229887,197.98644566771895,192.54343205163704,199.35622109248806,206.21144626846763,206.59387906674849,203.84368671234313,210.63876620921351,171.8694849787296,,,,,,,
2014-02-07 22:18:33+00:00,187.77116237003705,188.33042512131993,189.85389651021578,200.3377134508061,218.87744284065576,,,,,,,171.23059405829005,162.84144850719696,166.11764468117434,160.85808733094467,162.0548127402043,197.00771680599593,,222.87591034229393,191.56707925758727,197.673500051082,179.0044619845251,173.5009685598488,179.25798166113103,204.7509595123697,213.11222861062927,192.4971989103396,181.6460936229244,176.2954851964618,168.65508924149415,,161.90772126898835,169.3491439939284,167.14404546191216,165.4353459382468,175.60675602524915,165.41208362969866
2014-02-23 22:18:20+00:00,190.44195556396755,179.22758900990056,175.08318015150158,181.06178556819543,202.34522164624383,204.2786155210176,195.52500983822418,183.0191433979222,173.71487661748728,170.6477872557899,,,173.8410233431565,176.8871776644173,176.87244991168606,174.0060302201486,185.72034753107468,193.82328503746706,190.20446021752701,170.9353512295976,177.3878527431437,172.74154187211798,162.2471207455964,166.4780758118497,184.3509019534929,204.3323805221528,198.3450912777328,178.09115748409022,169.51751605249765,172.88595015126575,177.88255441433083,165.8399834196337,151.22754010643385,161.28569743709747,158.08649020424528,166.52421677370108,170.3461396915969
2014-02-24 22:08:31+00:00,184.9320902102116,187.0388412887044,176.29066213048804,182.81752818305196,184.3356668021299,187.5616186552649,180.2638319756317,171.29788747514212,162.5992511260749,157.5436797430636,,,,,,,,,160.8965265000901,155.21294500151856,163.60214301927687,162.90074909846024,143.62789699833743,158.7986634079616,162.6387607601157,162.0064488686208,159.989420515392,157.18148088125272,,,,,,,,,
2014-03-12 22:08:38+00:00,,,,,,,,,,189.55135416240952,177.78091317785845,184.0900803420592,183.23347609649738,178.6483125300557,187.10574193474088,188.23176866274383,202.19063353738173,199.79746634244063,198.6973667868164,,,,,,,,,202.9715920697861,198.43274875054573,196.0628923333328,186.41865528144413,186.22868642277805,183.18624551171246,182.41961647297495,178.36628881575808,172.21480463868124,177.47352433427963
2014-03-27 22:17:50+00:00,188.52637709836878,186.60564426023743,193.28599673688035,196.38574817209442,195.80714653902882,194.0190845839611,185.7976661820319,181.5587955620476,182.4936866549464,185.74347254646767,170.14574927488337,172.70478794217289,170.57842290581243,169.84490092563868,174.19738794447915,180.21523426264562,185.78611250845782,186.04802251233906,176.392189392335,124.45961210760068,131.0734367680916,164.87989958498213,171.23680166168683,167.47913659399475,179.44962241850214,170.16264425751845,180.48999731874306,188.0390510161768,188.7765353518132,178.8629748420702,164.17792804729316,174.96287865457424,161.18497910173255,167.69141297180144,156.02047692830484,136.9364201986741,
2014-03-28 22:08:46+00:00,,,,,,,,180.25715100441198,172.6033885026079,181.11801294708897,171.49033179166503,186.70919768412148,183.7096959529159,177.76083028548697,179.56801839885628,172.7861199489424,168.9985151757989,,,,,,,,,192.00003114046385,194.98638902154875,199.68141607356327,197.3617626658277,178.576753485348,154.58191982543866,168.78590923635016,172.66555802101527,166.9419110768495,,,
2014-04-12 22:17:37+00:00,202.2640053077739,206.8667389935615,209.2360202423725,211.8382498042372,214.05902309311438,205.28648641374272,204.516440404728,208.93887957568927,205.3108634740368,211.56629525479164,192.69313324968743,193.0963431110802,186.57144202589674,183.81941732923727,182.1260132877736,187.35585642293637,192.2600888966564,199.23865481905807,201.5452650498436,198.4749275621819,199.77424660961452,185.65214885172048,192.96969842700435,192.516397234202,199.3743899879967,204.17953045830137,207.50855461677003,208.72135804869072,210.37330572956222,206.52194552161183,183.7479388702264,195.8211782691656,194.1571487030863,190.80005105142175,191.62702723944324,185.53062598864733,187.30224196071345
2014-04-21 22:11:42+00:00,,,,,,,,,,,,,,,,,,,,,,,,,,,,,,,,,,,,,
2014-05-07 22:11:26+00:00,,,,,,,,,,,,,,,,,,,,,,,,,,,,,,,,,,,,,
2014-05-30 22:17:35+00:00,198.80442222657794,204.40473324485723,207.38119617636517,222.73415574486677,222.42326551368146,213.0891256871313,202.05304240296323,205.4745428325592,198.68445257600774,209.6906588643407,179.6930364258501,204.485342934038,193.91252535201798,186.6162088806529,181.21842334472134,178.03943951040793,181.07270158207172,186.80720383882652,174.55645119538048,191.3036512774903,217.85911294255726,190.33653089735108,178.1971124343659,189.44079743630098,202.2597748299652,205.32353541212484,201.16551807178098,203.63758409972823,210.22147594516247,202.08247513351031,175.02530561601156,189.94567069854912,198.07183506233278,190.52129634341102,182.48002308925751,177.88223075170586,187.6345086067924
2014-09-03 22:17:42+00:00,,,,,,,,,,161.7412137821844,167.96276002048376,188.24684993222567,212.03922286083247,184.50718476466983,144.20278991770684,141.614789028517,135.07352154960466,122.3768286826945,,,,,,,,,,,198.01825471969738,177.0958638365176,136.92054377673128,124.98967102030326,128.22041324929774,159.7817037983432,157.96139700813916,149.14334788926487,145.6235932830308
2014-10-14 22:12:02+00:00,184.88777044075783,178.80554465013194,177.15093381668643,176.62428089822973,167.76523449871905,167.05234710031434,158.54730559664307,152.47955421936845,139.51624483575475,139.99412463332663,134.89367840894408,137.9689315647835,156.54721347392868,164.68381197230616,165.4134479102215,162.3216785037843,158.75443763752617,145.1275988825208,144.31768209138977,138.84983412281832,141.01765590626863,158.11830957001058,141.68080254388298,154.75998828499894,172.6622679310533,148.91769171426324,160.27307106742384,152.77742063120044,152.06728108576718,109.7671182182929,110.18620330233635,129.51149777818372,149.7155044094969,158.35622801681117,158.3889796021454,135.70203959540564,146.5526134123429
2014-10-30 22:11:58+00:00,178.386706502965,171.05318886429603,168.32144986286946,169.46241018701267,155.9606913625484,161.80246580059577,153.28795950480117,142.12453894473657,145.88180896316027,138.17362400778754,84.23410452159123,137.7778815852273,148.49402950964927,161.3975532441566,155.7800221522012,148.6361833999405,151.5753097122592,142.0757497423175,143.4352233092082,106.70566928691954,119.79714695555859,139.6916568166064,122.41799316898164,125.06811345238492,125.66205313739599,130.43806651252305,151.2580125690053,,,,,,,,,,
2014-12-09 22:10:12+00:00,,,,,179.9384658609589,200.4368713223795,201.07902889275718,196.46699758355768,190.07600219519904,203.07027004462103,159.2136444758242,201.17563955195538,204.1257051185941,200.9403811695501,180.61183737705232,,,,,,,,183.6990956621445,193.13366542580363,203.89728911176726,202.76614150593437,204.68507031855722,203.92226219221723,206.48906018081323,169.74237435093252,179.04925332730312,206.39537483252187,208.0624688182711,,,,
2015-01-02 22:11:50+00:00,197.37260083199155,196.2969265524002,198.15477578872154,203.45970628264757,211.96590843203484,201.6718516614319,193.89552519643976,186.28163069067472,179.22132801127896,194.15393531382384,179.02667995950412,188.865838877797,193.277831544647,194.08763715836386,191.05839280613912,182.4867571839652,174.73403787480902,167.34699531219536,166.59527819572102,,,,,,,,,,,,,,,,,,
2015-01-10 22:10:23+00:00,204.33916167328678,196.8274002513898,198.07805290782792,210.4939435152065,203.3511946738533,,,,,,,,,214.1385069372551,209.78640919539453,204.36073010100824,193.5254300010815,180.88685444840004,172.31313793235137,173.76088944928082,175.09172604294582,160.72688448647924,,,,,,,,,,197.9127712172504,212.47823641480784,220.57476842520634,208.9977475436529,184.373111563536,165.42028415879562
2015-01-18 22:11:48+00:00,201.31184865320816,199.55425639027692,203.95619299719067,211.62300603395542,219.768608275199,199.64726244573708,196.78753103626363,188.5505798376591,186.80287110251,202.6044807764733,181.87556408844722,206.25626764296783,206.26219407355075,208.5804829509394,202.99289937367598,194.54643554809212,186.25263606334366,181.6788531798236,177.95008093952384,174.6908646855997,184.93145993896167,187.5866641266494,179.0928934010169,188.00843609980646,200.16909000991205,198.56216922291472,199.84073741496368,199.5274876701082,,,,,,,,,
2015-02-10 22:17:50+00:00,211.01434846646987,201.5519214184429,203.02136223984826,197.5232269636309,192.79238125959682,192.26399903498583,187.96836799030194,185.9207050081887,185.99052064398984,189.4829114353555,174.74319150742315,181.8274014970883,190.01617254744062,193.82584763216286,198.68605369015322,199.78942007014854,195.09226822938845,186.4169593845924,177.65601898243762,158.29294152743523,161.98197000802537,170.38610197870278,165.7402766186662,167.5807624261821,182.1353310144572,191.1876347294437,193.95718658860773,193.04834591909298,194.0454661047671,197.76292361064802,185.19454677057755,196.5736231579574,191.87012033642776,196.16708514759867,176.2150645954792,164.1957442107648,168.8039883534386
2015-02-19 22:11:37+00:00,213.87742217972408,216.6426799807641,224.29245864226846,239.060361540763,239.25863787192043,215.77328989326497,210.5634394613897,212.79923920638117,200.41545168404025,220.72236781149985,183.0928034816047,233.5514057264677,215.31786753080323,209.1127656393532,207.41440346027488,203.3943432257171,208.840925948736,211.85043488165573,186.58325914056815,189.20833055466144,212.7038390537493,210.30532078619802,213.99679741237395,212.6042861498322,222.84445572759682,234.74754660708575,228.25529223161737,232.00038073004913,,,,,,,,,
2015-02-26 22:17:46+00:00,167.21190698726895,174.7175970842699,175.61343579916576,169.2712011696768,162.89122078220308,165.62283889384668,151.57420404344614,144.41593794337385,140.68917470935475,142.25832447190393,,143.8670905570542,163.5541118432161,168.20522399303934,170.5532572008064,162.71432221214494,152.22341168578515,142.99221202795889,138.38010766799687,115.5624798345963,123.0916079967707,146.40792757376687,131.71458506169282,122.9833868123167,138.43187688614157,140.5333465178407,151.31226081118956,154.8744696828784,158.46108497999757,148.03673134068205,96.33326155859199,128.51980705984187,140.08999240062133,163.9518102469738,154.21730957133065,141.51237109983288,142.76371175148572
2015-02-27 22:10:40+00:00,204.98800786408347,203.94803797154037,200.8436636540596,,,,,,,,,,224.8440767324869,219.2591554056715,207.2923681451888,197.20597615861527,208.68740856329495,204.36874608119464,199.3620261845399,199.85358652635523,195.8476341810532,,,,,,,,,,,201.76763620913903,197.3757414162168,202.0666090518972,194.2699227160208,181.97327483763445,169.45791934910065
2015-03-30 22:17:01+00:00,216.40179098967835,213.54499209113771,202.21938309648675,188.2332391943284,181.0443265896073,183.8949404062157,193.1789057395785,192.50382543816892,198.649700803762,196.56453453664471,178.80538504067025,181.8782175818064,185.6713682126795,188.59438697024726,190.60584755763222,196.02499379582162,197.7115230629547,197.20994575597902,191.98261994693632,187.68311186171016,161.29633432873052,175.44947812327044,,,184.81151098495224,186.8194956066935,194.31879514410392,200.5677413309822,200.01002006929448,195.40644880693705,192.93126596970427,195.27492742113424,196.2085779403521,197.34991727081555,189.9379347417041,181.5794390711008,180.10979248407162
2015-03-31 22:10:52+00:00,,,,,,,,,178.43166092273142,188.58446574132228,167.55935560552473,168.65316448421564,177.66209151293498,179.4608192919675,184.82054544819403,182.6086161138946,176.82902070586962,,,,,,,,,,,193.00235338978052,199.4658356917168,186.71241078564717,177.84228972129887,193.9894389345332,191.55817219875414,191.84189465048044,186.31540971496716,168.9433030316124,
2015-04-24 22:11:08+00:00,223.65415729266715,213.16122090169466,203.9164238338026,198.1807232681844,177.55041822828105,181.75281795188738,204.52155731888806,218.35403778554505,220.75686903632845,210.10556648593527,175.5069605961728,185.83976124665568,168.26221175267108,160.95102470897226,167.75625430950765,185.1286459665076,219.62301547035887,228.18624035829532,,216.9439934962602,202.9422212234788,190.26316328802312,190.50721530587947,187.0383454656397,192.01382753046235,193.2078348576723,194.87119484226093,193.10194668336183,186.6797490775118,180.39724554863747,176.16731720562478,192.09621625332312,192.3042085243933,192.81454720276395,194.27593412571656,195.18333219025627,
2015-05-02 22:11:08+00:00,,,,,,,184.51745427616888,188.43118487876313,167.16276735963268,196.8304035558751,159.63018298756015,168.85255620784952,167.24845392096924,165.89945026888904,168.143383595155,,,,,,,,,159.65473840916633,167.80105814458318,185.74280146629144,188.0709557611923,185.8026065162794,187.84610138947147,173.25920712125628,141.20907712222055,177.01024528213048,187.73349219002932,190.28609765187818,,,
2015-05-10 22:10:52+00:00,215.8779892540401,205.55348133537422,196.11692963638427,179.45303672386112,167.6061757716734,175.05772042994397,176.15829606109065,166.92894637454629,168.8178353572028,161.04199636342892,138.63100299634797,143.59944075682483,156.62436592809973,156.41561018263454,164.96364372276759,170.14636882707288,174.12902160581612,165.2319178922632,169.80485950546995,176.9042680867716,164.22823318552764,161.38997078117603,140.64219767497977,148.705763948097,160.6720966985065,149.25267020396737,168.17509264368803,163.4735067549966,164.9630009272964,164.5302826149027,154.17184926085008,164.96959057961328,158.3448076114697,167.97937870775374,145.3693973748419,136.87165639666486,160.4470359135619
2015-06-03 22:11:21+00:00,,,,,,,,,,,,,,,,,159.26131892673772,164.19543616161707,128.35890782995074,,155.19486056733,174.2704462458898,158.62803074962056,169.14574537580017,188.47863086684413,,,,,,,,,,,,
2015-07-29 22:11:25+00:00,209.24173220142734,201.4659276135339,192.9442389109651,193.07600091873826,194.023021754,183.60322312411355,180.4320441994438,179.76084696666874,176.26592281447182,179.37238168809984,156.56889542683572,172.8888826932204,172.1527410264626,158.23071737512782,150.0255525902721,161.29968636071555,166.05419483745735,168.45941394173263,161.47660679992043,146.57092425148537,164.00033359808154,170.17395455704929,155.50997588327743,170.23229167908562,188.070383138165,184.59313905240572,186.01295567328694,186.32683399577385,186.07709279044911,177.2482828665701,170.10024740091177,163.71092179783642,175.21281730621655,176.1860696400934,164.36605977993526,156.47838035815576,164.4758758891057
2015-09-23 22:11:46+00:00,192.351350071436,190.2436366862047,171.334759751756,163.8142398731058,145.55179862572842,156.7282045432478,142.77337228100626,133.34420893163173,,,,,,,,,136.19126984987028,134.38685590726135,153.35389913284595,111.99181520168676,169.9370093908766,180.857154229594,160.99194040093985,153.5998331623939,156.0286987270685,147.6947994263232,,,,,,,,,124.109604761078,114.48057499774214,131.936373385521
2015-10-25 22:12:11+00:00,,,,,,,,,177.18207946374707,171.32493806211275,149.63526442000187,164.5258310035852,166.8534125747512,167.6195967033142,163.66445292957266,159.67536748190062,164.36551792392305,162.55570087266025,,,,,,,,,188.2310278443853,186.97894757227635,188.5110280206651,181.83662786118668,152.25588379411874,183.07405214635577,175.08117507408977,175.80180466491439,163.1722493013155,152.90728014768268,
2015-11-02 22:11:55+00:00,218.90798073897423,220.82335762001205,209.72439487668186,208.3102621791876,174.27389825652898,169.0574158546005,175.93521285002961,172.7829642953816,170.30749961137738,174.12972776378209,153.53815972465577,177.25855870983327,162.07370397839114,161.03929086874004,158.7045384597657,158.93499967975296,181.0469705347375,189.76329902196994,194.23721062274544,190.79248941934136,202.7569489787178,209.2162146063958,209.28457088304992,,,216.9053385701714,199.13070305261485,185.28387408079155,182.40346855372687,197.2753028802902,,194.10820421426405,188.06613675965875,192.4200457079312,176.2415802948833,163.8414388332677,168.7857379237853
2015-11-26 22:12:41+00:00,199.81825670444658,196.7665090921456,205.7146862306054,217.73743632309936,222.29034079065227,196.87283631305723,,,,,,,,179.96163514272814,176.9805313968173,175.06885814269026,178.5051489234382,182.18076678154583,165.49619622004084,175.13645729174954,190.68957729442417,194.84517327826438,183.26048109085787,,,,,,,,,,189.44004360168725,188.24914999446224,183.55520555379172,168.27891017540819,177.24009581813988
2015-12-20 22:11:57+00:00,188.25344862583364,188.15475161539405,187.77760123590767,177.6681435288916,166.6210130270488,162.5492523244124,148.12580872614527,130.8584053810662,141.07805968616273,109.56555469310177,107.61434473211816,121.81641249823929,147.03127004541835,153.59669486866048,152.35755756571072,155.24297402782724,148.95565276411773,132.36041138560816,142.18958766230324,133.846808325889,149.005187112553,164.1731855399372,134.5564701676971,151.7044380155156,154.09463749139692,152.44653908255728,165.82060934160884,164.26463148851118,159.4334233521605,155.0622566083288,,121.44872081088221,127.94543174188078,144.94743869906983,136.72677138822917,127.8441028233531,146.99552876250033
2015-12-27 22:18:07+00:00,235.29871814458383,221.56330157647378,224.991424590356,230.00625766940348,227.59323205663696,204.61249884760431,197.80314340928962,192.48071225928607,192.12862187099407,184.7918580059125,169.20341373389115,195.98890614453464,183.37521114658855,185.77218327929234,178.3127844632956,178.40110427989057,186.15542097235036,193.14886755248355,179.2889378195534,196.45303965911168,213.23398564404496,209.72703397348536,203.36543278098355,214.5766924760377,223.25819311467336,225.112016574174,214.43766285189716,214.67782501650538,217.11859437160768,202.62235791383273,181.835314978257,204.65425352429503,211.53810783744183,196.91969784062871,190.53344485916767,188.2976764164738,184.56120695577107
2016-01-12 22:18:04+00:00,238.1293018972537,215.60006496253732,224.1402347832902,229.90765383717812,223.222846886479,203.7015857889067,196.6603511354535,191.93238108887755,194.19969871513476,182.3893846375264,163.91290848055698,187.93519867372515,188.20880712077155,183.65121000167545,182.9545488658588,182.06337129571702,186.10092600365851,191.20326427465733,183.47035951234508,194.8160861324249,209.90312945455997,213.47331593717468,208.79237585740827,206.84910790221417,214.74590493764356,216.09711840430347,216.92709223722431,219.80889097001253,214.91497694704202,200.15493044163645,156.87337725625662,189.04219407807182,198.4635058767738,192.20755736881193,187.37655070612684,171.49378774908485,181.80690571091372
2016-01-21 22:11:54+00:00,237.45250207306,228.46944408351692,231.79635560927585,234.5266565413578,220.9712050587962,203.1729845981334,198.31216962801696,195.31831708739398,199.87072730720513,199.21483283157937,195.67492258965967,196.2968125165722,193.08528686082295,190.97859507733543,184.88846231101746,186.5004850978337,193.278216310024,199.22886792394635,197.7120945389438,208.0263152858668,212.8987134748213,215.1976812586271,217.00876406478463,225.5897936368289,222.2214618248367,218.5276285217062,214.36608840330115,218.35647940298375,219.05513566310887,208.26247343086268,192.9389584381552,189.15409310040243,194.51665142021574,185.01934865817182,187.35990902456226,182.37773605414333,188.2316344134684
2016-02-06 22:11:49+00:00,207.98042388538553,186.5748212582389,194.1111428509254,197.44635755593092,194.58952946464825,176.42765747538886,170.58881829026873,153.86568476927133,162.86315353540672,165.84348861926355,143.0949396071626,160.32589155800702,172.4480230855575,171.616292235099,170.66339264259818,167.7780056400832,170.98767917153998,164.31311400570007,158.73409291811564,155.6929684402998,174.6382481126181,186.7600011016318,169.16351434269404,163.03474192455909,173.17257808258825,184.6201857841564,187.38988537604237,186.33021367656025,185.15848430344977,165.86096973326738,,146.7151467660054,169.30972388366988,167.51802795067874,,,
2016-02-22 22:11:42+00:00,237.9815159949453,223.1655050737882,221.88085421650123,,177.25784613246609,143.00148866992828,164.94613949174513,133.93048805980766,137.94195163146307,,,201.02792340739933,190.8342911763687,186.28517212923342,,,,,,,,,,,,,,,,,,,,,,,
2016-03-09 22:11:40+00:00,231.33579947024913,219.42663535855132,223.24180356902295,234.83664532355448,231.48139850308303,204.01711306532766,200.1388641640877,189.58511539114295,190.56659245193856,205.14257298705346,167.67368256934475,196.95413277288984,189.4234968903731,181.4203824660305,176.59272865337334,179.40575781738895,181.49994060368758,184.94983448658147,177.5354557622914,176.2762895248367,210.5096338865984,223.3463143823958,195.08203173131722,202.20466140944825,216.99754939610918,224.7896783753007,218.17190480909676,214.77075499462154,212.4362714188203,187.62355472260663,137.03189788413323,,,,,,
2016-03-17 22:13:55+00:00,,198.69408830195323,193.47698630531818,199.07774965451003,187.1542054854572,176.97199923533566,164.01606827684554,152.39126669360837,166.6142075739681,154.56831519652707,,,,,,,,,,,,,,,,,,,,,,,,,,,
2016-03-25 22:11:32+00:00,238.6381960046158,219.90085601470503,223.23582173281343,218.954090730876,217.2823154370501,205.067449612394,198.85456433381484,193.37772173897324,202.31016503280517,207.5913990549507,180.01848830021044,204.4180173388383,184.3410882603057,183.65514259217684,180.34470385165534,179.45447612410962,185.7753643422267,190.3748780786894,205.29940363942004,199.9859176547817,,,,,,,,,,,,,,,,,
2016-04-10 22:11:25+00:00,,,,,,,,,,,,,,,,,,,,,,,,,,,,,,,,,,,,,
2016-04-17 22:17:09+00:00,,202.56684302930879,187.9909662110944,191.81781298312302,218.98494141597658,208.14376552356637,158.12682253000233,135.40054674845797,150.74286859716992,153.03763925720074,,,179.08277348976387,201.17179435656163,195.48565035175832,194.7931554779385,205.58582011432648,215.29733053512285,219.45143896520003,226.82290284682009,,,,,,,,,238.74062601098402,229.07357427383374,205.79341562631714,212.38301942316585,211.99311159313032,213.40246342122825,203.59694759858326,190.41362563142192,183.15172999934907
2016-05-19 22:17:11+00:00,211.1613829050747,214.1842563296965,191.90003982538744,190.2384375499234,191.8938042064188,176.02096992757436,169.44805005210148,160.71192614464096,160.91961675482733,,,,160.26029932116913,165.93067665059323,161.91346257185452,159.95039851248677,157.38161161503592,146.9231964579299,170.41957107490148,149.80508124555382,171.0824613790046,200.8462325495619,169.2227404821595,189.73440009922544,210.4542324944345,202.0275250132628,203.53418050015844,201.57195243265176,206.49296926361617,203.18783936184315,169.75235721616406,179.373602333895,187.2461162168327,190.20987703175317,178.211417779337,175.2830237922283,187.3189364832428
2016-07-15 22:11:46+00:00,176.4626274506011,189.32652237614565,,,,,,,,,,,,,,,,,,,,,,,,,,,,,,,,,,,
2016-08-16 22:11:53+00:00,191.6622403103874,186.65192917856294,194.3710774968342,194.37569430151626,192.40469812530023,181.73296655189557,168.85370381386682,162.61001648896973,148.29749950078303,154.6113553477494,133.5820482632879,151.0566977011518,153.774484665606,151.69597239728893,157.3426233875579,157.09165571757697,162.94373212636225,156.4488553914896,145.876320031503,125.598668210697,158.09492451642438,166.33630113048952,146.66712429824906,152.72200217131936,158.96667940644255,163.14591108713185,167.66498038195186,169.78094467578887,163.14899105518822,153.22432197094602,129.81444099163033,152.80976495333348,153.82518376055404,156.05379699477922,141.30522534688848,120.5992697180497,137.11184911137934
2016-11-20 22:12:09+00:00,175.99185170049907,178.98068293627094,171.52917398982177,160.3579631606869,148.6925091659078,151.59919296935445,152.7358936354887,147.69824352424135,143.66793803464344,131.28444776609786,102.35596895914628,123.56968043498793,142.26874512400184,156.6571177128505,158.00607970198953,149.77661815162986,138.66688859977583,119.78689738407824,137.16656313203055,90.33781895885927,101.86947555692481,110.66507514780308,101.09730588405446,126.37729475589995,124.06697786318983,125.84084362083118,150.97802009112692,159.9748666644843,153.8574153489509,144.99312556593358,,129.23549620525878,129.38087595089138,150.6173864070415,142.63118896649533,115.70541668499611,143.67107573033468
2016-12-22 22:12:03+00:00,206.79719484377725,214.8858088063347,199.97809310492795,184.4629632344227,168.96638558313376,175.9910802538977,177.366121694673,164.0693139623232,161.44726491358932,,,,,,,,,,,,,,,,,,205.84226856431377,180.102277502,168.4617321765764,138.87168643817574,126.89589851939401,132.7188973739091,154.15562976420543,182.66421450650026,,,
2016-12-29 22:17:49+00:00,211.9460065450548,,,,,,,,,,,,,,,,176.53484207991423,170.9767656723409,158.53523317728167,169.3190379252514,180.3146479116668,156.9870118547762,170.66045959565164,177.88529093535698,188.79539469418245,202.98221210935074,203.03254279540943,200.213145315637,200.41813002416927,167.0317700424912,144.81167768424166,178.57406125823846,192.1689688309408,196.9044307382123,194.2167267132918,180.451231859732,172.43416177045472
2017-01-15 22:13:57+00:00,201.7946696091508,204.36276517194682,209.6934450477624,203.06210641626416,195.2621169813524,179.85464476938347,180.39967267603328,,,,,,,,,161.17756619556127,156.32933517130203,149.99835393192782,143.0482569694596,,,,,,,,,,,,,,,,189.96588836392908,175.38661050151111,166.4466844048083
2017-01-30 22:17:38+00:00,206.17656901391675,212.25844002711452,215.79813691943247,221.95015625199133,215.37807193399019,192.06889075862654,188.70646295007404,186.23298812648054,175.6700233855566,182.86155245979322,152.59312517997304,196.76660991192773,192.5857862038798,188.6175222630787,182.3092922995111,177.04509986913826,177.71416603370767,175.05146818718836,159.66599738306667,160.05480441353774,181.4332646991043,152.15813601516783,166.4156688299528,189.92417755555127,193.84795650928385,200.1855031642227,207.32080579408748,203.30143959999498,203.5506395082705,169.40658189240216,130.4506954268066,170.48944592474047,189.2169623987985,188.78643392055307,182.0195209143245,178.03379010823735,182.15921464155437
2017-02-08 22:11:46+00:00,221.77046058729715,215.28088527653236,214.61522145234775,212.6759526179044,197.27154467215746,173.38795279258466,172.65038365151693,175.15475672599243,164.36482260207876,182.65052563639162,175.11829177406258,194.0209845851971,197.65543527541135,190.51109221722245,,,,,,,,,,,,,,,,,,,,,,,
2017-02-24 22:11:42+00:00,,,,,,,188.25848267311844,197.55679311854394,181.51884164625764,197.7254319220727,193.82498415263677,208.41492115699563,202.6365804251545,203.27470437381456,192.0613527527126,188.11354765117463,204.70205498897033,,,,,,,,,,,,,,,,,,,,
2017-03-03 22:17:25+00:00,236.32318013551588,222.79063919100471,220.5581581233555,218.17933896638897,188.4043292176758,171.57990459976966,163.60286831793852,174.9864887469085,194.6363272746727,190.95301764248305,193.3561567104485,206.82581434255968,197.7141461815951,202.89009448749803,197.09691013787878,175.07863720770717,166.77609764010452,171.5744222238342,182.39898059892667,181.57841024987013,168.37491796361482,176.83338982981647,183.60090074905105,188.8667364914217,202.6297136326993,202.86987595158405,212.758678965857,213.1237911485181,203.5846858682606,192.66642368798912,167.04456860802142,172.81069965425675,174.73495684956893,174.55206660886074,189.57034650292286,199.99173620888345,185.4060278108153
2017-03-04 22:13:55+00:00,,,,,,154.50640298059506,151.42105318614026,153.31463273645656,155.67021781013185,149.4788406683021,145.95028868823698,151.63674532830984,172.81735412840254,179.3854819997139,172.27709232163627,,,,,,,,132.23818061970633,147.73117000141025,146.26088929304865,157.48701637862536,179.38266309186412,182.71544588474694,176.06949016793084,168.4805354709438,144.0847945381553,132.30342387821378,126.28516184462302,,,,
2017-03-12 22:11:33+00:00,,250.495067560736,,,,,,174.8254641269441,207.38344187928237,,,,,,,,,,,,,,,,,,,,,,,,,,,,
2017-03-28 22:11:24+00:00,,,,,,,181.10434404419183,192.47275422787575,298.748518110125,,,,,,,,,,,,,,,,,,,,,,,,,,,,
2017-04-13 22:11:17+00:00,,,190.69208662778354,210.0221352985582,198.30852863017662,181.14971808118202,173.8079037713781,164.20657001541272,146.85520449457567,146.38940880273282,135.1861166254061,187.7064192249681,182.66733528624326,181.81278810204796,182.1216078954225,175.43398606836243,,,,,,,,,,,,,,,,,,,,,
2017-04-20 22:17:23+00:00,210.82444459664464,205.6707978814146,193.76057963039813,184.33542731850068,166.6238687173425,163.179183343524,156.411133500606,156.11957021077313,158.25094179363904,159.0101654888485,157.05063514457208,156.7200801705832,167.40226585745543,167.7208750788947,175.5503536539184,178.73251829487498,166.0810716209969,140.02355577095204,156.38683508858014,127.27520086749593,150.22419472238744,135.69788925115222,104.26942873425534,156.20599040211312,166.59368234627283,159.8199747978811,184.74971272085583,194.63852861312066,194.82339597927978,186.3147956637277,166.50722895247856,155.15870379128856,151.9208326607148,168.58102158614733,164.26865794597285,158.1126067018298,166.14483638016856
2017-05-06 22:16:55+00:00,214.6222691753586,217.8230893289445,213.22724480197778,195.83988703681337,171.9480436823639,166.67677367990933,172.07736024487454,173.2207478694995,173.41584179402815,178.9631947644416,,168.5784905790427,171.63120163725446,178.9179362859055,176.32275037799707,172.13824431040766,169.4283297055308,164.71990902183836,162.82322723995364,148.6351750231121,164.33411640369178,167.35224969410106,,182.21002964133663,191.1006199411239,183.18476107991543,186.16578731370132,188.0226025835526,186.6295736429374,182.46702525539126,172.49907345490666,178.18134396457896,169.6306652871226,170.20825868987936,165.66610599405573,155.36068536234302,165.9941360151078
2017-05-07 22:14:16+00:00,215.00912587973968,218.55889835008105,212.4972982666096,204.11574164085883,184.15816024228016,,,,,,,,,,173.4974825904189,169.38931529860602,166.7766272342767,164.03567621731207,162.4316223902054,150.82617855356096,171.09365893098337,,,,,,,,,,,,172.04303535192415,170.04987756290583,168.62710590227795,155.25610084120706,154.6741748200273
2017-06-08 22:14:24+00:00,224.26921758163562,233.83861103555418,,,,,,,,,,,,178.50413532618202,174.2740363416371,172.13200257119502,178.3671928163392,177.11154805819234,170.6019463799119,174.83717818055334,189.95541976037646,175.69569308418667,,,,,,,,,,195.3798375635169,190.9533307174099,183.0467749117873,178.73543188341162,165.4927887705731,
2017-07-02 22:11:35+00:00,,216.57013234968883,200.91698967077357,203.7441478460935,186.3580544332649,172.7082090559765,167.42854613423606,152.92082078487488,153.96908018415127,,,132.67386190856502,130.19008731830542,140.76267573081714,140.76803250439454,138.1385272707562,133.41122924719724,103.78053778594303,138.2733429320845,113.92709501552145,123.49506865985535,,,152.95283086053607,157.15726000553008,152.78328223056343,153.30911877542354,142.24730916049612,136.85494562989214,152.7325291420917,,112.58108034428386,119.87772979991908,134.98672137113147,127.69244491988208,130.05766881959073,156.46510136533695
2017-07-18 22:11:40+00:00,,,,,,,,,,,,,168.2795254992737,152.53407816040095,150.00232898256442,156.56641030418888,165.3409358949218,186.30224751514908,171.16183953686425,,,,,,,195.2401034807473,174.0320933958776,167.22336301084948,162.19948954520902,166.51167310617865,145.1515062071465,167.85174225587,170.90031373550448,155.94512549111897,185.00411213250254,194.54136060461332,177.08779380106444
2017-08-03 22:11:47+00:00,,236.0296039150918,232.36789321797448,223.5395744757904,209.5641114885719,208.12112947933986,216.3595647574912,214.6259149403076,214.65224649085823,204.7038375318327,193.6460252200475,195.398776221744,186.36967935013968,181.66410260437127,173.64349281978508,176.92848544968325,179.63455301397772,181.3469028574997,185.8166100159844,194.67007431311063,205.8736708307341,210.44725527819423,207.7275593087119,205.56243952227803,211.82841050276332,209.6440872639916,206.12696179365835,194.23574964779507,188.295599335173,188.11888779261733,177.6871629910333,188.134062949073,195.24028973181024,197.89436189362,190.0323382092227,190.34397650290032,192.69273287930457
2017-09-04 22:11:55+00:00,219.9542765965262,225.05979361394145,232.44891428611456,231.78755837111157,225.0325403079724,218.46988677422593,,,,,,,,,,,,,,,,,,,,204.60650072269073,191.09547549075455,189.77805672023908,191.27263559837655,161.17704691462708,189.97161096091685,191.8201706050926,191.5321888948671,190.487894239376,181.25945691322192,172.59771463151367,178.01824307542097
2017-12-17 22:14:09+00:00,200.85710448629715,203.87980358353627,206.9001504028862,211.17532687357598,213.16141594127555,197.94812827184643,193.70412293215634,191.6958806640254,,,,,,,,174.7231444239409,172.72935385275105,172.91978809362735,146.53464978446485,150.23516299871284,175.8456284485731,166.85190095140257,166.70439539382076,182.1462177042673,183.25236874897791,,,,,,,,,,172.88214712213292,175.5105944079514,185.10219860826868
2018-01-26 22:11:45+00:00,,,200.9704611869635,199.02610409139558,181.33841395479533,154.47573624295524,143.9648238821642,,,,,,,,,,,,,,,,,,,,,,,,,,,,,,
2018-02-02 22:17:27+00:00,,199.35391369535998,210.3309364973549,215.74727201233378,220.9050970585226,196.1427086612848,196.51379379396417,188.92558189113825,162.0233550263052,,,176.31692839601368,179.6788689999633,177.97128634194002,175.93234266362882,178.47648294108973,175.23991492513156,174.56445929041985,137.0019680479892,,172.37529319962482,155.15487870664668,152.64786548783985,169.03871621189944,184.34564908593518,191.09816875774962,192.15790313805334,193.14424704411354,181.9994211515347,134.42115267561707,142.53884572158432,177.54704436547246,185.95054655612546,175.45032030828267,175.01087667514,167.2551370606756,176.0787695710041
2018-02-11 22:11:38+00:00,225.26612843955823,232.6336389172379,229.10992009250597,222.08405146532385,206.0161720754523,198.32536145014046,,,,,,,,,,,,,,,,,,,,,,,,,,,,,,,
2018-02-18 22:17:46+00:00,,,,,,,,,,,,,,178.77664051234567,177.8846862621299,176.1994040010501,166.32673987106608,161.63818485375756,134.24741855236311,,158.29951821739743,153.84036769611936,151.29900196258754,169.8292989709251,180.25440055950418,183.24774611772256,185.82720018413033,188.20713918657262,179.64353711158034,116.99117285497364,149.93693820844697,168.44933963368283,174.60821303863014,174.91415364399046,162.00473940005844,156.97886185965882,175.66221465435683
2018-02-27 22:11:31+00:00,,,,,,,,,,,,,,,,,,,,,,,,,,,,,,,,,,,,,
2018-03-31 22:11:15+00:00,235.04722100326393,228.7410954264937,234.5293375624916,243.0093961416666,244.5364502995082,221.56765538579396,220.24962845828048,,,,,,,,,,,,,,,,,,,,,,,,,,,,,,
2018-04-07 22:17:22+00:00,206.31485578130014,209.17514901008417,207.99094265393242,211.48075930284296,211.0511652196853,199.9841521121628,194.40188157557213,184.35586660139182,181.06626181326348,180.36333009532987,158.50891304735148,158.5366988238804,165.97636180959262,169.1229496085924,167.09724182056144,169.3402009214072,172.52718943536013,169.57291746762624,184.75663720645366,182.94374198713595,192.85990609822005,181.27785495807936,,133.65581105961172,175.93315884569577,180.4982998719084,180.6617552048719,180.85598973223776,180.8766048053044,154.43433044564324,,154.37818154554003,163.3115994384777,157.64128670020585,153.54548615937392,138.95582789517303,125.73967133999982
2018-04-08 22:12:39+00:00,,,,,,,,,,,,163.1371328776768,153.23686422669746,157.83775749941157,164.61455981976573,158.31908854993927,156.97910715370813,155.7002970379278,172.57401367082772,,,,,,,,,,167.79632255018691,,160.0371392678821,153.50872981595282,160.73315702102087,173.20847578185155,160.2040583256356,161.1568764652401,160.55755234948685
2018-04-16 22:11:06+00:00,,,,,,,199.73160235476965,,,,,,,,,,,,,,,,,,,,,,,,,,,,,,
2018-05-02 22:10:57+00:00,225.815643928487,220.2411476456332,221.19235301954436,218.48329997425122,220.29111984472405,205.74745827050123,197.60025040025292,192.29609472448777,183.6116097324089,199.4812812096169,176.36759654184243,189.40789897675575,180.7598845524464,178.02276247844975,179.7157591642725,175.58638084032881,174.82994934368912,173.50988456185172,159.48072055652506,168.0849934032055,187.80728158891256,,,,,,,,,,,,,,,,
2018-06-11 22:11:34+00:00,,,,,,,,,,,,169.87648838129343,171.21250003809214,166.65808383273895,151.5744489466743,163.71981167129678,170.62063649464093,167.72684610832374,,,191.45691629398326,,,,,,,,,,,,,,,,
2018-08-06 22:11:10+00:00,,,,,,,,,196.31073200600352,170.9672000174064,156.60626381708664,158.65253951142745,142.3750116445369,153.37615068021967,154.82860979024431,169.27325352399424,188.93215633898575,193.99311065769913,195.1059157245059,157.64274604491325,163.100196097806,190.2702832253791,189.45363788494305,189.0044049951273,197.3654271716155,191.37754539144507,171.565949496476,163.43302024427706,167.5433970061205,140.5497694523031,146.39167731748904,159.12241755818104,158.89311319366664,172.0977913190282,161.19748814148778,160.0548954649653,171.09103490041093
2018-08-30 22:10:04+00:00,,,,,,,,,,,,,,,141.06337240300937,,180.41769987257973,,,,,,,,,,,,,,,,,187.39807746366245,,172.1979929771983,
2018-09-07 22:11:24+00:00,222.61215449684903,213.6466294906788,215.13093968620558,216.4742556184159,211.96989720826798,201.22482577616188,189.82715145455973,187.54212062101996,175.6139645272557,184.4887225501467,154.53294545802044,167.7455702092987,167.13210137294183,170.84055828789647,173.0502185454803,175.7197976317545,175.41664885111703,169.5451041615574,185.01020584159528,167.1686944095714,191.4793711166921,192.15047268202852,163.06748087557307,198.4719419640154,188.37150802818218,183.03516915716807,194.05796685479055,195.57151272732742,191.73852744581825,153.5135640074717,166.91961004587137,172.90486548406744,169.88882913251592,175.80215057124227,164.31415137037345,161.64832758482734,181.1997963519402
2018-10-09 22:11:37+00:00,232.53579896708985,210.5223598547121,206.14611832152406,223.77610679695698,226.7107154109338,197.58816315232465,191.9831621916921,185.97723095492023,167.70837042911455,170.30857714395034,,177.622400124977,176.36304570168858,172.09036399213605,173.59307556157074,181.10590583804,180.9583955222674,175.19203066976593,147.47755300433548,,170.8566328641818,168.93804352694985,170.7681170937105,185.57151624619388,197.62470105713885,201.79270935377872,202.56663672023507,202.77982355720894,195.19119933644816,156.18850721535463,,174.44809691147248,185.18674178254918,173.53162334740264,168.6541700617106,150.30887764781866,169.9948612175305
2018-12-12 22:11:41+00:00,,,,,,,,,,,,,,,,,,,,,,,,,,,,,,,,,,,,,
2018-12-28 22:11:41+00:00,,,,,,,,,,,,207.4436952142675,211.24588317126066,163.96496081654223,157.81334542140723,,210.6848601453353,209.98146909529896,,,,,,,,,,,,,,,,,,,
2019-01-04 22:17:51+00:00,,196.8362739495639,200.07517028973425,202.60109776765597,206.84140536723774,196.83855095107967,185.02672025235552,170.1525276030632,141.72173763999825,152.80711689628384,126.90328449018801,162.75183482018318,170.8111351808701,171.7737689039882,168.21618038192292,168.84398601833067,169.94654857173876,158.20117882782915,131.5756826707583,133.5575068232217,155.24818307635368,151.74776155135064,135.3361895914546,158.3258470984954,172.90584659819717,182.83731862604898,183.69420286828446,183.0787470092034,173.88632795276018,143.63433196850718,116.40207857520087,154.88171151396978,159.72766068365058,149.7602217917068,149.38466670261556,142.71557138552333,161.91039493189655
2019-01-21 22:06:23+00:00,,,,,,,,,,,,,,,,,,,,,,,,,,,,,,,,,,,,,
2019-01-29 22:11:35+00:00,,,,,,,,,,,,,,,,,,,,,,,,,,,,,,,,,,,,,
2019-02-05 22:17:45+00:00,237.44840566938038,235.6129518696363,232.19160650460918,240.03797636692929,241.48951575463371,218.84476311463538,216.39669833925024,220.3461188448402,200.1120155669115,213.24086501179025,184.91372588894058,216.3498639116369,203.17404226227924,196.416599875135,188.53714803471132,185.44198143144018,195.46395245096673,209.57907927039707,203.34733470034723,220.3374846214505,244.8946225606224,230.47844230190907,223.3603667661595,230.3879299257227,230.90297466519945,231.79991160425874,223.08907290554225,225.35460881263236,211.56888390136635,183.83820288049733,160.19416628907157,199.31659968630234,208.49948496154514,196.05761215290363,201.49285684817534,194.38636759629622,199.27381749531224
2019-02-14 22:11:33+00:00,198.24449768515677,195.4987818018356,191.91182768557184,182.22767927807143,168.5267004109332,169.7589861359652,161.44051420724938,150.95060443441128,,,,,,,,,,,,,,,,,,,,,,,,,,,,,
2019-03-02 22:11:29+00:00,,,,,,,,,,,,,,,,,,,,,,,,,,,,,,,,,,,,,
2019-03-10 22:04:54+00:00,,,,,,,,,,,,,,,,,,,,,,,,,,,,,,,,,,,,,
2019-03-18 22:11:24+00:00,,,,,,,,,,,,,,,,,,,,,,,,,,,,,,,,,,,,,
2019-04-03 22:11:20+00:00,,,,,,,,,,,,,,,,,,222.1192876884436,,,,,,,,,,,,,,,,,,,
2019-04-11 22:03:48+00:00,,,,,,,,,,,,,,,,,,,,,,,,,,,,,,,,,,,,,
2019-04-26 22:17:23+00:00,,,225.9386217204634,219.9449885055624,208.8502714708257,194.73410140382674,188.94647947605915,177.4113674324105,174.85118095075399,180.7053066478844,169.1863152474553,174.16279315278365,181.94880915821474,189.58121016919932,194.71780303581022,195.6854215016505,187.74411394069392,164.6374656977724,172.35258641826303,175.7348234044651,185.46749722738844,199.9277691534028,201.2626681354774,203.0295928319452,196.93836187351923,195.96269706454103,192.08562297433363,179.57346636887024,169.32578962211096,165.1547411105426,139.0470351159514,151.90542781558457,155.28523530159777,173.49576659058272,168.35749636208132,178.8213109063073,184.66284154656606
2019-05-13 22:02:36+00:00,,,,,,,,,,,,,,,,,,,,,,,,,,,,,,,,,,,,,
2019-05-28 22:17:41+00:00,,,219.12314798382053,215.7752629315216,216.01677583355925,207.85906421161113,199.69332509032975,192.6756861060176,187.16176420284128,183.2560309376136,175.92294912711057,175.92598428516845,185.62827953517365,194.47354366339758,189.49152444364452,192.4756980157257,188.39610281820742,184.26923311110284,190.8882610669972,185.4882049062741,197.0439871302931,206.71919845169907,199.00752976335664,205.56414374629105,202.97863196562687,198.7102667359311,190.44346833351193,179.8814208859571,171.99378804675737,173.37946518706602,,,,,,,
2019-05-29 22:02:00+00:00,,,,,,,,,,,,,,,,,,,,,,,,,,,,,,,,,,,,,
2019-06-30 22:00:50+00:00,,,,,,,,,,,,195.3825909832751,182.0157279031239,177.61816218501446,170.23999925351765,176.8391923549562,185.54084819606584,189.69638698635725,206.4815699496442,216.91906398546115,224.6580828747492,,,,,,,,,,,,,,,,
2019-07-08 22:11:44+00:00,,,,,,,,,,,,,,,,,,,,,,,,,,,,,,,,,148.4690788287492,150.20144940572087,154.30990470786344,150.46018317145666,
2019-08-17 21:58:55+00:00,,,,,,,,,,,,,,,,,,,,,,,,,,,,,,,,,,,,,
2019-09-02 21:58:14+00:00,,,,,,,,,,,,,,,,,,,,,,,,,,,,,,,,,,,,,
2019-10-20 21:56:10+00:00,,,,,,,,,,,,,,,,,,,,,,,,,,,,,,,,,,,,,
2019-11-04 22:18:22+00:00,,,,219.4796706461419,211.03465260464384,206.91928477670876,205.27572232438888,187.8435419954342,192.70071916254605,194.4199841072121,175.18740348742512,187.00729187885003,176.60407962944717,172.88604192407504,175.53282367527243,163.20365593270662,151.95541411343078,168.05152121449746,180.4937034794997,170.3001643915956,179.2487344626427,191.0979378581251,183.82406476398424,177.93299661989573,191.9277395640712,205.43874957255736,216.9282316930525,211.4386816377681,200.7285250702196,181.98877079562945,,,,,,,
2019-11-05 21:55:28+00:00,,,,,,,,,,,,,,,,,,,,,,,,,,,,,,,,,,,,,
2019-11-21 21:54:43+00:00,,,,,,,,,,,,,,,,,,,,,,,,,,,,,,,,,,,,,
2019-11-29 22:12:08+00:00,,,,,,,,,,,,,,,,,,,,,,,,,,,,,,,,,,,,,
2019-12-07 21:53:57+00:00,,,,,,,,,,,,,,,,,,,,,,,,,,,,,,,,,,,,,
2019-12-31 22:12:02+00:00,,233.90526631569978,217.18080382273243,215.50421840778682,207.51726805159367,194.45566861939818,191.1708276014745,,,,,,,,,,,,,,,,,,,,,,,,,,,,,,
2020-01-16 22:11:59+00:00,,208.32577898255246,195.30390237005918,192.3912959160704,167.62922047619222,199.86061519466494,202.45519657256338,,167.77244148436608,,,,,,,,,,,,,,,,,,,,,,,,,,,,
2020-02-01 22:11:53+00:00,,,,,,,,,,,,,,,,,,,,,,,,,,,,,,,,,,,,,
2020-02-17 22:11:50+00:00,,,,,,,,,,,,,,,,,,,,,,,,,,,,,,,,,,,,,
2020-02-24 22:17:35+00:00,240.33938006454298,240.63023350660572,229.7312501765547,237.64775328481488,230.01992764191306,215.7950160598057,208.71502290008098,213.9124987388937,203.63987075052927,223.014793724367,189.6854675248232,212.57281823928753,200.53616336967167,194.5805306510513,190.51515172834948,187.64987437372403,181.53295740579313,191.72847900908954,181.25859111056369,189.51532428612006,197.99555229812546,189.40916024272315,193.4163990081754,211.82312804981706,223.57935420745324,221.50554060158976,217.76217839423498,211.8660977655631,206.56905644695883,179.20244388040362,155.70820768841813,188.62503970795433,189.3992035977744,170.953613731311,174.07465642939866,180.7345084255855,188.24641212844585
2020-03-04 22:11:45+00:00,,,,,,,,,,,,,,,,,,,,,,,,,,,,,,,,,,,,,
2020-03-20 22:11:37+00:00,,,,,,,,,,,,,,,,,,,,,,,,,,,,,,,,,,,,,
2020-04-05 22:11:28+00:00,,,,,,,,,,,,,,,,,,,,,,,,,,,,,,,,,,,,,
2020-04-21 22:11:21+00:00,249.9726524004937,250.58230324372693,235.69325633728064,238.46344256437064,232.70855689630199,215.53814659829,208.93984531274447,200.72903689265348,191.16162131687489,210.4276244676078,184.90431421852324,191.25398709618773,186.70316847615467,189.94787195846627,188.4136369515215,187.59293685693876,188.10167672388116,187.601089636876,174.79697564891362,187.09647405481067,193.31527003880572,180.596656525654,183.06180126468212,217.57151976330283,216.1248904532681,211.34070448090466,208.912339237277,202.4727328240472,195.11052257918365,173.4137534759767,,,,,,,
2020-04-28 22:17:04+00:00,,,,,,,,,,,174.85669066242082,182.26920030096448,186.2183447828184,187.35216706754863,194.7269639615956,200.01551097255768,198.6500617620966,201.61431833753946,201.96213939700257,202.43756298612325,202.0208533513461,188.26922178976693,176.20843129063857,199.92210412500435,204.6831381399273,201.83899371927723,203.33600258713122,200.22549854130813,191.6035034546301,183.1992003956792,163.1745503104049,180.17934012098428,187.6094458407084,180.18938682834883,179.98357958671633,153.97922982502868,
2020-07-26 22:11:44+00:00,,,,,,,,,,,,,,,,,,,,,,,,,,,,195.09219626289217,210.0712906564191,199.1790559328699,,188.8322462847103,186.9316488643272,190.90572708734865,190.7822321145261,187.96192683531217,176.2006307406599
2020-09-03 22:18:10+00:00,,,,,197.2485360122923,182.40488391058062,193.33588830794162,192.2571236478571,179.85926555765033,190.45861291444936,,182.9618735168556,179.26884235177494,164.91855955599158,176.45478609171465,176.630443394653,177.98525490759653,169.3273522949153,151.31124909858383,164.21612721206742,184.29196853996487,183.69414265577703,176.14762134462467,193.54421239719414,204.24328572341065,212.18921768821338,204.35860341582077,206.59368094605773,200.92818956151928,167.77715254405112,157.22942566268517,192.55550677855078,193.38545030410685,176.49708298670842,188.0892714885607,167.0314422322235,159.15812047694078
2020-09-19 22:17:52+00:00,199.81430384767793,193.65245404138318,205.1244900990374,216.58385150386465,220.234315206244,192.68800797423833,192.18310688385318,188.98087053404856,157.58009561193356,155.2644830196772,,163.37310607115393,168.6937597042739,167.029286277511,173.4992191637485,165.9293923679661,170.65242386641472,163.17496645436165,134.44772076462726,,,,147.38336366034912,180.9007166184773,183.68811849238193,185.75355775894423,189.07399816590691,191.37080113898185,186.42750697449588,,,,,,,,
2020-11-15 22:12:06+00:00,,271.88475886470667,256.1732371295259,,,,221.1488438119123,267.307922249446,,,,,,,,,,209.81885203220236,194.86664106956584,247.50505261057324,229.11062141346213,,,,,,,,,,,,,,,,
2020-12-01 22:12:09+00:00,244.9167842146552,220.2694019789016,214.23635874833866,221.722560888975,219.68393983294885,202.45398870542562,201.3931469444758,202.43955934632362,186.16140309160636,203.33664315932225,167.04514696375094,194.07349278550765,189.0425665124133,182.4670730811975,176.4964171156282,171.11769894766968,178.26889274741714,177.9180914843701,168.93844232861545,187.6733263798698,190.48606229017383,174.1925881973675,181.52107969826,200.7117755890128,207.5566151902563,205.58226551306916,202.68521522975988,206.04375033756352,199.26485548397474,172.23045968350095,149.82935497028484,175.9690254454132,187.72256872009407,176.80975582899305,191.05024112248174,174.70732803124997,176.42966393105257
2021-01-18 22:11:57+00:00,,,,,,,,,,,,,,,,,,,,,,,,,,,,,,,,,,,,,
2021-02-03 22:11:56+00:00,210.86646077215354,209.86298470522743,204.41044874686318,208.5426710417655,200.00812510729838,193.12575930939894,182.61842053016517,176.3769284847069,181.55189250977259,174.13722620483577,,175.1679040762085,164.5437173555397,,,,,,,,,,,,,,,,,,,,,,,,
2021-02-19 22:11:51+00:00,,,,,,,,209.6800502212343,208.9090152034857,203.33331951744609,195.80182858617263,201.8601940663396,199.39806385591947,191.40940618091673,,,,,,,,,,,,,,,,,,,,,,,
2021-02-26 22:17:59+00:00,267.3123267072097,249.7651790978263,238.71135337754944,242.8560975671454,245.11610744223026,221.77612704474478,207.42099649726055,215.1901879770952,202.85776854587488,222.4953037798467,196.9207012875053,213.44813162954966,199.19728357773408,196.06963613195424,191.8964430768306,193.53548405686539,197.52207145761955,205.92948510816854,190.19812261462246,201.950612858238,207.03748948875565,202.36257600806846,,,,,,,,,,201.79548051562946,214.52999766766447,198.66375303801016,210.1050692054833,199.3033809680452,190.45192874855772
2021-03-07 22:11:44+00:00,,,,,,,,,,,,,,,,,,,,,,,,,,,,,,,,,,,,,
2021-03-23 22:11:37+00:00,,,,,,,,,,,,,,,,,,,,,,,,,,,,,,,,,,,,,
2021-03-30 22:17:22+00:00,268.12254068278355,256.82439236698315,248.7074260089471,261.5249672674775,260.1668202490263,233.25361206971843,225.62344089535372,227.1345526750804,207.55571458064088,214.2521422685902,189.62867658993207,216.15355784500105,199.78899033616182,189.48244846836593,193.33703252285028,193.46081471908968,204.77724910994056,214.43705666083915,193.98232367191667,206.79014476496914,204.51307941659422,199.93755415194758,215.86487195891,230.5577989923586,235.57756345619046,237.29736317533417,232.83737302662774,229.01802097629567,224.69312860997323,198.44293828904011,159.0660740126114,206.68136966471167,221.21699863252584,207.8564679767439,210.42535680163382,203.5080808320402,202.5587694576364
2021-05-17 22:17:12+00:00,,,,,,,,195.43252510435778,190.9282755271392,184.54277632084543,175.6702801966008,172.41344410902013,180.29798260968374,181.3832809335892,167.1159509801918,160.361491166269,162.18404595859857,156.2399175798077,166.06382639761046,182.7010462344062,163.78584407641682,174.8638745448778,,182.0386864966556,189.715226257214,186.46291100380924,195.34636166163125,,,,,,,,,,
2021-05-26 22:11:31+00:00,222.2024590907509,215.0794378857226,218.629981570997,224.13790198319765,227.09393805991556,206.48410496838198,199.7696745486399,195.44815302352998,175.31398651011807,164.05081114194414,,170.3234234253909,161.91961525911367,166.7454611088618,155.1629764426493,152.7123004162254,158.75175516630947,171.07604279659893,152.04186449217758,166.6572290518887,158.7185821068784,150.31797184665277,169.79367529530134,180.9043440397909,189.24491344786924,200.05208078653678,194.01020044377702,193.48298308242954,190.91006550759408,157.41629415790237,,,,,,,
2021-07-04 22:17:53+00:00,,,,227.6007151607076,221.2372028149368,218.8092005351565,212.1265471110259,208.70265206561092,211.08867225041183,204.4132867899829,178.6202142433905,189.8188898319276,184.6404405430363,187.9234861373045,187.73692852216362,179.72758926183442,179.38667774260324,170.2174370783085,180.54048130024017,180.0360651617441,196.30320915507247,194.1123570909868,184.9720057801192,186.91601327034496,195.5669786461237,194.4741923224882,,,,,,,,,,,
2021-07-13 22:11:43+00:00,251.02434953138865,244.13321389227465,246.57297392309673,239.0363888651369,227.84265024600992,214.18381258284987,211.95372952173528,212.5807545984159,209.2017030853765,216.7389619028031,199.3730444258748,203.93060374032365,188.61449174304272,185.5051217166004,185.25382385772633,182.70681654530128,182.2448249213831,187.46354118282298,187.79184897807022,188.99772189266287,194.4092003988829,195.55614874664303,196.85236153960997,203.95412403561755,213.1872753264377,205.44169742405916,203.4167390533529,205.8277648713721,200.19583545304025,185.2669864106108,164.44102138153465,178.25780509373382,183.50941045586947,179.1681752792629,188.43955803766477,197.33731241341823,192.87769355739547
2021-10-01 22:12:10+00:00,,,,,,186.6528327104077,182.00422779472396,176.5756149559695,162.14339971340036,165.3331011756768,148.43265798583232,148.93374844298026,151.7757783717095,152.14331971348173,148.45950060150028,161.47565503690373,154.34749833634586,145.5448301211297,150.20289752722863,,157.3543923967794,,,158.81297936348687,157.87474825510023,145.45564535113854,155.41281213368097,157.21676697063464,158.9681441493025,158.9424150248004,,151.2131581967219,149.98470858820704,157.53175072175105,143.75993143782796,139.20152435986412,147.63093830392054
2021-10-24 22:18:25+00:00,243.28613852501235,238.26239807834037,237.9703442980488,247.35133433787212,240.425368862632,218.41665700804052,210.2208967793438,202.99678096637967,187.53803348055004,189.7083775105976,176.26454438866952,190.03349108314083,189.37730386044524,186.20908594155975,177.62836588440726,172.8704741077758,182.44770065614742,189.40155237951,186.59229065728078,188.01330010211592,199.76841148618334,194.96390238714412,185.70224969826864,201.74948774749785,201.50235436659923,198.57026944281205,191.3868536360289,194.28408918674353,198.83392762100067,199.19946229902712,175.87430579926763,205.3467172292756,206.18838138097175,198.39264271633817,195.3478201536713,191.3927983176364,189.00909351651035
2021-11-09 22:18:22+00:00,213.1679368297194,226.38617702056942,225.39920288489557,222.7304842790744,214.18169991891057,205.6098956077,196.91616693736302,188.3891721440456,184.4242158327889,172.97916641365566,167.10500210109993,164.5831349992342,171.61719454510578,175.0704700162626,171.79377291838207,169.2247192930634,170.50145909207308,186.14030195559624,175.93274052976855,,,179.7120034263657,179.95834596461697,179.1505294563277,181.89797331304504,168.13842536834454,168.55814087876462,174.20348654659864,177.6220791897553,172.34988859431436,165.9587934791851,184.40651093902005,177.7274187070814,171.574886871173,174.2089850305711,164.9501340531493,169.72911474745084
2021-11-18 22:12:08+00:00,235.6397677234968,234.34096728011065,233.94352101279762,236.7943812728928,233.66086838859823,215.50020821925455,210.7069547930513,208.0889790675833,187.9178157546301,185.48249792993067,177.85670377135375,191.4828050077765,181.71280438305678,183.12776119260502,180.65747083100098,179.7747229318184,182.4136025673874,191.93529555712558,186.50814863369916,188.6768522122957,194.68011394654454,177.14834005387144,184.4316351757725,201.39713069209276,198.80838561403186,198.69217055568058,,,,,,,,,,,
2021-12-20 22:12:08+00:00,245.78405024191147,240.1590786865282,241.69388119728006,246.889240630908,244.53152854292387,227.20993263706148,222.53230603116225,216.77585694992598,205.0580763287043,211.7484860711613,194.38439275234805,202.1774994963469,188.73583688029595,187.9855190776957,179.66469567403053,179.12704776844026,187.1248325323059,200.5285442279952,202.45571154455712,210.08030691492462,207.26080067025177,180.79106724500616,187.26129387388795,200.362103437146,205.48870594661815,207.64692901365518,198.91600584187088,203.47824066842213,207.75487925376322,199.13943597334054,174.72787261642821,215.79927762804928,207.04621101508403,193.64341496449163,197.99632842577145,,
2022-01-04 22:17:52+00:00,250.79627557813322,244.7473228922164,246.8599031625763,253.2435276062751,251.3482863057792,228.99274473977465,229.326685722436,224.78412771424058,211.86271178508537,214.72822076946025,211.23181152685237,217.21620022715535,199.25285574163996,194.056921016405,192.4404340440005,198.37768925229994,207.71197837674003,223.11054954446598,221.50386270910366,217.34933660319356,226.3698687657562,209.36822882052633,206.098257914435,222.10535945552277,223.79475540589937,222.76810334549702,214.19928611532765,219.28924826476333,220.40982131609587,206.30350968916358,181.6376508739346,214.31649818972758,216.39871481262375,201.10150420195808,206.03234816613787,213.40817128322755,206.538037684684
2022-01-05 22:12:03+00:00,,,,,,,,,,,,,,,,,,,,,,,,,,,,,,,,,,,,,
2022-01-12 22:18:13+00:00,,,,,226.52565239758502,227.48253659015762,221.23972819400035,208.84143815330987,200.17809556045572,196.93449061999647,185.82962510748823,183.9006472662464,179.08716921284307,177.45423802586834,184.42933610187043,197.1153077030986,220.29735017848063,231.66927862230207,227.96309448698585,211.6473432022657,207.7152004109332,200.30810761028727,198.34327726769888,193.167048070285,188.3707395049024,172.5982328426956,177.40352859971478,184.16312252375258,194.59609997076808,201.42372200488373,186.87142624260093,176.41613372233965,170.542227885324,177.30491719641677,186.8631702879826,199.38894093360008,203.3514687955847
2022-01-13 22:12:02+00:00,234.25690540790714,231.48537686247835,235.26398227929454,234.2724140953624,227.22619550919958,221.72236084912637,218.01948712293446,208.54735506870668,202.38518720158666,200.07560352346383,196.1338558886649,186.09481578699817,184.86905925402937,182.52310845721846,185.94749314221283,198.83333583326595,231.6582822398555,,,,,197.33669414971334,198.54511657078623,195.6579666179266,192.92357055162205,183.67601963107288,184.44919456065614,185.253718474414,197.435194079491,,,,,209.00504992607725,,242.21793070057342,
2022-01-20 22:17:51+00:00,227.02573964140961,230.85668425598703,221.43623261772046,227.20507505357108,232.40554220188585,214.43278260675172,210.34475555631678,204.40963732159128,186.55558246470042,171.1949575015179,169.1182145525382,188.9496028865038,177.6630816526677,179.23156945529558,179.76419267535837,181.04546189144895,181.99346744214245,194.48395374586028,200.59696535883114,183.55985173986963,197.13268637757062,172.896568983581,172.58250546809424,191.9572652424854,188.67869101065477,196.71094084964025,195.15380075849617,196.92305951306184,193.98866343705765,172.94242299639544,142.01739044891266,179.06416253500134,188.44873070249054,184.22736780217076,178.2479936755941,182.75700476502408,192.90354529206542
2022-01-21 22:11:59+00:00,236.64340183020806,229.14431980634643,221.74994826408889,221.33946913799986,222.624345645015,209.9659951318884,202.4563274688453,197.63499231270941,182.97452966737916,188.25740957165132,185.87766185760916,185.7804479812521,180.65070100010269,180.07498631934,175.1121097798781,181.74873198818483,187.5264806192058,192.77422313031127,,,,,,,,,,,,,,,,,,,
2022-02-21 22:17:43+00:00,223.0142997808466,220.72673162959774,213.7123496177233,222.43856660793608,213.2185633154433,206.29764493831405,204.36239681882623,203.91387486333332,197.33550144037454,197.2746077439316,174.00777987136553,172.03933791406874,170.0510927635015,179.63604046227485,187.07824108967156,189.28774022524692,206.04653436497154,218.77853575791497,217.29192722677826,202.4112281647284,193.2788744449169,191.16593787008023,185.12120889112597,189.14702003869124,186.17810603356483,176.38545617820947,183.94502209948223,187.92128163748217,189.51836009785208,200.79861725469067,152.9021703293003,158.74647858429245,168.42312852653794,178.99732854853443,183.14547943282062,189.03482306100216,193.09125645748583
2022-02-22 22:11:50+00:00,219.00403046175097,220.48469053500278,217.13457142799598,220.32817768858962,213.00077541683603,208.73699270557947,207.1175218365751,197.3693995686256,194.7756970236578,185.15460828208515,165.4573784787074,159.72696593591763,162.29543514590884,174.0279187293581,186.64487276665486,211.7570442768843,,,,,,,,,,,,,,,,,,,,,
2022-03-01 22:17:36+00:00,249.52963889575483,240.03552161543496,233.9185731083444,240.06484756584558,238.43262882886398,217.84043297845818,218.52212615994446,221.58294105305276,210.5192095878039,219.87195476938257,196.92175039407482,204.71422225893588,185.48100097522496,185.7498136887548,187.3727468209515,191.32791369345676,204.20149239997238,217.0436775609977,229.35271740652263,,,,,,,,,,,,,,,,,,
2022-03-02 22:11:50+00:00,249.70594354690724,237.9383703313859,239.05892136647643,247.3587050785917,248.41139658917177,226.55125006253425,224.14980947305162,220.7538030379984,214.25479965652733,213.91855591468465,,212.94550046205347,192.294231345647,192.23191729410397,192.09546508014242,,,,,,,,,,,,,,,,,,,,,,
2022-03-10 22:11:47+00:00,,227.21104276190303,213.513556597325,216.19494177722706,210.73990700054026,208.28744208088222,215.02631354079787,213.68971624752461,209.20757144738562,196.37787467732937,176.10425970345548,163.2221276809608,174.9313323124523,189.14159077614195,214.78175630333246,217.8972965851119,,,210.68891608795053,196.9901973456376,207.10787244224247,200.4389868513433,196.7098219436133,197.4198151057912,195.76407675007056,190.24159779543027,185.9054026058408,185.9975616134494,185.8785255125886,185.9606461541186,172.54749314650164,172.6050824702101,173.97087151426652,186.83825435502814,187.62106083377222,,
2022-03-17 22:17:54+00:00,243.2624443540031,237.526539871614,232.58034110028305,239.8194997650031,239.8877316916136,216.95257561279885,209.86652986071425,211.55481359842864,201.54239858772715,214.41841102897826,183.60502463930536,199.33494375561258,180.52420631018867,179.34169296558022,181.17514064884168,180.27550615369498,195.73039989676158,212.63176432555053,228.04390152115363,214.25835352951285,212.52868021007797,198.4973871247783,188.04879728584513,209.2928202043708,208.2467714521173,211.85571988982724,203.79697293576652,201.37227579628043,198.1488149369997,195.08253871998335,152.04474417562471,193.24512156690585,206.0146430244396,201.70052561309694,188.91892521033796,193.34546193217048,198.9063728576763
2022-03-26 22:11:35+00:00,197.1964717421816,200.46692824383513,184.9859445548737,179.0380126698264,176.34568169079608,171.80956417856555,164.78971934206484,156.70436794523047,158.71526861119548,144.78997363246987,110.6160357433518,120.42934095846374,141.54196826911553,154.65211177511898,162.37996047569604,,,,,,,,,,,,,,,,,,,,,,
2022-04-03 22:11:45+00:00,236.08208739140315,234.17402552227293,231.36899282680628,236.89305129888504,233.9420328166081,210.6018024602419,209.11345685344878,208.68528300568434,208.1942735856669,213.83486410947148,184.77509775013897,186.89707680714184,180.74397069952926,181.42434180925434,175.39041048965228,179.089361339162,189.79509358374077,219.0503659230384,222.16741602906268,217.15369383935973,218.31976343038633,210.60276112926263,198.6278270904424,214.83927930134314,207.5583246993923,202.705155223613,197.10258119757134,197.87500470325733,192.70136800495877,192.82783110328955,157.07376026725055,186.9161157062656,199.86383371876695,193.50866672566497,189.56876604582405,196.12788527044637,208.8209573516466
2022-04-18 22:17:49+00:00,228.48914120772898,234.02667028747007,228.7810986592357,235.67070387885434,230.68934271741966,213.9749047092038,210.33055026366532,205.54795676012287,203.78910636122953,200.8909327796309,191.4840862893646,202.74113420727144,186.78627709555758,188.75738430489108,179.49999532025947,180.66157961504436,186.00657424673415,214.04785993233656,215.98205556427322,215.8598917908119,216.3164420855681,199.93816956632472,197.83947781338873,227.2485953770439,212.80546260819145,219.40272671444248,211.96574938946205,215.90534538642785,205.21727344974465,193.25392614460702,165.2928483340754,184.22814423457368,201.1891176620089,195.5504027780098,185.5952097576891,194.29979869499627,198.41093944408271
2022-04-27 22:11:34+00:00,238.10059955617575,240.41759112391188,226.78774781138225,227.23501481997292,219.5509276620436,210.5281792429197,209.8655331363519,211.4136295361396,208.2674334269427,203.8440169620609,195.5051794372605,195.94002978089495,188.4340383234333,184.53137779636356,183.21700183722558,189.635758074842,194.93720095708392,211.46735762021297,208.02149881191556,205.9611487360819,200.33393888688704,199.0085333536944,193.9707470968209,212.3042730260101,199.15972282725383,196.43557870136698,198.59350190935683,193.69593587562338,190.18731770433342,196.03011599911596,164.89257425514526,179.4629887136558,180.6190667669767,190.50533886471248,182.9203102633349,191.87402775074386,200.20024864946083
2022-05-05 22:11:31+00:00,,249.0524135987441,247.7523822192643,247.45343913058048,232.40469084594503,221.55551632679402,222.4930023787469,224.49253702361446,228.84998383993704,222.00282395781505,219.18203500888256,217.82037563649757,203.4592401325959,197.38134424812316,200.2733029580295,208.63602258658253,217.3163267961211,225.7839151143184,222.226600003118,227.62256461374187,224.1800344884292,221.2884721365933,212.9792433783931,218.78653392887483,204.9572433316374,205.154519753668,202.02980331362227,204.13295079770484,197.4631475172394,202.35526313581823,183.06428813407433,197.1989636354728,196.76410126663927,194.3347761931856,203.9565981367496,207.3568401675713,211.25775863068756
2022-05-12 22:17:13+00:00,232.7132913201206,234.42043733557335,221.08711946279303,220.71791551537964,210.7765407428092,205.16256388561496,206.6901439438813,206.59121405992178,208.72778631225,206.4206131022259,195.89786521037064,186.33302573067252,184.10525192028967,187.22471534524055,189.4323223434553,188.80936821302473,181.05769577307007,191.08999522975898,196.4305119570029,195.1153722643116,192.8081287380759,191.58362013704982,182.008902049984,196.6715415135242,183.751428550378,186.61778940342785,186.39035740193097,191.7403248148425,191.7333731300732,198.68691012345909,169.94763031479476,187.87241214288517,180.4903493211531,177.9705930801165,179.82644484001528,171.2733154556707,190.22798598761906
2022-06-13 22:17:36+00:00,171.33489710726164,191.8206929504942,195.3804369724779,202.37011503415687,205.03645711522643,189.76898911131394,182.92113383843423,171.97347490424164,149.95328975139762,129.88862378445188,,155.95437207141634,161.58039398873325,163.0810587587772,159.9766836208384,162.4323049030663,157.5023538175165,155.58517458454529,,,,127.4149403499948,144.64036380117074,154.06296823290626,173.20102142017453,185.86925685110373,184.74009880652375,187.7617718564727,173.8971579730799,119.53970138298337,,,150.03306103001938,151.3757347160949,147.79363910272383,131.898377594514,153.99226335183744
2022-06-22 22:11:38+00:00,187.82301086579045,189.50987996939566,187.06625437374123,198.2911514512081,204.90975512429048,197.13437231269805,185.42923825928605,174.5864570537312,182.13790215365492,,,186.08079110082437,146.8613055095856,153.19660951139875,150.95541810344355,147.8800429676085,149.79528472025686,,186.8984382232249,167.71922983862564,188.53236680622635,188.64503109076657,165.49376446260453,166.839522163962,176.7380750794147,177.17648893003792,159.82816047833387,154.10103238591333,147.30163772572945,130.184224712056,49.117889733260995,,132.64794490732703,158.4388248931787,161.609000894722,,
2022-07-15 22:17:48+00:00,234.6763646234747,230.0295102337058,229.88872557991382,235.41874543070838,228.90929473387553,214.02313718902286,212.2493067610133,215.9611753555206,212.16288931371002,,206.3426628531133,204.62525158955518,186.42191855267185,180.44955603915716,181.10230828839826,181.19670709622346,186.34309011925603,187.89829706880278,179.79895179544948,179.60992555582752,225.25435468915023,,157.038459384625,215.36703867970937,218.62694340832843,214.06356069962962,206.32961930222052,202.03192547538634,198.21479419611688,169.76983377101345,,181.57158227497658,195.22724982460363,189.43796327827258,190.68574521418645,159.24487336189105,176.34398319728402
2022-07-30 20:39:33+00:00,,,,,,,,,,,,,,,,,,253.472349397945,,,,,,,,,,,,,,,,,,,
2022-07-31 22:18:03+00:00,225.06433889438463,221.63084917175283,218.58905199788998,220.96774610447915,218.05749741640727,202.7861640214392,197.71550607479116,193.33970110490353,200.13882859158048,199.46055761252418,,,,,,,,,,,,,,,,,,,,,,,,,,,
2022-08-08 22:18:29+00:00,224.7603743627301,212.88624973135296,213.90964469922983,215.23052061522168,216.31287050929902,206.52625773034555,201.87355872410825,191.38345965444188,187.64516834009612,172.36454009500247,174.85450961786304,162.36649889425144,166.5407147815515,177.0056766378158,182.67714310831292,180.6390909729028,173.95184695637678,170.05564089015377,184.5173329690252,135.5729980959928,,,,86.47137016180577,87.37897841785896,,,,,,,,,,,,
2022-08-09 22:11:58+00:00,233.2796693061901,225.9234189761107,222.02960504589714,221.9161054019124,217.0109553205032,209.73657454309685,207.69492313616024,206.21875505732382,206.1708688776988,183.71479613017752,194.80263580059616,187.2807161986667,184.52293208105195,190.4712703398819,191.74361314157514,190.7717032353748,180.87689082179955,175.978898437626,182.58570411737233,169.06061349723845,187.8323914454182,,,190.44974778287136,206.2251826086803,202.12815191819143,196.8305137748463,190.92904258678968,182.12922548471576,177.23324812555498,180.56658231535823,195.54126968035868,196.923140681472,191.72694348669435,191.3723285561793,185.27511054237456,180.0731805021378
2022-09-02 20:36:30+00:00,201.28228877722555,214.6964767737094,208.60545800116958,,208.81440290174325,175.30462280674243,200.34008243421593,,,,,,,,,168.31279632841728,181.37252440543614,188.34834228172141,174.9177686337497,143.90592131722832,172.97423361229087,169.56014291457686,157.7708724026634,190.9845376004085,183.7440670140216,178.50973660765072,,,,,,,,,153.9022109487208,164.9170312163254,169.48318798967964
2022-09-02 22:12:20+00:00,221.1296813287248,216.87079866960107,206.23178038400115,211.05011261397613,197.57198167590747,196.9947977524961,205.7132911804212,206.81013995083958,197.4782016814462,182.40671197038256,192.5643547717376,193.95193286617555,198.59588170697435,199.7871096508148,196.42478543721305,185.4979855926545,188.29494096471004,187.47587186478881,192.32231878482327,180.9705981851482,182.4509304034449,181.0924295138346,180.0697715337999,188.2320417977469,191.00254060996227,182.5809504453527,176.61381407595968,182.1424117548098,176.5359435671969,179.2320015223176,170.46344800936177,177.05679733603864,175.15149810887283,184.98701439632168,179.264016067544,173.9578120468296,174.7142683060516
2022-09-09 22:18:35+00:00,221.16420640893574,216.20791606401318,217.08750365500384,223.69016242063103,222.10568120948406,204.30371500034198,200.27674748764963,194.03547263736,205.73633367205997,,,194.29763324025603,181.94687582949558,186.99725061237808,180.88885327918135,178.67039048289166,179.73624670240665,186.75612865180003,193.99799386907932,182.01444171735625,203.5414188416471,184.24538154622616,184.96376778248384,197.8709739195427,201.29954369231092,202.2026744123525,196.44709539250292,194.50333548869753,194.6018800618194,178.96148107403735,,182.79018747719311,191.23534116021767,182.66499073204238,182.24007582548862,175.84601769263153,180.5557357206079
2022-09-17 22:17:54+00:00,,,,,223.18279801072217,208.19889362410828,193.12192483825436,179.44657561618988,188.39566637781112,167.51141666279037,186.45159462034457,198.30080840229448,203.61012207886483,198.70553970395216,195.3865622982949,181.61429868959704,182.8680810743708,185.88485252730624,184.78702451240844,164.4028512125069,186.79907666609452,194.70252537141457,181.9083467010576,178.18744938195812,177.4175938743365,174.63328352369624,173.59080488787214,176.8010793620904,178.76687021253372,190.99502175509892,,186.4552650426731,169.96669945043504,163.53482721108244,168.97920162600485,171.25978620875443,176.60633994396923
2022-10-19 22:18:03+00:00,222.584706048862,227.6607253276217,219.5543323561284,211.08638225394242,202.44024300801277,191.64528277375393,184.8977728075237,174.3711718022581,176.9849844047717,170.95840148341696,168.8860753329436,167.31805404137668,178.297799121527,187.87287633754863,188.56533261950358,172.82697332989835,164.49872686364927,150.1704879648222,157.4186873851783,142.65265691590923,167.06924057526615,177.45626226978104,169.49661567343423,167.317861192828,177.1078786651852,163.67422815803093,168.95268646268823,170.0093870226923,175.00955961246012,174.18846393991862,161.25897569528001,169.88883186320624,159.87784791818908,162.7502707191198,158.33364613026745,150.7845297625457,166.85265270323265
2022-11-13 22:12:17+00:00,238.93427600659214,234.28384725329647,227.14455108889354,223.67742562589737,215.49681004254722,203.03194399220948,196.29963526154182,190.72152275966351,196.17866013155384,182.3121670003468,192.5295350903624,187.6834865907184,182.27570373919843,183.6824408827266,179.1261407954768,177.73711500362793,177.27955078051102,171.49664909631102,177.24031580480482,182.36535928422072,186.25788724914227,184.25338565795101,185.9697184124977,189.0708553111376,193.730158849739,181.07571117332338,185.7410477495838,188.29837795009246,188.1330336299711,187.33803775328494,175.5938704128553,178.33413204277298,173.1787745572174,172.37727495729385,171.53586915462273,170.06155635375916,176.8771304142674
2022-12-14 22:18:05+00:00,,,232.81805938650095,231.03888774808703,225.24572854999795,228.0502456626278,224.49715827584643,214.22241937146563,201.81712796897452,192.99454508809305,171.58122290278533,177.40444863015887,175.37694097361307,177.63551809691694,183.11707107076404,184.39040748277844,181.3589356268007,181.6560407206556,184.36174251692586,192.0771352541104,200.1020680738698,205.8391040824891,193.5536915102124,186.22032756021613,190.9698377034041,187.2747956978764,194.583756059952,193.9755534021156,188.2150245488377,183.78832520676065,164.97413404038744,175.2399277750288,178.0796000383293,185.60294604636178,191.80739105245112,189.0021586179716,174.75201886030186
2022-12-22 22:18:23+00:00,241.2362760115261,231.5781429163988,225.9017974590529,232.041022730524,235.75463598445,218.55518840552585,215.6993598845474,214.5296996723225,203.28519985997704,212.22502650357205,186.39890710379615,196.11253143842487,184.65581299797125,181.2776165421164,187.52987077875304,187.06421946393033,184.88190758093643,189.86134719594807,178.65279492139382,196.47676550707908,209.86852788519175,193.81965264041915,190.92583672501294,200.11460655029893,209.78035054840666,216.5775074970262,214.44193471699603,211.74399422071912,205.3046811809276,189.81155993769642,163.6199742837129,196.66765670506229,192.99830484139056,188.72582139126965,193.31419210621067,186.7337526464362,183.52912696362912
2022-12-30 22:18:00+00:00,,,,,,,,,,,,163.21407270757783,143.14173950665253,149.76902017948566,158.07617217585232,155.50441592675028,139.6211774793532,,124.28907525493082,,,,,,141.35634761259053,144.91714008113368,149.86127298836232,148.54911127997445,142.97251390803132,137.48960310805023,,127.49326160489295,125.83441929858174,143.5132111564622,150.8343737823169,158.35228020992747,159.71982816804794
2023-01-04 20:25:31+00:00,227.6095990677053,215.51964106995865,,,,,,187.62272522715307,162.25186482295723,165.74905814691903,170.8610143013559,174.20109233740743,160.05481666426792,168.7595815305186,172.7698008411009,169.4428852997238,163.60663764813515,154.39303628327735,132.6558057192198,,,,,,,196.32009896185068,199.89360224529142,192.42653341071988,184.9986137514571,174.86790810517113,,167.08249971483602,173.65953601887185,170.5829549829282,170.3339243685909,161.53496696393188,160.98360076663528
2023-01-07 22:18:02+00:00,233.00417906232582,219.7772510975392,219.3699250006901,227.0827430620979,223.83568800978014,212.93619032778523,211.10211041640255,196.77643496350527,181.29278339771417,196.81807963582276,172.19673194182351,185.90507513280454,177.99410388777596,181.56889969892848,186.1786110307315,187.41985553498736,183.70791058880866,176.31945297008303,153.58779572328393,163.16450337378845,195.80133443117847,177.0758293262253,173.3952291340719,181.53886721135154,197.1831950945432,206.46119616404823,204.6851492081778,204.35302969022902,199.5711101931708,169.82329967616724,134.11391106521685,185.74099482330004,187.09284372931617,172.23872916392702,178.23460918481717,180.49986584538638,181.7307236302557
2023-01-21 20:22:24+00:00,,,,,,,,,,,,,,,,,193.90661612521683,191.82896804955368,174.39012292747262,191.10194341506804,213.60880191958108,170.82354159613234,194.2674299279164,186.73865262663406,205.79366954158962,215.03226366170287,189.7119793083902,,,,,,,,,186.60399259282505,182.8844942639289
2023-01-24 22:12:10+00:00,244.9821538409948,237.80887943539025,235.09189811222038,234.88939654819845,228.45725742034733,222.14038090027017,227.01313957846384,222.66373969248724,211.43774723461595,210.0173477521649,194.93470334059026,198.54387605120448,188.56756730448907,187.4353452018764,185.61152635609628,188.08218341595727,193.2582750031839,198.000044130275,186.44104564550898,209.91435981475553,219.1375515613676,203.27963867038991,201.84670214797603,204.7034625448655,211.98011178493948,209.75934092381794,211.51175331880674,214.12279167524042,207.06513313333292,189.26337394715654,167.15015255356474,195.2920261355015,192.42228409418485,191.41899623338276,206.3969280611894,197.20907468717422,191.54489004682088
2023-01-31 22:18:22+00:00,,,231.7189055249568,222.3046047891071,214.8643370899301,227.09832073456286,234.60295340639493,228.03195327798198,207.43261328305223,195.5404475943132,186.74379784998624,187.0861398602412,194.04262603640288,193.97384367375446,184.75867667994294,183.71170913930018,190.7099783670059,194.34937668950136,185.44554627110654,194.50980340057305,194.82782334127532,207.58282555800187,201.7130689003048,204.62991950880303,209.63161130313551,198.1853570347315,194.23022431608575,195.80723683142583,195.449992701811,183.10227652182442,,185.64497859645883,192.14909288963864,202.00822410290164,196.38062486464955,179.25404813904518,179.84024963892787
2023-02-08 22:18:30+00:00,209.02902448580735,213.10321858180401,209.7810530968895,211.9688525968546,213.9083374030608,200.25867692234422,188.275519254699,179.98835146984158,156.87036477735472,,129.74898242272596,163.9781511683565,161.44270325593973,166.88921265143173,167.5297474452035,167.62554208912388,165.4921607338632,158.57134453845308,140.84715233985116,133.9779662060974,160.0794548460358,137.40750779612017,142.3226553351147,155.27476216713086,170.10210022457127,174.16784019720103,187.31208563904414,185.03615774861944,175.16703083892028,,,,,,,,
2023-02-09 22:12:09+00:00,,,,,,,210.6037334837916,212.20533613054633,199.4266038403836,201.91830964755562,181.29571430247185,181.36518694160955,178.16202448317998,181.8849158524079,182.729949029721,185.11727745523999,183.0662841556242,176.659144992298,168.48598079851436,190.83516867620068,204.85712646782656,180.23405808092744,178.3618275396958,194.8957442088467,202.71303426781944,199.90065876064284,202.2128785314626,202.14699924747194,191.00066656657125,170.57994848824487,140.96690036385442,146.69644740491844,147.18717173060764,164.4473358417895,184.57001068069448,172.38497571415067,182.21739846330823
2023-02-25 22:11:52+00:00,,,,,,,,227.960185041576,,,,,,,,,,150.6964834706747,,,,,,,,,,,,,,,,,,,
2023-03-01 20:19:31+00:00,219.18496589511324,221.33484179325785,216.0924772381092,208.4002087694596,200.5302770918791,192.2832593236332,,,,,,169.93896727504898,170.5019555091146,171.44671134316786,173.520735220574,176.65635368483868,164.50931015880144,166.72718069147467,161.49633442462172,179.22287114230346,179.88451209083135,160.05120078076519,164.36320094464048,,,,,,,138.30297431940002,133.16890705307028,148.64760368275682,168.63343825592906,187.12874908983918,,159.3183010674103,166.43840644403087
2023-03-04 22:18:01+00:00,180.09136191619498,175.85867296016124,185.30785721393084,196.12786382849538,199.39038321148223,190.44313877948065,176.01390706301214,160.04971140871112,115.78799041159743,,,126.2426795483693,154.50145736023148,164.81884003341884,166.28836229556427,163.323094563238,151.20334982169464,149.30597353173374,130.1444995464565,115.98202269204069,132.93067688162247,140.87162301885758,147.99914755399192,158.136426647589,163.40376593498306,172.127750151266,178.87138653215686,178.6149325417535,162.42367402566828,119.0650651353891,,138.04556713887754,153.12476650659394,151.1653082728808,149.04512550701045,139.195728275722,156.16932471886912
2023-03-05 22:12:01+00:00,177.7644888966382,198.40152148130736,203.52589560176003,207.1424690763912,204.35388304633847,187.71979283160408,181.0014780258838,171.15635149059892,143.1544617743436,,,148.03079640276806,157.68566248982498,162.83181993064525,164.0047453270357,161.14593399767855,157.0350572732762,147.59958143780048,,,124.34999941846613,131.1382027809446,143.97644707119827,158.93857400195148,177.458076635304,186.1090000509255,188.35493090178284,185.32190433945738,162.0813470907049,117.66129418534037,,127.7059819666101,160.31883075537894,155.0302731865302,150.3768619791947,137.60394166768955,159.8780224647526
2023-03-21 22:11:55+00:00,161.2621044847023,192.01953172901568,211.83040441197045,228.03731496810428,230.5118744316295,208.2682242736619,201.03586849147018,182.15894378591764,146.45587795480918,,,177.62497610754312,174.59384161186898,164.75196130233033,161.3125301699998,172.66558441844066,170.06925232991014,166.09948644730872,,,,152.73738986503548,159.192919364896,175.11101548371204,205.81196559937,205.85812706832712,204.9894861807182,204.17769603062072,189.17687480323218,137.97197088320073,,,173.15041107383516,163.63581610995243,172.0174564887474,150.35131194672374,169.79667898115758
2023-03-28 22:17:57+00:00,221.38667347260247,225.36675670625573,222.8673881503918,217.97068633190128,207.98775527575054,207.26286954704446,202.77198171089518,191.66445139827817,181.05329923271384,178.73356880529735,181.0655436200867,182.0296198648074,192.90253348468633,198.01055523255008,187.312923161471,178.16454737366783,172.7059250502651,174.87882433469014,180.92977613387598,181.23706011025567,181.79590669579585,190.13732288130535,193.74259012452225,191.7440772396027,190.1827643028206,189.53723973776653,178.51346819527902,171.6238458925895,,,,,,,,,
2023-04-13 22:17:51+00:00,,,,,,,,,,,,,,,,182.92903666363216,193.70473406186562,202.90708466541386,218.4394545831481,208.42216156862665,,,,,,206.2217724701352,187.69107297479187,186.01197504659018,201.54077391854105,217.55192280681467,,197.84220076617248,186.9565442355097,197.49628978167686,196.41309181669098,205.1796977221057,209.03586138981197
2023-05-24 22:11:17+00:00,208.63648485147306,195.34938576731145,184.45871369569574,139.81451518390998,183.91251304633496,185.53182033202563,175.7344864574082,165.75798395333777,,,,,,,,164.63087591993494,166.02520614875397,166.1997521263115,157.44166608467273,158.04118383540316,159.79475797296007,159.78389894397813,130.07791064523838,167.85231895743925,175.4085579840799,171.6420807759507,182.39100452843581,181.15396793141653,175.32441647120467,160.36555881513266,129.97996317071147,147.7852480993919,165.80984200413303,162.0366745673271,156.4645713081786,141.43700650199892,150.5982134562786
2023-06-09 22:11:12+00:00,,,,,222.69931567696966,,,177.03820739461932,198.5692507140368,193.27223258436015,179.09113913007047,188.23750787931823,153.38121407044383,151.3972546061529,148.69690011668695,,198.32350145770255,209.00745227013013,208.34248498982717,181.4154774938546,191.4815037767368,195.0586796568969,190.2171050115886,190.9572327540733,210.9106757297472,218.22024108674117,208.94089610839237,185.5564362270932,178.4977376464525,200.22254772503837,,187.9035242863011,170.9232463404488,147.49755845876703,150.1922584192971,156.9673955714654,153.8042136767486
2023-06-16 22:17:18+00:00,211.55292594169634,208.78581784136952,209.94581938442985,216.31893541380916,211.41059697616362,198.64975046000365,193.423453855143,190.26532617509613,172.21776470365234,155.78010321091637,155.8319629375061,171.94131249340109,158.52861083796253,159.18670829500894,167.90592568218494,176.28328247289903,175.27646935399423,176.7349617218774,169.24706343011846,166.1527563035409,170.8353441996486,166.5247091154381,150.6083801888619,178.71502365946685,190.23815390217123,198.07680512043626,199.14319981697537,198.17293398120182,189.1853213978271,176.9995413784993,169.71232900055713,189.19821225246517,181.54469493059142,156.18792577290893,157.74611675606835,148.259117960224,156.12529148628752
2023-06-17 22:11:17+00:00,213.58465015366613,211.84131002857686,223.35115922593343,225.32143722446747,217.58242224639775,205.8093303707857,199.33808363628694,195.0809633020513,176.88058749088583,158.83930643299362,174.17309278140314,180.9722277902716,165.2405813472877,163.93662785881293,167.43912101942368,175.34184818308893,184.16254101148166,173.05997446142027,164.09420553448356,170.50473968215178,176.0234341029552,165.22627984683845,162.73813316386898,185.00664420003332,205.54738496175804,202.8172726039883,202.4720745550202,202.06495584023978,194.65144902340333,178.0146357748336,151.6795777862976,168.85475994280358,172.8577541865433,166.4745466359997,163.82643281008302,,
2023-07-02 22:17:29+00:00,,,,,,,,171.16528821337857,129.32609021625788,,,127.7583926851104,138.82283436140168,150.7696193003435,163.9934464924677,173.65564959727277,169.6878587128077,158.2220630940974,135.27197521843866,129.2423175525007,,,140.46089231598256,158.89834096597136,162.69597984518163,158.5755455264952,160.53195831910563,155.8450111912044,139.5067824298173,112.4482742680858,,,,,,,
2023-07-18 22:17:36+00:00,185.36677103690138,199.26041761936693,214.33579358634304,216.76684153286254,215.96907790528815,198.95527589737742,190.5262444952424,174.14305272643173,155.22897104574264,137.81713529832857,139.16784836833313,170.14233931785145,164.38578448908677,158.70488396868205,164.48577862355162,172.85427579157263,174.26982348434854,166.1277978419749,136.2941790318146,142.63238139755975,159.59620828349134,155.2811946657361,156.69385215022604,186.60279300074387,197.55210701858687,202.15471234627273,201.10010620049297,201.77185345258346,195.2029181539869,165.89495986698142,,,,,,,
2023-07-26 22:17:47+00:00,163.33071158626447,179.90412413510893,182.58153510107175,172.40578259171966,183.86259748801962,,,,,,,,,,,,,,148.0615594743787,107.19611523117595,117.47225860935745,123.30214555808607,74.6314624274036,147.9543732357349,164.40169925232487,205.82926448412644,,,,,,,,,,,
2023-07-27 22:11:26+00:00,166.61729097092083,175.38962408193856,180.4022617617764,175.23761348047879,162.63694371609904,169.37041899711627,155.1616035412776,143.3391707124333,144.69323194079462,89.89581773532606,113.78497052970326,110.427170436073,124.12531128878194,132.85273755917,143.54807620431689,154.06454690472202,143.9151453259469,125.89158112278025,139.3276444494888,110.97363249381732,121.36729968996264,152.80630652903736,,,,,,,,,,,,,,,
2023-08-04 22:11:40+00:00,222.71523497977097,213.71501855983396,222.19495729685843,222.68433952930403,212.09992515012488,192.77240745243859,192.5332243436458,190.0674991680953,176.78420013219488,158.70667275917666,,181.93163620007346,158.22395954273819,149.8906751469396,162.00436141881517,170.79497452343867,169.38002918564845,178.3068733628331,179.36441912460128,,173.0841283620475,,125.46118448856933,170.784181915175,207.42570045525972,209.6208999199602,211.1502709988416,202.40286443565,192.32463232839405,181.9666859198193,,,,,,,
2023-08-28 22:11:44+00:00,204.9308061183038,204.0292138185648,203.8877865787983,201.00653643365288,184.65067996368327,174.82183338935053,172.43262304318284,171.3383961507107,165.60505270409988,153.46070001006242,159.15402168724904,150.43511390043705,150.8078479970363,152.37078483072483,155.29927196338355,160.88310404362895,161.52891729964318,150.7637435532689,146.41185655344736,137.32125395124856,146.30733565912016,166.47452396982527,147.10956795189009,169.00022671897753,181.76620711597744,179.11167954637432,183.29709713213185,185.68833814777048,166.8273737624874,163.33010229213298,145.71608611974293,171.43894736184626,172.20215576491907,156.8387467910064,136.85054165869857,122.9512086396498,139.0268097566999
2023-09-05 22:11:46+00:00,,228.26106798748393,229.68249280458465,226.48320854581888,179.65847589789638,166.79573255432618,168.71097582942875,183.12699154651062,196.05448203217477,205.1251412972276,195.8533760181528,192.622089082084,152.9131050369273,172.64185959949327,158.49744036493243,,214.96159136122083,193.51726697128478,190.76292835092366,167.6705781944281,202.93145162132723,209.85997423742168,210.72771729582743,221.4180949014228,226.62124295992768,218.0626912297721,195.74466062861984,177.10263053821288,173.68189076767518,,202.45618940448634,200.38000820626223,207.6439087042297,191.3255675157425,177.383014957743,129.54606179845769,149.4728396821461
2023-09-13 22:11:53+00:00,180.43778753782362,183.95181841888714,197.062768341612,199.02483898017059,194.03818198260635,171.76768867471168,171.25063488514076,167.47080242279694,145.11059378374617,126.8414080214911,,140.42209590136082,145.59431623134213,144.54269754701588,148.20402302420092,151.3295757253605,149.68854679427318,144.8238828040196,125.01966447966026,,127.976514787093,131.7982134341795,141.57570891461773,159.8354662008685,174.368744346359,179.27869663452276,181.84105185090087,174.96561497014895,163.22241151093718,128.7558960287049,102.89986940426698,135.51257180353926,146.51338323605853,145.56329079363965,129.38130687182056,,
2023-09-20 22:17:40+00:00,211.50231720325144,207.70555947612368,205.94955505026144,202.55492283291994,185.0084102285005,170.6410725740781,167.63984044353225,174.98748961652984,178.6940836775428,149.7799718764194,163.25724648498056,157.99300985315884,147.71766366783194,149.63706675068238,152.47843877232262,166.11149070908422,171.12374031564477,171.735049830935,176.94574261298456,140.9221479158516,165.40489409844437,,,190.0033963644127,197.5319851277141,183.25206739629922,192.11036290736735,186.38767998591734,180.97767103702472,153.7703072294926,127.93827092874939,155.6555156710641,165.3452128392853,170.4853043936117,156.25046464974474,130.77857289592257,136.25101117279002
2023-10-14 22:18:09+00:00,212.89638950219052,212.341708200171,216.24224709831697,202.6946170065068,199.1040561423352,174.81938647404576,178.69077679055414,184.84626549270683,161.11976977092974,146.34343038708576,,171.07996780867092,163.0124738811126,152.48374277687316,158.04433689921163,161.58220280298838,166.99820964449566,165.2544135893208,149.97073806434508,,149.02028767610147,151.39994555954803,162.285395627181,188.2973491313021,193.90081607127104,206.15602703659198,195.83557840360885,192.93469408659172,186.91818309887543,159.25092513200178,129.28275502375737,170.52685313801632,179.82628175269258,164.4511608029726,157.50789584761117,136.85589392820629,144.23003472353486
2023-11-08 22:11:57+00:00,,,,,,,,,,,,,,,,,161.9292268407788,167.22089009177097,172.64675922223765,169.1208833628276,165.54956776732809,170.98417460332558,171.0310324527463,179.5518398737294,203.4325015913068,204.98306731389488,195.85326018768728,179.42634427443727,166.0655290956439,157.8902088179219,145.23664291813554,143.855906733892,151.64742232439988,159.61358386987402,163.61183095202153,151.72583784617305,147.8572629581702
2023-11-15 22:18:11+00:00,140.32346935756945,186.2162917931001,196.33590810611952,198.59426462735735,195.72283708647652,177.2787040776857,169.7368835946988,158.13470825607425,,,,141.18079683145297,150.68938390979582,145.6385088057628,150.2587915082649,152.2977046695822,149.46656589514077,136.0849902845668,,,,,,149.37202721578507,168.18384952945,170.25151393505828,174.61888546128574,174.225308687239,159.34819438787068,113.97369152801062,,,,,,,
2023-12-01 22:18:10+00:00,235.33323437674358,230.57681050753362,218.26121961626623,214.6358663836779,206.5627752870158,197.729944040685,196.38078948618877,196.6152986088593,186.18400190245632,177.97410649528587,171.76739387464863,174.78502872467246,170.9601823206331,171.18762952269398,170.9285762659908,168.99852380207096,169.33108965332687,178.05330619710972,183.10607479763453,182.328013689832,184.9333519655611,183.5722403573412,187.00279856994808,195.54173118308103,211.84264044092487,210.7069413230061,210.3070277466058,197.4412608764221,179.86021551596986,160.4621246978011,137.06920118946758,152.8431444913267,160.99785579345578,169.95514955578594,179.76579504858316,170.5974417297249,165.80909615442792
2023-12-17 22:18:12+00:00,212.0985659563709,213.29633887583563,216.58496584554385,211.17115537749208,197.66968644931106,185.21730917532443,185.44251913982865,183.51265014147342,181.3277726773544,160.2849415324322,149.49545720981905,154.53652137983198,160.1623805047038,164.96131643266733,163.89331755612858,166.54301345030325,171.36908332035642,176.43080747466055,181.3996433351843,183.24782531169177,195.4809777046511,195.58617446813713,195.9290528613512,195.7455911192878,203.3960386727461,205.13973129114896,199.50590939149512,192.94621140721586,185.1771430544853,166.63018563191207,130.4628588623571,137.96538593922247,143.6247387049212,160.4293479174525,174.2914065821895,185.48351710431916,171.35680251556806
2024-02-04 22:12:07+00:00,216.63649231859753,214.65278943756323,207.97603384640237,202.0245481938697,189.92450508162972,181.65583021826535,176.55148059124943,173.7012028100753,166.5346792926257,147.86369697451488,137.93513522167166,137.4804048880165,154.71750977424554,155.87620561636874,160.05370103945617,168.80521173153724,166.57409414735966,164.08528423850686,166.3617627416287,163.40816435543852,158.3189347440815,185.74511518315808,167.25057190267188,173.70391639877045,179.12420384685785,171.77393331020613,183.1095512796185,172.45497922656165,164.2375622162668,151.84651200023632,136.96721419303282,146.1970768743375,148.84339911207178,161.73565593117578,157.80079565113454,161.47959666324257,173.48662764282687
2024-02-11 22:18:17+00:00,158.61655559365755,198.77436667233707,210.08128633900424,218.83662866995047,213.68739907088252,185.25111863440523,187.7979670396963,180.31111724614487,143.58967052657954,,,168.77217329651646,169.66808482040403,168.65339278670038,164.88271634408406,168.23810431911116,172.86332555071252,165.005365165917,,,,137.77997105018696,160.02393867227238,180.0005338356629,198.7618767796485,202.57795985365317,200.32901786603162,199.63833991781576,180.64247846076017,134.94157259883605,,,180.18953373693898,159.63075753039573,154.79329797925223,142.62648224708738,151.39918651141411
2024-02-12 22:11:54+00:00,,,,224.32931283493056,217.97762001312898,197.11910522882027,193.50920675875585,189.08679411146122,169.10672451214666,143.21953563608795,150.0763182283867,173.6157231007576,175.06671629415408,167.8166715351159,163.58448557282645,174.08008422290618,176.37523361140654,170.58179224624155,144.09361697551165,148.28297874635433,155.33745053844143,144.88089919560403,166.63258564484968,183.8120410240472,205.53867126265013,205.51849259865855,203.09564388889495,202.89080135700834,190.59607168589358,146.90397112494875,109.15547021888294,160.5719194090625,177.25184646138788,166.63772337901497,158.70456283397453,140.6133392770606,162.50951494260184
2024-02-19 22:17:39+00:00,235.51683985130438,231.40771928340288,224.21981775758377,217.17830743681318,202.87160271408504,195.2079282120905,190.99255502591035,189.0509839105123,189.5453402393377,187.89824659979612,184.8471192691224,187.31933318573147,186.45262268885912,170.4228197118565,165.9164815303481,175.2899108113616,179.55757556974183,179.51960638038523,183.05332537621464,191.41681160968216,196.89929561475503,209.644609755756,211.40562366089176,209.7411188548258,206.80176004296752,198.09110106655413,195.6474434551864,193.00189741597723,189.9804868762704,185.54243512232264,176.8970025170801,184.3102508927309,178.11267082454955,171.403401052935,171.31813117518234,174.04563264626827,183.0064033390623
2024-02-20 22:11:56+00:00,198.0730621558319,189.3888854463914,189.01241749017717,194.97627543195097,192.1789586171459,183.45420131686018,177.07679065278703,170.26826704199848,161.12922695030923,145.7774739575793,142.6836088867463,151.6480946717347,157.4929554376019,160.16221895763698,160.6328322353654,165.23020346298603,170.1905429420698,164.0524008109853,150.1266262826634,148.8686457538909,140.12954261825575,145.87873814748772,149.07770434154844,173.2186886607575,175.43942458371447,177.28539846217402,180.6943623527048,174.1512148586804,166.630122014418,139.9464778262905,117.75701904962479,136.3585232505165,151.19858847152486,153.54180372644166,142.0159527565467,136.47987971968,153.7196256242328
2024-02-28 22:11:48+00:00,225.08142557536834,224.66072961577177,230.19180543426353,222.5513536628078,211.97095599663768,196.17275269138133,194.44786538843894,191.2578317916415,180.58885323569376,167.1283376908439,172.1465496683915,183.07774091497652,182.32252074107967,174.42632984392299,170.34561515928698,175.36037119844474,178.76074510573116,181.34340450680264,174.19042732796484,176.39430907439527,175.38401085138725,174.44658097428055,177.14445376115577,200.21196671168346,204.62794764961262,200.47158387434544,196.63701812826233,195.6483362339479,191.94091900967746,176.80149408442784,143.79607215797424,170.53974372583554,176.30852070343695,171.8881737194343,168.12032157663657,166.6120578262544,178.86840232913408
2024-03-14 22:18:09+00:00,,,,,,,,,,163.84493175504647,162.2947010861848,169.70767676289864,167.21620263782646,168.08139331301726,162.98870121868507,162.8283588347988,164.82258384018823,168.34035894273006,175.51330758014865,171.50258664451042,165.82142101435556,165.57085533593312,162.2528668517869,185.73775641682474,193.93961188852347,188.86928284140282,184.75823790576143,178.59687298635782,169.0970176917194,160.92980182159212,129.66402827167877,154.1287416438308,158.08150516179225,163.1170091302087,153.31704786963982,148.16802836646923,163.26704512955152
2024-03-30 22:17:36+00:00,,,,,194.19971649779148,179.94831357477193,184.52495328487586,188.04732797177292,190.1232967603069,176.78143304393427,168.76452052314698,174.70810647514605,171.96084893576742,173.17607018731127,160.6342618977608,161.18698032664824,165.6282869093966,169.7642606579809,174.4105856574431,186.86988951996534,188.75212704955425,193.99783941932014,194.71120837131747,199.6540589874701,199.90028683362576,191.68764638183796,187.77606500853204,183.54234077976977,178.3256863221325,171.3107838105379,157.4923806963873,175.61636715156374,172.55874789226007,172.57222332666032,159.4505612628608,152.25162687002103,167.06659867785868
2024-04-23 22:17:27+00:00,184.34987830142333,202.36522214199772,207.65501773109733,214.36023507489674,209.59041825157342,186.88220351465839,187.10720124328893,184.88139487422845,167.20557278415944,149.59974165479218,132.09066126838923,174.52240018325546,165.9135686290401,164.61604928858046,156.6003116864565,156.3186791006455,162.86323843998397,166.94259748853196,152.8060917371277,167.29106385642314,156.9873387976698,151.52831154645193,176.12578673436784,190.2445322975777,198.91861814313526,202.84561626752892,196.02802916384266,191.03142625929252,181.77066562488258,154.07181115734332,,151.81560908741898,179.6877543655545,166.82418624690774,153.92355459427077,133.16430867773283,141.085872342894
2024-05-02 22:11:08+00:00,,,,,,,,,,,,,174.1103282210005,155.057490000233,133.2971139502553,148.22754774325077,151.8797799902252,165.78573203832067,189.13096150380542,192.6169072630097,184.07175072296843,179.3828282549657,180.2213672134052,184.10312042114288,195.81516964071423,193.5063490547957,184.14709352015228,173.28405424165265,165.88350901548682,174.12368095203695,161.95718606228542,169.0844172089313,169.70527892269573,169.62323812688118,155.29992058741158,139.60596442171357,
2024-05-10 22:11:24+00:00,223.5833988591341,209.41510458430227,214.7102462216069,216.5026590099303,209.6978396549415,181.25781402210387,183.42282988478803,191.20911117753278,178.58100539109427,177.30408025045983,170.60658950880787,180.23304658403603,167.99709462066286,165.98657022465304,153.0521720339853,151.21869175027757,161.9494058022663,172.79826430474753,165.76337230807408,174.25473076684733,167.78176759178956,162.93394055498914,165.96047707388095,198.49575958281451,202.61557143831806,207.3664789043084,202.4055384287379,194.86289040725504,185.3992922898529,156.03330588297976,134.36910115742444,159.7979797731232,177.77262287745225,170.51318561111395,154.73139668914212,130.79432279661205,
2024-05-18 22:10:55+00:00,204.87940071002947,186.99743405747668,185.53835121826475,181.95949529940805,172.44087828178968,170.10117712709527,165.19663640929193,161.4220360181474,154.7615378665504,144.51930131490644,138.1703307057545,137.2430197419993,149.51040541050995,153.90000190552047,149.41371460363857,144.23121816294133,146.5728153573202,146.2298453156188,149.06868510790505,142.90691173820244,134.81751857503656,147.5468754442288,131.05271023782083,179.3664155569878,179.55366619648643,172.54652695351183,,,,,,,,,,,
2024-07-04 22:17:16+00:00,217.53157109169183,199.30937947198268,199.83211395473805,207.03713507886175,206.81175006175536,188.27889111777966,183.19203955383085,181.464043276778,173.26507233446046,180.36057476900643,,178.09347571871913,167.21462115351295,167.44018725301956,148.20244402392717,151.89968843529272,159.5591527676809,156.7578408821005,169.4152749688895,,168.82444234168398,167.20069080979854,153.74573928451355,203.25479230610762,193.91468183479986,194.00626832278823,189.85491563022154,184.75785675471747,179.5917834918985,172.47292116064725,,,,,,,
2024-07-12 22:17:00+00:00,,,,,,,228.35473711106735,214.1821167371799,210.88413482709896,211.0255368009989,,215.7890895212012,210.40644808013786,182.79183844058127,170.8301211262528,167.23059753364538,181.50969076898548,197.35631918216507,207.60738739215964,205.06232554393657,,,,,,,217.99878188771228,207.67009763815787,206.035049261355,217.53962514976027,186.19084672294204,226.19703372195264,223.4830979838635,211.76067378760143,187.21618524665843,179.75204185259787,183.05238716993597
2024-07-29 22:11:17+00:00,,,,,,,,,,,,,,,,,,,,,,,,,,,,,,,,,,,,,
2024-08-14 22:11:24+00:00,169.08195421514048,166.52385691633722,193.28559031218265,211.39553141800766,221.76981135284154,,,,,,,,176.06119924017017,167.8592778867228,,161.10610991958825,173.81332915456727,182.547548248456,194.6647677313304,180.893024021376,206.66731573144975,197.06206330534908,198.30609738285227,195.65457567568416,208.30619446596927,206.14768315495456,201.92115135077893,198.47480579030412,206.69481996153,210.36533584422756,182.56540432793767,182.25377325312255,173.01060861117983,177.9980181361691,174.90394976255487,,
