,dates,tide levels
0,1984-05-04 18:01:45+00:00,-0.12775960348326756
1,1984-05-20 18:02:16+00:00,-0.6108253701437136
2,1984-06-05 18:02:38+00:00,-0.7512534285702734
3,1984-06-21 18:02:54+00:00,-0.5007842383252243
4,1984-10-27 18:04:31+00:00,0.9531207595910199
5,1984-11-12 18:04:23+00:00,0.7820300628326012
6,1984-12-14 18:04:35+00:00,0.16357807429526108
7,1984-12-30 18:04:44+00:00,-0.17682745336224734
8,1985-01-15 18:04:51+00:00,-0.48732999848938846
9,1985-01-31 18:04:55+00:00,-0.29400097810759407
10,1985-03-20 18:04:55+00:00,0.5836998070759197
11,1985-06-08 18:04:37+00:00,-0.642849400844787
12,1985-09-12 18:03:49+00:00,0.23801766735810503
13,1985-10-14 18:03:28+00:00,0.8482966825405478
14,1985-11-15 18:03:01+00:00,1.0335474445856334
15,1986-01-18 18:01:49+00:00,-0.32892977170312676
16,1986-02-03 18:01:28+00:00,-0.5724241769975449
17,1986-04-08 18:00:05+00:00,0.509316734494695
18,1986-05-10 17:59:18+00:00,0.14537918350971862
19,1986-05-26 17:58:51+00:00,-0.1762648322541468
20,1986-06-11 17:58:22+00:00,-0.2835609526012399
21,1986-06-27 17:57:51+00:00,-0.5671479328644683
22,1986-07-13 17:57:19+00:00,-0.3228800046319121
23,1986-07-29 17:56:45+00:00,-0.11624528512446991
24,1986-08-30 17:55:34+00:00,0.1328366751361854
25,1986-09-15 17:55:02+00:00,0.23918342855964275
26,1986-10-17 17:54:01+00:00,0.6974030371106893
27,1986-11-02 17:53:27+00:00,0.8982076346343172
28,1986-12-20 17:53:28+00:00,0.6348982033236658
29,1987-01-05 17:53:57+00:00,-0.029635916459124542
30,1987-01-21 17:54:24+00:00,-0.09564905216755402
31,1987-02-06 17:54:58+00:00,-0.44334673078521275
32,1987-03-26 17:56:47+00:00,0.08552415194328739
33,1987-04-11 17:57:20+00:00,0.19850232722653513
34,1987-08-01 18:00:08+00:00,-0.01993780277601329
35,1987-09-02 18:01:03+00:00,0.0685366731161719
36,1987-09-18 18:01:26+00:00,0.1423325930083312
37,1987-10-20 18:02:03+00:00,0.3047505426187651
38,1988-03-28 18:04:33+00:00,-0.1592539041546478
39,1988-04-29 18:04:42+00:00,0.1486386438008909
40,1988-09-04 18:05:18+00:00,0.064665127043251
41,1988-12-09 18:04:56+00:00,0.8248717293260337
42,1988-12-25 18:04:49+00:00,0.9203788557522907
43,1989-01-26 18:04:28+00:00,0.3055733835907574
44,1989-02-27 18:04:19+00:00,-0.3759936623265173
45,1989-03-15 18:03:46+00:00,-0.6468755148092101
46,1989-03-31 18:03:31+00:00,-0.6713235058629956
47,1989-05-02 18:03:17+00:00,-0.14744512618791283
48,1989-06-19 18:02:19+00:00,0.1842677033195125
49,1989-07-05 18:02:04+00:00,0.10966200401223404
50,1989-07-21 18:01:45+00:00,0.22157313592770542
51,1989-08-06 18:01:25+00:00,0.19548800454050827
52,1989-08-22 18:01:03+00:00,0.2656395254168294
53,1989-09-07 18:00:41+00:00,0.26546358058813757
54,1989-09-23 18:00:14+00:00,0.020683038031290745
55,1989-10-25 17:59:15+00:00,0.10247590923865564
56,1989-11-10 17:58:56+00:00,0.008146532491277886
57,1989-11-26 17:58:28+00:00,0.3869613383286153
58,1989-12-12 17:58:03+00:00,0.928558347444639
59,1989-12-28 17:57:32+00:00,0.870902299864977
60,1990-01-29 17:56:32+00:00,0.727972195773979
61,1990-02-14 17:56:01+00:00,0.03880957960449776
62,1990-03-18 17:54:57+00:00,-0.5008152009957503
63,1990-05-05 17:54:39+00:00,-0.09267944837788641
64,1990-05-21 17:54:44+00:00,-0.09711293220874091
65,1990-08-25 17:54:24+00:00,0.3374225336140821
66,1990-10-12 17:54:07+00:00,-0.06336835834301448
67,1990-10-28 17:53:59+00:00,-0.04880635074934231
68,1991-05-08 17:56:51+00:00,-0.5106773516374422
69,1991-06-25 17:57:33+00:00,0.23080657920502345
70,1991-08-28 17:58:10+00:00,0.5899337987694806
71,1991-10-31 17:58:37+00:00,-0.1826871603870288
72,1992-06-27 17:57:44+00:00,0.02191412663305091
73,1992-08-30 17:56:50+00:00,0.8002709076151777
74,1992-09-15 17:56:36+00:00,0.6554977410560084
75,1992-10-01 17:56:14+00:00,0.41745553131725194
76,1992-10-17 17:55:59+00:00,0.414625502915223
77,1992-11-02 17:55:47+00:00,-0.008612147804031639
78,1992-11-18 17:55:30+00:00,-0.2854403576588361
79,1992-12-20 17:55:52+00:00,-0.013407413754334836
80,1993-03-10 17:56:40+00:00,0.5275636722322758
81,1993-04-11 17:56:48+00:00,-0.534040357606925
82,1993-04-27 17:56:56+00:00,-0.5364555832584568
83,1993-05-13 17:56:59+00:00,-0.5927393931492112
84,1993-05-29 17:57:02+00:00,-0.6171746264739307
85,1993-06-30 17:56:55+00:00,-0.017885057829712635
86,1993-09-02 17:56:52+00:00,0.5681287475542096
87,1993-10-20 17:56:39+00:00,0.3726511196772256
88,1993-11-05 17:56:33+00:00,0.3422005979605947
89,1993-12-07 17:56:22+00:00,-0.36338110915854116
90,1994-02-09 17:55:37+00:00,0.7309279902580836
91,1994-02-25 17:55:23+00:00,0.767567020081011
92,1994-03-13 17:55:09+00:00,0.5468207455738064
93,1994-06-01 17:53:43+00:00,-0.5399103709600166
94,1994-06-17 17:53:22+00:00,-0.4869303053726847
95,1994-08-20 17:51:42+00:00,0.48906265220030126
96,1994-09-05 17:51:18+00:00,0.58532124545889
97,1994-09-21 17:50:52+00:00,0.6900963220433369
98,1994-10-07 17:50:24+00:00,0.9934949587101777
99,1994-10-23 17:49:53+00:00,0.6294645981223373
100,1994-12-26 17:47:46+00:00,-0.38632977844107735
101,1995-01-27 17:46:36+00:00,-0.01606865368940743
102,1995-02-12 17:45:57+00:00,0.33393670684250104
103,1995-04-01 17:44:01+00:00,0.4248107555680297
104,1995-04-17 17:43:21+00:00,0.2533976421775575
105,1995-06-04 17:41:10+00:00,-0.4628964667621791
106,1995-06-20 17:40:27+00:00,-0.4858382298572545
107,1995-07-22 17:39:00+00:00,-0.013050643725496755
108,1995-08-23 17:37:32+00:00,0.2646625074684286
109,1995-09-24 17:35:59+00:00,0.6667913726753547
110,1995-10-10 17:35:08+00:00,0.7964608610562413
111,1995-11-11 17:33:58+00:00,0.5517252284814124
112,1995-11-27 17:34:21+00:00,0.19735635983199365
113,1996-01-14 17:37:45+00:00,-0.37641531729320343
114,1996-04-03 17:43:06+00:00,0.5479513436355784
115,1996-04-19 17:44:05+00:00,0.33382135439331895
116,1996-05-21 17:45:57+00:00,-0.21680291220858627
117,1996-07-24 17:49:24+00:00,-0.25058627087223395
118,1996-08-25 17:51:05+00:00,0.015217789206504849
119,1996-10-12 17:53:41+00:00,0.6546897089376137
120,1996-11-29 17:56:00+00:00,0.5274905509076511
121,1996-12-15 17:56:45+00:00,0.2526476357645409
122,1997-01-16 17:58:15+00:00,-0.47375406879130594
123,1997-02-01 17:58:59+00:00,-0.4166030215334347
124,1997-02-17 17:59:40+00:00,-0.10299094460381117
125,1997-03-05 18:00:19+00:00,-0.19194961082785075
126,1997-04-22 18:02:05+00:00,0.4180592912589298
127,1997-05-08 18:02:38+00:00,0.323464436267243
128,1997-05-24 18:03:12+00:00,0.16821454496403582
129,1997-08-28 18:06:24+00:00,0.03843971819268062
130,1997-09-13 18:06:52+00:00,-0.005901872113867768
131,1997-09-29 18:07:20+00:00,0.3298246985526188
132,1997-10-15 18:07:45+00:00,0.6258318005468425
133,1997-10-31 18:08:12+00:00,0.6369735253756842
134,1998-01-03 18:09:44+00:00,0.2798069950397009
135,1998-02-04 18:10:26+00:00,-0.5663139770876137
136,1998-02-20 18:10:45+00:00,-0.4514010381642594
137,1998-03-08 18:11:00+00:00,-0.19012239882623314
138,1998-03-24 18:11:14+00:00,-0.27050263473779335
139,1998-04-09 18:11:25+00:00,0.2757301438737654
140,1998-05-27 18:12:09+00:00,0.31558197177269065
141,1998-08-31 18:13:10+00:00,-0.04827830985754166
142,1998-10-18 18:13:20+00:00,0.369383693123776
143,1998-11-03 18:13:24+00:00,0.593272076886143
144,1998-11-19 18:13:32+00:00,0.6599769218280103
145,1998-12-05 18:13:27+00:00,1.0963296048266955
146,1998-12-21 18:13:32+00:00,0.8448441190232405
147,1999-01-06 18:13:34+00:00,0.4135405315382987
148,1999-01-22 18:13:32+00:00,0.246857399829882
149,1999-02-23 18:13:45+00:00,-0.6405123952896318
150,1999-03-27 18:13:17+00:00,-0.26276484429325886
151,1999-05-14 18:13:00+00:00,0.3525018765618812
152,1999-06-15 18:12:28+00:00,0.2943078313840897
153,1999-07-17 18:12:14+00:00,-0.13809243308407795
154,1999-07-25 18:27:21+00:00,0.0989910851438877
155,1999-08-02 18:12:12+00:00,-0.011118905386629853
156,1999-08-18 18:12:03+00:00,-0.06583089780353607
157,1999-09-03 18:11:36+00:00,-0.08459332722613659
158,1999-09-11 18:27:22+00:00,0.6270968838885917
159,1999-10-05 18:11:06+00:00,0.028401913473468782
160,1999-10-13 18:27:30+00:00,0.6053004864522614
161,1999-10-21 18:11:02+00:00,0.04730909371315308
162,1999-10-29 18:27:23+00:00,0.5845078803040614
163,1999-11-22 18:09:54+00:00,0.6098208110998531
164,1999-11-30 18:27:17+00:00,-0.1923203795858826
165,1999-12-16 18:27:27+00:00,-0.1883754489013556
166,1999-12-24 18:09:36+00:00,1.1636979642596395
167,2000-01-01 18:27:19+00:00,-0.23699363255569708
168,2000-02-02 18:27:17+00:00,0.1501329354622675
169,2000-03-21 18:27:07+00:00,0.663438574772513
170,2000-04-22 18:26:49+00:00,-0.010282808232731226
171,2000-04-30 18:09:55+00:00,-0.18981851653619755
172,2000-05-08 18:26:39+00:00,-0.40479880964271947
173,2000-05-16 18:10:18+00:00,0.2656937782738782
174,2000-06-09 18:26:22+00:00,-0.713921464081796
175,2000-07-19 18:11:35+00:00,0.11802507193879139
176,2000-07-27 18:25:42+00:00,-0.1442782145023005
177,2000-08-12 18:25:36+00:00,0.17857007922290713
178,2000-08-20 18:12:13+00:00,0.16367809840413805
179,2000-09-13 18:25:08+00:00,0.4256592847945865
180,2000-09-29 18:24:57+00:00,0.7883566940384571
181,2000-10-31 18:24:52+00:00,0.6408854535828516
182,2000-11-16 18:24:50+00:00,0.6162199920242629
183,2000-11-24 18:13:41+00:00,0.47355599262281367
184,2000-12-02 18:24:51+00:00,0.26306820815994575
185,2000-12-10 18:13:49+00:00,0.5790212470429974
186,2000-12-18 18:24:55+00:00,-0.27887781508622517
187,2000-12-26 18:14:12+00:00,0.7978609385256965
188,2001-01-03 18:24:54+00:00,-0.26318732290562485
189,2001-01-19 18:25:01+00:00,-0.26663315739544796
190,2001-02-04 18:24:56+00:00,-0.37816217769002647
191,2001-03-16 18:14:39+00:00,-0.5866037888526603
192,2001-04-09 18:24:35+00:00,0.5628396188538219
193,2001-04-17 18:14:29+00:00,-0.482459592487871
194,2001-04-25 18:24:34+00:00,0.32250711634406776
195,2001-05-03 18:14:43+00:00,-0.424058582125161
196,2001-06-12 18:24:07+00:00,-0.47164204856319003
197,2001-06-20 18:14:50+00:00,0.24000093718156765
198,2001-06-28 18:23:50+00:00,-0.6045537817099411
199,2001-07-22 18:14:51+00:00,0.3417445732591752
200,2001-08-23 18:14:45+00:00,0.22899800183248942
201,2001-09-16 18:23:00+00:00,0.40568586342801277
202,2001-09-24 18:14:33+00:00,0.0877058541177688
203,2001-10-10 18:14:26+00:00,0.11460461004597215
204,2001-11-03 18:22:52+00:00,0.8430757886940257
205,2001-11-19 18:23:02+00:00,0.656676839059388
206,2001-11-27 18:14:04+00:00,0.06488963225668679
207,2001-12-13 18:13:57+00:00,0.5048546666606835
208,2002-02-07 18:23:23+00:00,-0.3112934364660795
209,2002-02-23 18:23:25+00:00,-0.34544893413819705
210,2002-03-03 18:12:44+00:00,-0.025413917855067858
211,2002-03-11 18:23:25+00:00,0.2884202483642388
212,2002-04-28 18:23:20+00:00,0.439665571707942
213,2002-05-14 18:23:13+00:00,0.16010671475354496
214,2002-05-22 18:11:15+00:00,-0.43454274755115596
215,2002-06-15 18:23:01+00:00,-0.3807539107726371
216,2002-06-23 18:10:32+00:00,0.2504175957766688
217,2002-07-17 18:22:50+00:00,-0.394447617376223
218,2002-07-25 18:09:49+00:00,0.2758895496313419
219,2002-09-03 18:22:30+00:00,0.050801260872941366
220,2002-09-11 18:08:32+00:00,0.44910205854980473
221,2002-10-05 18:22:13+00:00,0.41988988770607205
222,2002-10-13 18:07:28+00:00,0.08224346442205607
223,2002-11-14 18:06:26+00:00,-0.025260099177646884
224,2002-11-22 18:22:39+00:00,0.8256901208343633
225,2002-12-08 18:22:45+00:00,0.6480434266132697
226,2003-01-01 18:06:35+00:00,0.5851713346707357
227,2003-01-17 18:06:56+00:00,0.681448347162908
228,2003-02-02 18:07:17+00:00,0.9452493388192822
229,2003-02-18 18:07:38+00:00,0.9469291973076096
230,2003-02-26 18:23:10+00:00,-0.37488161352880334
231,2003-03-06 18:08:06+00:00,0.3384706860698102
232,2003-03-22 18:08:26+00:00,-0.21057008702697924
233,2003-03-30 18:23:13+00:00,0.2781057207659768
234,2003-04-07 18:08:54+00:00,-0.3565773420035263
235,2003-04-15 18:23:16+00:00,0.3159478560067226
236,2003-04-23 18:09:17+00:00,-0.8403341275132725
237,2003-05-09 18:09:37+00:00,-0.7633752368255255
238,2003-06-26 18:10:35+00:00,0.07810037279410825
239,2003-07-20 18:23:03+00:00,-0.23382898953146566
240,2003-08-05 18:22:53+00:00,-0.12440677937226317
241,2003-08-13 18:11:26+00:00,0.41604044930674483
242,2003-08-29 18:11:44+00:00,0.579096483267486
243,2003-10-24 18:22:52+00:00,0.4008877486207038
244,2003-11-01 18:12:31+00:00,0.027817855224850505
245,2003-11-17 18:12:50+00:00,0.04002700761325049
246,2003-11-25 18:23:11+00:00,1.1251416977008415
247,2003-12-03 18:13:01+00:00,-0.1357099981513611
248,2003-12-19 18:13:09+00:00,-0.32082692217329084
249,2003-12-27 18:23:24+00:00,0.6046652013157694
250,2004-01-04 18:13:16+00:00,0.15450274817216825
251,2004-01-12 18:23:25+00:00,0.4404379083750338
252,2004-01-20 18:13:18+00:00,0.5576051478085916
253,2004-01-28 18:23:34+00:00,-0.26563876739990966
254,2004-02-05 18:13:22+00:00,0.6817293207163639
255,2004-02-29 18:23:39+00:00,-0.47899492935547
256,2004-04-25 18:14:30+00:00,-0.4878352096987523
257,2004-05-03 18:23:41+00:00,0.21683874265104855
258,2004-05-11 18:14:57+00:00,-0.8821768699497031
259,2004-05-19 18:23:41+00:00,0.2587667897638593
260,2004-06-04 18:23:37+00:00,0.2416363191631569
261,2004-06-12 18:15:52+00:00,-0.30025020723924684
262,2004-07-14 18:16:48+00:00,0.15463999586265637
263,2004-07-30 18:17:10+00:00,0.2576618544864937
264,2004-08-15 18:17:32+00:00,0.30373420970803844
265,2004-09-08 18:23:11+00:00,0.09208043218062102
266,2004-09-24 18:23:07+00:00,-0.0010445316441513213
267,2004-10-02 18:18:43+00:00,0.6735842771548335
268,2004-10-10 18:23:02+00:00,0.07558478072269206
269,2004-11-03 18:19:24+00:00,0.3866131075009106
270,2004-11-19 18:19:37+00:00,-0.05938253554819819
271,2004-12-13 18:23:42+00:00,1.1432189560054018
272,2004-12-21 18:20:19+00:00,-0.27762622747820587
273,2005-01-14 18:23:54+00:00,0.5065526339012707
274,2005-01-22 18:20:43+00:00,0.2062853623115889
275,2005-01-30 18:23:57+00:00,0.2631781239208187
276,2005-02-23 18:21:12+00:00,0.6265830558176544
277,2005-04-04 18:24:09+00:00,-0.558241334832081
278,2005-04-12 18:21:37+00:00,-0.09189459287034389
279,2005-04-20 18:24:02+00:00,-0.20465911688905977
280,2005-05-06 18:24:07+00:00,0.16690312619977166
281,2005-05-14 18:21:47+00:00,-0.5588843968643274
282,2005-05-22 18:24:06+00:00,0.17282085128780053
283,2005-05-30 18:21:56+00:00,-0.8026659760998757
284,2005-06-07 18:24:01+00:00,0.22069839850975942
285,2005-07-09 18:23:56+00:00,0.05585597676117194
286,2005-08-26 18:23:45+00:00,0.13269643290211025
287,2005-09-03 18:22:37+00:00,0.38840507280959913
288,2005-09-11 18:23:35+00:00,0.24314765928294788
289,2005-10-05 18:22:34+00:00,0.7640626596581077
290,2005-10-13 18:23:36+00:00,-0.08612789786074398
291,2005-10-29 18:23:50+00:00,0.03630889615684281
292,2005-11-06 18:22:41+00:00,0.7545235775499392
293,2005-11-14 18:23:59+00:00,0.3068413446170991
294,2005-11-22 18:23:06+00:00,0.2691631233802565
295,2005-11-30 18:24:05+00:00,0.36687233532540475
296,2005-12-16 18:24:08+00:00,0.8218212411221386
297,2006-01-09 18:24:11+00:00,-0.3966976863116475
298,2006-01-25 18:24:33+00:00,-0.39230124677029815
299,2006-02-02 18:24:31+00:00,0.3549548212266036
300,2006-02-10 18:24:56+00:00,0.2658024785690254
301,2006-02-18 18:24:35+00:00,0.052728305295876944
302,2006-02-26 18:25:17+00:00,0.3978565699647714
303,2006-03-14 18:25:38+00:00,0.5255826721999445
304,2006-03-22 18:24:36+00:00,-0.6770843925027643
305,2006-05-25 18:24:34+00:00,0.14327473244316855
306,2006-07-04 18:27:24+00:00,-0.23542156585612578
307,2006-07-12 18:24:19+00:00,0.2754687203886293
308,2006-07-28 18:24:12+00:00,0.2157837602235735
309,2006-08-05 18:27:49+00:00,0.03299290707274912
310,2006-08-21 18:28:00+00:00,0.23046433905863112
311,2006-08-29 18:24:08+00:00,0.40848836027240165
312,2006-09-06 18:28:11+00:00,0.2716734721309837
313,2006-09-22 18:28:23+00:00,0.46965322451342817
314,2006-10-08 18:28:35+00:00,0.9687958962498631
315,2006-10-16 18:24:01+00:00,-0.02563042961448052
316,2006-10-24 18:28:45+00:00,0.7556226245841049
317,2006-11-01 18:24:16+00:00,-0.20969584503724903
318,2006-11-17 18:24:28+00:00,-0.0004567973546751203
319,2006-11-25 18:29:02+00:00,0.7021528201297847
320,2006-12-03 18:24:37+00:00,0.2608980869137855
321,2006-12-19 18:24:42+00:00,0.43146129147197143
322,2007-01-04 18:24:43+00:00,0.9435503503795327
323,2007-01-12 18:29:22+00:00,-0.38571388861220357
324,2007-01-20 18:24:45+00:00,1.0210532144550502
325,2007-02-05 18:24:53+00:00,0.568094046809316
326,2007-02-13 18:29:30+00:00,-0.3424302113890899
327,2007-02-21 18:24:58+00:00,0.18238076923502006
328,2007-03-01 18:29:29+00:00,0.25083969863216327
329,2007-04-10 18:25:02+00:00,-0.709715478115876
330,2007-04-18 18:29:16+00:00,0.4642935287830607
331,2007-04-26 18:24:59+00:00,-0.5159994657565737
332,2007-06-21 18:28:27+00:00,-0.3930813349849452
333,2007-06-29 18:24:45+00:00,0.18693693251193427
334,2007-07-15 18:24:42+00:00,0.33210473385255623
335,2007-07-31 18:24:38+00:00,0.40273786128299377
336,2007-08-08 18:27:56+00:00,-0.008771686715187165
337,2007-09-01 18:24:25+00:00,0.6689688260799675
338,2007-09-09 18:27:38+00:00,0.2556717946214633
339,2007-09-17 18:24:18+00:00,0.4691362990878133
340,2007-09-25 18:27:31+00:00,0.27746026012558705
341,2007-10-19 18:24:21+00:00,0.1653379539215652
342,2007-11-20 18:24:40+00:00,-0.33691484758107715
343,2007-12-22 18:24:50+00:00,0.25182730970047945
344,2008-02-08 18:24:49+00:00,0.849338019975198
345,2008-02-16 18:25:05+00:00,-0.5383150624236146
346,2008-03-03 18:24:46+00:00,-0.24811640997380344
347,2008-03-11 18:24:38+00:00,0.024984211460294323
348,2008-03-27 18:24:39+00:00,-0.3359203327801877
349,2008-04-12 18:24:38+00:00,-0.8546651282196756
350,2008-04-20 18:23:40+00:00,0.34176526442342514
351,2008-04-28 18:24:35+00:00,-0.6849875158207201
352,2008-05-14 18:24:30+00:00,-0.46682409163127636
353,2008-05-22 18:22:50+00:00,0.03794160947522585
354,2008-05-30 18:24:23+00:00,-0.40714326204285567
355,2008-06-23 18:21:57+00:00,-0.15575141645775384
356,2008-07-01 18:24:04+00:00,0.15161643172292194
357,2008-07-17 18:23:52+00:00,0.2251796736153793
358,2008-07-25 18:21:02+00:00,-0.010500517654478967
359,2008-08-02 18:23:45+00:00,0.5062988823098913
360,2008-08-10 18:20:33+00:00,0.04101365306967021
361,2008-09-03 18:23:31+00:00,0.6254252616615542
362,2008-09-11 18:19:40+00:00,0.085011940839766
363,2008-09-19 18:23:22+00:00,0.778454146882269
364,2008-10-05 18:23:12+00:00,0.43074600902558996
365,2008-10-13 18:18:40+00:00,0.3174692166106451
366,2008-10-21 18:23:17+00:00,0.10637544756270906
367,2008-10-29 18:18:06+00:00,0.679329869292359
368,2008-11-06 18:23:33+00:00,0.021696546180829782
369,2008-11-14 18:17:45+00:00,1.0606796626545032
370,2009-01-09 18:24:10+00:00,0.2765612893973417
371,2009-01-17 18:19:38+00:00,-0.34951510796227075
372,2009-01-25 18:24:15+00:00,0.6027654577928226
373,2009-02-02 18:20:04+00:00,-0.44114634877500564
374,2009-02-10 18:24:22+00:00,0.9580636803223461
375,2009-02-18 18:20:28+00:00,-0.4673573466197689
376,2009-02-26 18:24:32+00:00,0.6446713166255621
377,2009-03-06 18:20:51+00:00,-0.5865189208625177
378,2009-03-22 18:21:13+00:00,-0.17987999751835723
379,2009-03-30 18:24:46+00:00,-0.09496620234693824
380,2009-04-07 18:21:33+00:00,0.15770616073725588
381,2009-04-15 18:24:51+00:00,-0.47277293185008984
382,2009-05-01 18:24:55+00:00,-0.8249593527407683
383,2009-06-18 18:24:55+00:00,-0.2252275028612842
384,2009-07-04 18:24:53+00:00,0.13864745430235312
385,2009-07-12 18:23:18+00:00,0.05761455838954322
386,2009-07-20 18:24:48+00:00,0.1598734774064635
387,2009-08-05 18:24:43+00:00,0.2972838652045854
388,2009-08-21 18:24:41+00:00,0.6996982361438908
389,2009-08-29 18:24:02+00:00,0.03640185955252596
390,2009-09-06 18:24:40+00:00,0.6391030522747759
391,2009-09-30 18:24:27+00:00,0.04769791587205823
392,2009-10-08 18:24:31+00:00,0.7827269870511776
393,2009-10-16 18:24:37+00:00,0.21756294917635177
394,2009-10-24 18:24:48+00:00,0.32992225848421847
395,2009-11-01 18:24:46+00:00,0.2842355422545582
396,2009-11-09 18:25:03+00:00,0.027013144596282016
397,2009-11-17 18:24:52+00:00,0.761117259573321
398,2009-11-25 18:25:15+00:00,-0.14342248193212018
399,2009-12-03 18:25:01+00:00,1.0103675966301116
400,2010-01-12 18:25:59+00:00,0.15979543320245113
401,2010-01-28 18:26:13+00:00,0.26535860870177375
402,2010-02-13 18:26:24+00:00,0.5909245432724832
403,2010-03-09 18:25:27+00:00,-0.511864708064548
404,2010-04-02 18:26:43+00:00,-0.0023116076941538536
405,2010-04-18 18:26:43+00:00,-0.163492524925814
406,2010-05-04 18:26:41+00:00,-0.5329524473476753
407,2010-05-12 18:25:18+00:00,0.16726561329022702
408,2010-05-20 18:26:37+00:00,-0.6806213341788744
409,2010-06-13 18:25:09+00:00,0.271116552535111
410,2010-07-15 18:25:01+00:00,0.2419774971313528
411,2010-08-24 18:26:46+00:00,0.393806319130213
412,2010-09-09 18:26:48+00:00,0.834695441522052
413,2010-09-25 18:26:47+00:00,0.6851112800571937
414,2010-11-04 18:24:19+00:00,0.15481552861281037
415,2010-11-12 18:27:12+00:00,0.1827364945003832
416,2010-12-06 18:24:18+00:00,0.8880139575295982
417,2010-12-30 18:27:40+00:00,-0.5315575281234828
418,2011-01-07 18:24:26+00:00,0.7042275212832924
419,2011-01-15 18:27:48+00:00,-0.3492529508941724
420,2011-01-23 18:24:26+00:00,0.5105459380098574
421,2011-01-31 18:27:54+00:00,0.19458860336813014
422,2011-02-08 18:24:28+00:00,0.057337025208348366
423,2011-03-04 18:28:03+00:00,0.5394418415808968
424,2011-03-12 18:24:25+00:00,-0.5470008677298851
425,2011-03-28 18:24:20+00:00,-0.5395330319699223
426,2011-04-13 18:24:16+00:00,-0.6339932076430739
427,2011-04-21 18:28:06+00:00,-0.07834003904646238
428,2011-04-29 18:24:09+00:00,-0.07220526817580399
429,2011-05-15 18:24:04+00:00,0.057046118363341815
430,2011-05-23 18:28:05+00:00,-0.5075519257348313
431,2011-07-10 18:28:02+00:00,-0.203028705849419
432,2011-07-18 18:23:37+00:00,0.2736699306938283
433,2011-07-26 18:28:00+00:00,-0.020872607808101927
434,2011-08-03 18:23:26+00:00,0.4533949393979207
435,2011-08-27 18:27:53+00:00,0.19477534604565652
436,2011-09-12 18:27:47+00:00,0.49882648740981017
437,2011-10-06 18:22:35+00:00,-0.12008642780697347
438,2011-10-14 18:27:46+00:00,0.7103003578498113
439,2011-10-30 18:27:52+00:00,0.863918979374697
440,2011-11-07 18:22:11+00:00,0.03831161342621199
441,2011-11-15 18:28:04+00:00,0.6393822758555161
442,2011-12-01 18:28:14+00:00,0.010963988045620886
443,2012-01-18 18:28:31+00:00,-0.5881575620561743
444,2012-02-03 18:28:35+00:00,-0.265635798032804
445,2012-02-19 18:28:39+00:00,0.17351251092215292
446,2012-03-06 18:28:36+00:00,0.2043044676680173
447,2012-03-22 18:28:38+00:00,0.4885201254198392
448,2012-04-07 18:28:34+00:00,0.5503496501022825
449,2012-05-09 18:29:09+00:00,-0.07033944920794073
450,2012-05-25 18:29:05+00:00,-0.14025207091980593
451,2012-06-26 18:29:00+00:00,-0.257728435633698
452,2012-08-13 18:29:37+00:00,0.007772842753118779
453,2012-09-14 18:29:56+00:00,0.21425984178657373
454,2012-09-30 18:30:07+00:00,0.5969808521231962
455,2012-10-16 18:30:15+00:00,0.8798044753043237
456,2012-11-01 18:30:21+00:00,0.7290589355837629
457,2012-12-03 18:30:28+00:00,0.5349020021650757
458,2012-12-19 18:30:38+00:00,-0.14430060402728553
459,2013-01-04 18:30:40+00:00,-0.18822016308211695
460,2013-01-20 18:30:41+00:00,-0.4416053565436631
461,2013-02-21 18:30:40+00:00,-0.20032359077664058
462,2013-03-09 18:30:39+00:00,0.09839925629836734
463,2013-03-22 18:38:08+00:00,-0.41796815303937346
464,2013-03-27 18:33:54+00:00,0.5010997543692518
465,2013-04-10 18:30:32+00:00,0.4525614380968359
466,2013-04-18 18:36:19+00:00,-0.5694881334773355
467,2013-04-26 18:30:25+00:00,0.44379859100383945
468,2013-05-20 18:36:32+00:00,-0.4440880725177715
469,2013-05-28 18:30:18+00:00,0.0025871647606428004
470,2013-06-21 18:36:25+00:00,0.018692022041821143
471,2013-06-29 18:30:03+00:00,-0.31141174778291103
472,2013-07-07 18:36:30+00:00,0.24656722033828693
473,2013-07-15 18:29:53+00:00,-0.10488512796006147
474,2013-08-08 18:36:31+00:00,0.45768026861200084
475,2013-08-24 18:36:33+00:00,0.6292223422261831
476,2013-09-01 18:30:00+00:00,0.026256800458115136
477,2013-09-25 18:36:23+00:00,0.3218453623653933
478,2013-10-11 18:36:23+00:00,0.17419461942400757
479,2013-10-19 18:30:33+00:00,0.6983776423410866
480,2013-10-27 18:36:14+00:00,-0.0383754653921569
481,2013-11-04 18:30:37+00:00,0.8497114903707614
482,2013-12-06 18:30:51+00:00,0.8338511652183582
483,2013-12-14 18:36:03+00:00,0.023960750488984942
484,2013-12-22 18:30:53+00:00,0.418728177739306
485,2013-12-30 18:35:55+00:00,0.043605311379344446
486,2014-01-15 18:35:39+00:00,0.542463593753672
487,2014-01-23 18:31:15+00:00,-0.2492761064188807
488,2014-02-16 18:35:21+00:00,0.6517224746948272
489,2014-02-24 18:31:13+00:00,-0.640868710018035
490,2014-03-12 18:31:20+00:00,-0.14627567047678
491,2014-03-28 18:31:27+00:00,0.018861690613621758
492,2014-04-05 18:34:40+00:00,-0.4040364990639523
493,2014-04-29 18:31:43+00:00,0.44014639196073363
494,2014-05-07 18:34:08+00:00,-0.5428992027469014
495,2014-05-15 18:31:50+00:00,0.36724263923034195
496,2014-05-31 18:31:54+00:00,0.14864831545959312
497,2014-06-24 18:34:13+00:00,0.05078918585922956
498,2014-07-18 18:32:03+00:00,-0.1922095059801555
499,2014-08-27 18:34:35+00:00,0.5195747853185291
500,2014-09-12 18:34:39+00:00,0.743860032898914
501,2014-09-28 18:34:38+00:00,0.6482059142004263
502,2014-10-06 18:32:26+00:00,0.08360561683365647
503,2014-10-22 18:32:35+00:00,0.2807594335946283
504,2014-10-30 18:34:40+00:00,0.15482955131836035
505,2014-11-07 18:32:45+00:00,0.7842531808664951
506,2014-11-15 18:34:43+00:00,-0.14591141112037836
507,2014-11-23 18:32:48+00:00,0.8086594612582135
508,2014-12-09 18:32:54+00:00,0.7689553998163877
509,2014-12-17 18:34:38+00:00,-0.311518090655269
510,2014-12-25 18:33:02+00:00,0.789998633755973
511,2015-01-02 18:34:32+00:00,0.06380542056864819
512,2015-02-03 18:34:27+00:00,0.6041009504932175
513,2015-02-27 18:33:21+00:00,-0.5493237600630962
514,2015-03-07 18:34:12+00:00,0.5511485541081381
515,2015-03-23 18:34:03+00:00,0.2901884069054346
516,2015-03-31 18:33:34+00:00,-0.11744915202540573
517,2015-04-08 18:33:53+00:00,0.05953218629299612
518,2015-04-16 18:33:44+00:00,-0.05837069236534158
519,2015-05-02 18:33:49+00:00,0.1963894855054728
520,2015-05-10 18:33:34+00:00,-0.5794549463528311
521,2015-05-18 18:33:58+00:00,0.43826039171087916
522,2015-06-27 18:33:52+00:00,-0.20812106576622635
523,2015-07-13 18:34:03+00:00,0.0680967378991223
524,2015-07-29 18:34:07+00:00,0.10000010284852343
525,2015-08-14 18:34:13+00:00,0.3956041133202754
526,2015-08-30 18:34:19+00:00,0.6660352816074834
527,2015-09-07 18:34:23+00:00,-0.13042468478655425
528,2015-09-23 18:34:28+00:00,-0.12754735350824617
529,2015-10-01 18:34:31+00:00,0.8342668380231266
530,2015-10-09 18:34:36+00:00,0.048855639884062614
531,2015-10-17 18:34:32+00:00,0.6158451852923701
532,2015-11-18 18:34:38+00:00,0.1342830978137029
533,2015-11-26 18:35:23+00:00,0.8526246171420644
534,2015-12-12 18:35:39+00:00,0.7786301141806686
535,2016-01-29 18:36:18+00:00,0.15590690646166824
536,2016-02-06 18:34:31+00:00,0.1682182973099985
537,2016-02-14 18:36:23+00:00,-0.37777253374273095
538,2016-02-22 18:34:24+00:00,0.6343438736256737
539,2016-03-09 18:34:22+00:00,0.7680224255259716
540,2016-03-17 18:36:37+00:00,-0.6314818305980306
541,2016-03-25 18:34:14+00:00,0.445181395667631
542,2016-04-02 18:36:40+00:00,-0.6255790199373654
543,2016-04-10 18:34:07+00:00,0.207062767965774
544,2016-04-18 18:36:48+00:00,-0.10714223497245699
545,2016-04-26 18:34:03+00:00,-0.042668820285572256
546,2016-05-12 18:34:02+00:00,-0.5879037291212207
547,2016-06-05 18:37:02+00:00,0.4342259806462595
548,2016-06-13 18:34:12+00:00,-0.45065685476740847
549,2016-06-21 18:37:04+00:00,0.2856777248351572
550,2016-07-23 18:37:06+00:00,0.2870788833241959
551,2016-07-31 18:34:31+00:00,0.07532898642292879
552,2016-08-16 18:34:35+00:00,0.15734860352600072
553,2016-08-24 18:37:10+00:00,0.07788675337253442
554,2016-09-01 18:34:42+00:00,0.49079786555729393
555,2016-09-17 18:34:44+00:00,0.6845799254394184
556,2016-09-25 18:37:15+00:00,-0.1534134410042385
557,2016-10-03 18:34:46+00:00,0.6390744162461044
558,2016-10-19 18:34:51+00:00,0.8983019805224519
559,2016-11-04 18:34:51+00:00,0.5783889025084137
560,2016-11-20 18:34:51+00:00,0.10390674765116961
561,2016-12-06 18:34:49+00:00,0.09778332903727299
562,2016-12-14 18:36:57+00:00,0.9046070981623293
563,2016-12-22 18:34:45+00:00,-0.3169175835867846
564,2017-01-15 18:36:39+00:00,0.7949148564928372
565,2017-01-31 18:36:31+00:00,0.6268172061507475
566,2017-03-28 18:34:06+00:00,0.6343649549332353
567,2017-04-05 18:36:46+00:00,-0.706361783566596
568,2017-04-21 18:36:54+00:00,-0.5765385285331077
569,2017-04-29 18:33:48+00:00,0.12521360309603646
570,2017-05-15 18:33:57+00:00,-0.13884353428453067
571,2017-06-16 18:34:13+00:00,-0.4353617573386016
572,2017-07-18 18:34:22+00:00,-0.3295620637305114
573,2017-07-26 18:37:09+00:00,0.3293676913499855
574,2017-08-03 18:34:29+00:00,-0.013905278631827209
575,2017-08-11 18:37:07+00:00,0.36446822422759856
576,2017-09-12 18:37:06+00:00,0.20844263729150875
577,2017-09-20 18:34:40+00:00,0.5922216290848261
578,2017-10-06 18:34:46+00:00,0.6886886435994011
579,2017-10-14 18:37:08+00:00,-0.17876295847387272
580,2017-10-22 18:34:49+00:00,0.7112674914026051
581,2017-11-07 18:34:47+00:00,0.9318596856572828
582,2017-11-23 18:34:42+00:00,0.5362049979152206
583,2017-12-01 18:37:00+00:00,-0.01805504860626044
584,2017-12-17 18:36:51+00:00,0.4712003846205605
585,2018-01-10 18:34:36+00:00,-0.4068174569863768
586,2018-01-18 18:36:25+00:00,0.7693380921884121
587,2018-01-26 18:34:27+00:00,-0.5533017087844704
588,2018-02-03 18:36:09+00:00,0.7628744288883135
589,2018-02-11 18:34:20+00:00,-0.1520450689888393
590,2018-02-19 18:35:59+00:00,0.48603859287677026
591,2018-02-27 18:34:13+00:00,-0.027689654283483203
592,2018-03-15 18:34:04+00:00,0.2564527393745768
593,2018-03-23 18:35:36+00:00,-0.4802192913135474
594,2018-04-08 18:35:21+00:00,-0.5863095925280406
595,2018-04-16 18:33:48+00:00,0.49364540627418696
596,2018-05-10 18:34:47+00:00,-0.49244940890691535
597,2018-05-26 18:34:33+00:00,-0.07474156906541483
598,2018-06-11 18:34:17+00:00,-0.04312961768280834
599,2018-06-19 18:33:27+00:00,-0.5568189264399862
600,2018-07-13 18:33:39+00:00,0.41770819692492756
601,2018-07-21 18:33:43+00:00,-0.28485533159332965
602,2018-08-06 18:33:52+00:00,-0.18650350138020488
603,2018-08-22 18:34:00+00:00,0.06438224605146323
604,2018-09-15 18:32:25+00:00,0.24048471485463974
605,2018-09-23 18:34:11+00:00,0.2726270365529827
606,2018-10-01 18:32:02+00:00,0.2986895801397528
607,2018-10-09 18:34:19+00:00,0.6877475677383701
608,2018-10-17 18:31:38+00:00,0.02621946948470063
609,2018-10-25 18:34:24+00:00,0.6885115932738429
610,2018-11-02 18:31:18+00:00,-0.20376259585029735
611,2018-11-10 18:34:26+00:00,0.7963496649129819
612,2018-11-18 18:30:56+00:00,-0.14067773210919787
613,2018-11-26 18:34:26+00:00,0.9313253027207149
614,2018-12-04 18:30:31+00:00,0.04174929815852977
615,2018-12-12 18:34:23+00:00,0.47586996775100177
616,2018-12-20 18:30:04+00:00,0.06339249450794301
617,2018-12-28 18:34:23+00:00,0.011573008620150326
618,2019-01-21 18:29:05+00:00,0.9757290262519599
619,2019-01-29 18:34:17+00:00,-0.5114994502090806
620,2019-02-06 18:28:35+00:00,0.7557969439978127
621,2019-02-22 18:28:06+00:00,0.6529063543043836
622,2019-03-10 18:27:36+00:00,0.29298661828559697
623,2019-03-18 18:34:06+00:00,-0.09099249071843135
624,2019-03-26 18:27:04+00:00,-0.45936143827507714
625,2019-04-19 18:33:56+00:00,0.5450683515156594
626,2019-05-29 18:24:42+00:00,-0.35601777289969533
627,2019-06-22 18:34:22+00:00,-0.2448274937568094
628,2019-06-30 18:23:32+00:00,0.05892941298276002
629,2019-07-16 18:22:55+00:00,0.3073233706223519
630,2019-07-24 18:34:30+00:00,-0.18213889245305445
631,2019-08-01 18:22:17+00:00,0.428882011698591
632,2019-08-09 18:34:37+00:00,-0.17048517514021885
633,2019-09-10 18:34:45+00:00,0.10830146013805526
634,2019-09-18 18:20:13+00:00,0.509365353108465
635,2019-09-26 18:34:51+00:00,0.06807778086127511
636,2019-10-04 18:19:33+00:00,0.2731958256419328
637,2019-10-12 18:34:54+00:00,0.3168735031923035
638,2019-10-20 18:18:53+00:00,0.3233435181317137
639,2019-10-28 18:34:54+00:00,0.7535979978557731
640,2019-11-05 18:18:10+00:00,-0.027224184517783256
641,2019-11-21 18:17:26+00:00,-0.22750242861037606
642,2019-12-15 18:34:48+00:00,0.8967050359299266
643,2019-12-31 18:34:44+00:00,0.37455993166408563
644,2020-01-08 18:15:00+00:00,0.23225269627260098
645,2020-02-01 18:34:35+00:00,-0.23671213594203508
646,2020-02-09 18:13:24+00:00,0.9917907828304048
647,2020-02-17 18:34:32+00:00,-0.6228586570460387
648,2020-02-25 18:12:34+00:00,0.6791712401663637
649,2020-03-12 18:11:42+00:00,0.4466504811111359
650,2020-03-28 18:10:49+00:00,0.052260693306219574
651,2020-04-21 18:34:03+00:00,0.2544392438405853
652,2020-05-15 18:07:59+00:00,-0.6262832225750047
653,2020-07-10 18:34:21+00:00,-0.19333461464491386
654,2020-07-18 18:04:10+00:00,0.16434664173069996
655,2020-08-19 18:02:09+00:00,0.4739256345425544
656,2020-08-27 18:34:38+00:00,-0.06530858391609541
657,2020-09-04 18:01:06+00:00,0.4615945093621629
658,2020-10-14 18:34:51+00:00,0.04354091150614118
659,2020-10-30 18:34:50+00:00,0.36182414775566796
660,2020-11-15 18:34:48+00:00,0.7852133168032545
661,2020-11-23 17:55:48+00:00,-0.07717476962077932
662,2020-12-01 18:34:51+00:00,0.7056957242643301
663,2020-12-09 17:54:37+00:00,-0.2429126080541208
664,2020-12-17 18:34:51+00:00,0.9664056976606551
665,2020-12-25 17:53:25+00:00,0.0056535421668416
666,2021-01-02 18:34:47+00:00,0.8249293914215663
667,2021-01-10 17:52:19+00:00,0.22572662954958989
668,2021-01-18 18:34:39+00:00,0.20898314824827985
669,2021-01-26 17:51:10+00:00,0.46393164647457474
670,2021-02-03 18:34:38+00:00,-0.1392879109783536
671,2021-02-19 18:34:34+00:00,-0.3977277266089111
672,2021-02-27 17:48:46+00:00,0.9365516910385167
673,2021-03-15 17:47:31+00:00,0.4905575906300869
674,2021-03-23 18:34:19+00:00,-0.5621055500727952
675,2021-03-31 17:46:13+00:00,0.1550943108234677
676,2021-04-08 18:34:14+00:00,-0.12268786802236936
677,2021-04-16 17:44:53+00:00,-0.22287586534568732
678,2021-05-02 17:43:32+00:00,-0.8577149787599946
679,2021-05-18 17:42:12+00:00,-0.7044090445734027
680,2021-05-26 18:34:12+00:00,0.36899597210875185
681,2021-06-11 18:34:19+00:00,0.1857345223156259
682,2021-06-27 18:34:24+00:00,0.07876494193354784
683,2021-07-13 18:34:25+00:00,0.06328894251814639
684,2021-07-21 17:36:49+00:00,0.15102460612500543
685,2021-08-06 17:35:25+00:00,0.24843912002612517
686,2021-09-07 17:32:38+00:00,0.5566453131559115
687,2021-09-15 18:34:48+00:00,-0.003745270692527704
688,2021-10-01 18:34:52+00:00,0.035519256950674254
689,2021-10-09 17:29:47+00:00,0.8065548044852777
690,2021-10-17 18:34:56+00:00,0.07425274604926839
691,2021-11-10 17:26:50+00:00,0.19004655799851963
692,2021-11-26 17:25:17+00:00,0.17842562572033782
693,2021-12-12 17:23:47+00:00,-0.09299843527780059
694,2021-12-12 18:34:49+00:00,-0.29795813801247206
695,2021-12-20 18:34:50+00:00,0.7504445901722966
696,2021-12-28 17:22:13+00:00,-0.22082277695449468
697,2021-12-28 18:34:48+00:00,-0.43340042687055913
698,2022-01-05 18:34:45+00:00,1.004991555109325
699,2022-01-21 18:34:41+00:00,0.702762046813977
700,2022-02-06 18:34:38+00:00,-0.016119097759597655
701,2022-02-22 18:34:32+00:00,-0.24938436094165756
702,2022-03-02 18:34:31+00:00,0.7403852982955977
703,2022-03-10 18:34:29+00:00,-0.5365881240700976
704,2022-03-18 18:34:31+00:00,0.6121711792528925
705,2022-03-26 18:34:17+00:00,-0.8001210673840933
706,2022-04-11 18:34:20+00:00,-0.5275399947992393
707,2022-04-19 18:34:17+00:00,0.15704845927246203
708,2022-04-27 18:34:16+00:00,-0.17229183028535236
709,2022-05-13 18:34:26+00:00,-0.13473929033610374
710,2022-05-29 18:34:28+00:00,0.23679560007737127
711,2022-06-06 18:34:02+00:00,-0.5441136771551119
712,2022-06-14 18:34:40+00:00,0.30081568650270024
713,2022-06-30 18:34:45+00:00,0.15958686405046932
714,2022-07-16 18:34:44+00:00,0.206109497751204
715,2022-07-24 18:34:28+00:00,0.04677200169994578
716,2022-08-09 18:34:40+00:00,0.05151457547471851
717,2022-08-17 18:35:02+00:00,0.181489258019839
718,2022-08-25 18:34:44+00:00,0.2278633912279473
719,2022-09-02 18:35:02+00:00,0.3521237574280561
720,2022-09-18 18:35:09+00:00,0.14467954576594746
721,2022-10-04 18:35:07+00:00,-0.0023259609465039618
722,2022-10-20 18:35:05+00:00,-0.01926940657188145
723,2022-10-28 18:34:57+00:00,0.957430566323983
724,2022-11-05 18:35:09+00:00,-0.016410651029475067
725,2022-11-13 18:34:59+00:00,0.5782063086262533
726,2022-11-29 18:34:56+00:00,0.3035964940429688
727,2022-12-07 18:35:03+00:00,0.48267396689233844
728,2022-12-15 18:34:57+00:00,0.09968487908365437
729,2023-01-16 18:34:52+00:00,-0.5040200942546438
730,2023-01-24 18:34:52+00:00,0.9613790267709957
731,2023-02-01 18:34:59+00:00,-0.1640009267299342
732,2023-02-09 18:34:51+00:00,0.5205555450567786
733,2023-03-21 18:34:37+00:00,0.6431910091332091
734,2023-04-06 18:34:27+00:00,0.441135266467689
735,2023-05-08 18:34:10+00:00,0.01844877523315335
736,2023-07-27 18:34:08+00:00,-0.07805571210576803
737,2023-08-04 18:34:22+00:00,0.432807409353708
738,2023-08-28 18:34:26+00:00,0.06727095360239868
739,2023-09-21 18:34:34+00:00,0.4598307406359967
740,2023-10-07 18:34:38+00:00,0.08692873023771316
741,2023-10-15 18:34:44+00:00,0.5994271499561517
742,2023-10-23 18:34:41+00:00,-0.056672098297676686
743,2023-10-31 18:34:39+00:00,0.9305758478665807
744,2023-11-08 18:34:39+00:00,-0.10456037466069537
745,2023-11-16 18:34:41+00:00,0.9182541992899368
746,2023-11-24 18:34:45+00:00,-0.1417735707365934
747,2023-12-02 18:34:48+00:00,0.5080927521249903
748,2023-12-10 18:34:39+00:00,-0.011635739835123844
749,2024-01-03 18:34:46+00:00,-0.08881971585417289
750,2024-01-11 18:34:38+00:00,0.8075122377728198
751,2024-01-19 18:34:46+00:00,-0.5976446793297538
752,2024-01-27 18:34:31+00:00,0.8018389920862715
753,2024-02-12 18:34:36+00:00,0.8166578467725898
754,2024-02-28 18:34:30+00:00,0.2969557174008465
755,2024-03-07 18:34:42+00:00,-0.1920924420351961
756,2024-03-15 18:34:20+00:00,-0.4610304000221629
757,2024-03-23 18:34:37+00:00,0.3062153291467415
758,2024-03-31 18:34:07+00:00,-0.47101572605319314
759,2024-04-08 18:34:29+00:00,0.5013159393992104
760,2024-04-16 18:34:01+00:00,-0.7163741857480421
761,2024-05-02 18:33:50+00:00,-0.8318621450903686
762,2024-06-27 18:33:34+00:00,-0.36005842125455223
763,2024-07-05 18:33:51+00:00,0.27964492009244346
764,2024-07-21 18:34:06+00:00,0.287033720784161
765,2024-08-06 18:34:03+00:00,0.34931579892013154
766,2024-08-14 18:34:06+00:00,0.058401112386001236
767,2024-08-22 18:34:16+00:00,0.6848201685758089
768,2024-09-07 18:34:24+00:00,0.5530801281680265
769,2024-10-25 18:34:33+00:00,-0.03588230512959788
770,2024-11-10 18:34:31+00:00,-0.15801693226789643
771,2024-11-18 18:34:40+00:00,1.0272138314276538
772,2024-12-20 18:34:40+00:00,0.38206884148376014
773,2025-01-05 18:34:36+00:00,0.13915134945189964
774,2025-01-13 18:34:36+00:00,0.6981499460900301
775,2025-01-21 18:34:43+00:00,-0.2859560343054981
776,2025-01-29 18:34:34+00:00,0.7759661311185895
777,2025-02-14 18:34:30+00:00,0.7171247308405956
778,2025-03-18 18:34:12+00:00,0.07134098546770899
779,2025-04-03 18:34:10+00:00,-0.5934995856401758
780,2025-04-11 18:34:23+00:00,0.26321933051326896
781,2025-04-19 18:33:59+00:00,-0.5535194020562507
782,2025-05-13 18:34:04+00:00,0.21315640500429262
