dates,sar2228-0000,sar2228-0001,sar2228-0002,sar2228-0003,sar2228-0004,sar2228-0005,sar2228-0006,sar2228-0007,satname
1984-06-07 09:34:18+00:00,458.38,551.74,175.63,187.35,619.03,528.41,,187.95,L5
1984-06-14 09:40:12+00:00,458.41499999999996,549.53,180.51,196.53,628.685,513.95,,190.64999999999998,L5
1984-06-30 09:40:25+00:00,463.3066666666667,553.71,177.29999999999998,193.51333333333332,631.1066666666667,518.98,,186.66333333333333,L5
1984-07-16 09:40:39+00:00,461.5,553.71,177.29999999999998,193.51333333333332,631.1066666666667,518.98,,186.66333333333333,L5
1984-09-11 09:36:14+00:00,463.87399999999997,556.6750000000001,173.2225,190.3,631.1066666666667,517.8325,188.14,183.465,L5
1984-10-04 09:42:01+00:00,462.8533333333333,558.316,173.02,188.564,632.0125,513.9559999999999,190.32,182.304,L5
1984-10-13 09:36:13+00:00,462.09142857142854,556.89,173.31166666666664,189.3216666666667,633.3340000000001,512.2966666666666,190.32,184.02166666666668,L5
1984-10-29 09:36:08+00:00,461.62874999999997,555.3342857142858,174.5742857142857,190.07285714285715,633.9266666666666,512.54,195.13666666666666,185.33714285714285,L5
1984-12-07 09:41:55+00:00,463.51124999999996,560.2142857142858,175.85142857142856,191.2971428571429,637.56,508.8471428571429,195.13666666666666,181.16285714285712,L5
1985-01-17 09:36:29+00:00,463.02666666666664,561.68,175.70333333333335,189.39833333333334,637.5260000000001,507.86833333333334,195.46,179.705,L5
1985-03-13 09:42:20+00:00,460.47499999999997,558.715,179.86166666666668,191.76,637.8249999999999,504.43,197.9,182.34,L5
1985-05-25 09:36:15+00:00,461.6725,561.39,183.7375,193.065,637.7975,502.30999999999995,195.79500000000002,180.225,L5
1985-06-17 09:42:00+00:00,457.6875,552.1899999999999,183.225,191.05749999999998,636.7866666666666,505.255,197.21666666666667,187.73000000000002,L5
1985-08-04 09:41:41+00:00,461.3575,554.325,181.07,189.16000000000003,636.3233333333334,509.2325,194.2266666666667,186.0025,L5
1985-08-13 09:35:48+00:00,460.6,553.988,180.762,189.822,636.83,506.764,194.2266666666667,186.136,L5
1985-08-20 09:41:31+00:00,462.70166666666665,555.8016666666666,180.43166666666664,189.58,636.682,505.425,193.0675,184.37833333333333,L5
1985-09-05 09:41:19+00:00,461.99285714285713,556.72,180.51142857142855,189.3657142857143,636.682,506.83714285714285,193.76600000000002,183.4257142857143,L5
1985-09-14 09:35:25+00:00,461.92,558.8214285714286,179.82,189.26857142857142,635.786,509.69714285714286,193.51833333333335,182.9157142857143,L5
1985-09-21 09:41:07+00:00,463.39750000000004,559.4087499999999,179.82,185.7175,635.786,509.69714285714286,193.65857142857143,183.65625000000003,L5
1985-10-23 09:40:46+00:00,462.81,558.0266666666666,180.225,187.44222222222223,636.36,508.08375,193.65857142857143,184.75222222222226,L5
1985-12-03 09:34:19+00:00,462.85333333333335,557.7155555555556,180.28,187.93666666666664,636.775,509.81125,194.50857142857143,185.07444444444445,L5
1986-01-20 09:33:24+00:00,464.60888888888894,557.2422222222222,179.05749999999998,186.22333333333333,636.775,509.16428571428565,195.00285714285715,184.56333333333333,L5
1986-03-16 09:37:58+00:00,464.21000000000004,551.15,181.7025,184.648,638.3100000000001,505.5466666666666,199.71,189.704,L5
1986-03-25 09:32:01+00:00,460.94800000000004,551.444,181.21599999999998,189.08200000000002,637.48,511.3125,197.49666666666667,186.822,L5
1986-05-03 09:36:54+00:00,460.996,553.108,179.16199999999998,186.246,636.5725,515.745,197.095,185.904,L5
1986-05-12 09:30:53+00:00,460.53666666666663,549.8916666666667,180.23166666666668,188.26166666666668,637.21,511.00600000000003,197.095,188.68666666666664,L5
1986-05-28 09:30:02+00:00,460.2314285714286,550.4728571428572,179.1314285714286,188.68428571428572,637.21,511.00600000000003,197.3,188.93142857142857,L5
1986-07-31 09:28:19+00:00,457.97666666666663,550.85,179.03166666666667,190.74833333333333,637.434,508.948,193.95666666666668,188.63333333333333,L5
1986-08-23 09:33:15+00:00,460.03999999999996,553.0557142857143,177.7757142857143,189.26857142857142,636.9783333333334,512.2333333333332,192.5075,187.00714285714284,L5
1986-09-08 09:32:40+00:00,462.1725,554.3675,177.1775,188.55124999999998,636.8185714285713,514.5171428571429,193.3,185.62,L5
1986-09-17 09:26:37+00:00,462.78625,555.2412499999999,176.44750000000002,188.44,636.65,515.4799999999999,194.45833333333334,185.9,L5
1986-09-24 09:32:11+00:00,462.8275,553.55375,176.55124999999998,189.29749999999999,636.9785714285715,512.3000000000001,195.52666666666667,186.295,L5
1986-10-26 09:31:07+00:00,463.96666666666664,556.6422222222222,174.80888888888887,187.6511111111111,636.9785714285715,512.3000000000001,193.0614285714286,183.55888888888887,L5
1986-12-22 09:25:09+00:00,465.45,562.0485714285714,171.42285714285714,182.99142857142857,636.6980000000001,515.9060000000001,191.15833333333333,177.2957142857143,L5
1987-01-23 09:26:04+00:00,464.47125,560.72,171.75875000000002,184.21875,636.895,515.61,191.15833333333333,178.62,L5
1987-02-08 09:26:31+00:00,464.545,561.6999999999999,172.635,185.16,636.48,517.3683333333333,192.6657142857143,176.95,L5
1987-03-03 09:33:20+00:00,463.42,563.5387499999999,170.69625,182.68875,636.836,515.11,190.3957142857143,174.54250000000002,L5
1987-04-20 09:35:01+00:00,457.75200000000007,564.2433333333333,169.385,181.50333333333333,637.32,510.6266666666667,185.445,173.73333333333335,L5
1987-05-06 09:35:29+00:00,457.68999999999994,558.5483333333333,169.08166666666668,180.84333333333333,637.32,510.6266666666667,189.34,176.13,L5
1987-05-15 09:29:57+00:00,460.24,558.5483333333333,170.4,181.71857142857144,637.32,515.2,189.34,176.13,L5
1987-05-22 09:35:55+00:00,462.5285714285714,559.6214285714285,169.665,180.19125,637.32,521.164,189.06,175.9085714285714,L5
1987-06-07 09:36:18+00:00,462.0125,558.0962499999999,171.35444444444445,182.7288888888889,637.95,521.164,189.06,177.985,L5
1987-06-16 09:30:43+00:00,463.5311111111111,558.941111111111,170.524,180.981,637.95,525.0749999999999,188.73666666666668,177.79,L5
1987-06-23 09:36:39+00:00,463.56777777777774,558.3655555555556,172.894,183.03,637.456,523.4257142857143,189.20166666666668,178.5111111111111,L5
1987-07-18 09:31:20+00:00,464.56800000000004,557.3779999999999,172.78181818181818,183.42545454545456,637.245,524.12125,190.34,178.94099999999997,L5
1987-08-03 09:31:49+00:00,464.6,556.97,173.70363636363638,183.58545454545455,637.2333333333333,522.415,192.16625,179.215,L5
1987-08-10 09:37:49+00:00,466.09399999999994,557.637,173.27,182.6390909090909,637.3383333333334,522.47375,191.39124999999999,180.316,L5
1987-08-19 09:32:18+00:00,465.7863636363636,556.7290909090908,173.45916666666668,183.33666666666667,637.3385714285714,519.8077777777777,192.41333333333333,181.00454545454548,L5
1987-08-26 09:38:16+00:00,465.13249999999994,556.4116666666666,173.9092307692308,183.64384615384614,637.05375,517.688,192.602,180.57250000000002,L5
1987-09-11 09:38:40+00:00,464.61538461538464,553.6466666666666,176.52615384615385,186.46846153846155,637.2788888888889,516.6027272727273,194.86111111111111,183.44416666666666,L5
1987-09-20 09:33:05+00:00,464.1742857142857,553.2161538461538,176.52615384615385,187.50214285714287,637.512,514.3308333333333,194.86111111111111,183.98076923076923,L5
1987-10-06 09:33:26+00:00,465.03399999999993,554.2007142857143,174.87785714285715,186.21666666666667,637.512,514.3308333333333,194.23399999999998,183.0735714285714,L5
1987-11-07 09:34:02+00:00,465.585,554.5938461538461,176.42538461538464,187.5707142857143,637.534,513.9525,194.27666666666667,183.84384615384613,L5
1988-01-10 09:35:05+00:00,464.12111111111113,551.862,177.6875,190.2277777777778,637.5266666666666,504.41625,196.04857142857142,184.587,L5
1988-02-11 09:35:41+00:00,461.46714285714285,551.54625,176.83666666666667,189.20285714285714,637.9183333333333,500.8333333333333,193.75600000000003,183.4325,L5
1988-03-14 09:36:03+00:00,457.31000000000006,552.796,172.365,187.18500000000003,638.2725,500.8075,200.84249999999997,186.76999999999998,L5
1988-04-15 09:36:14+00:00,448.49,546.345,181.475,195.14,638.1575,503.2025,204.92666666666665,192.10999999999999,L5
1988-05-17 09:36:32+00:00,448.56999999999994,547.9725000000001,182.3175,197.16666666666666,638.185,502.455,204.92666666666665,191.156,L5
1988-06-02 09:36:38+00:00,453.346,549.054,180.792,192.70499999999998,637.68,504.9719999999999,202.07500000000002,188.0666666666667,L5
1988-06-09 09:42:27+00:00,454.05999999999995,548.9366666666666,181.86333333333334,193.028,637.52,506.3416666666667,201.216,188.32,L5
1988-06-18 09:36:43+00:00,454.57857142857137,548.2457142857144,183.05714285714288,193.03666666666666,637.657142857143,505.4028571428571,201.216,189.14625,L5
1988-07-04 09:36:48+00:00,456.9375,548.40125,181.755,190.78428571428572,637.657142857143,508.28625,201.24666666666667,189.2888888888889,L5
1988-07-11 09:42:36+00:00,458.7566666666666,548.4025,182.00777777777776,190.54875,637.4357142857142,508.96666666666664,202.01500000000001,190.00777777777776,L5
1988-07-20 09:36:51+00:00,460.17299999999994,550.298888888889,180.851,189.33777777777777,637.4324999999999,509.4,199.71285714285713,188.358,L5
1988-07-27 09:42:39+00:00,459.94,550.687,181.22454545454545,189.77100000000002,637.5866666666666,509.1054545454545,199.71285714285713,188.57636363636365,L5
1988-08-12 09:42:37+00:00,461.3290909090909,550.27,181.39,190.632,637.4839999999999,509.3527272727272,200.58,189.28,L5
1988-08-21 09:36:53+00:00,461.06166666666667,551.0272727272727,181.1575,190.91636363636363,637.4063636363636,508.4508333333333,199.37625,188.29333333333332,L5
1988-08-28 09:42:43+00:00,460.8538461538462,550.4966666666667,181.93384615384613,191.63750000000002,637.4016666666666,507.71307692307687,200.07666666666668,188.84076923076924,L5
1988-09-22 09:36:50+00:00,462.55307692307696,549.9984615384616,182.56692307692308,191.92000000000002,637.5183333333333,508.6107692307692,196.40125,187.4576923076923,L5
1988-10-08 09:36:21+00:00,463.5892857142857,551.0771428571428,181.02857142857144,190.47571428571428,637.5183333333333,511.2871428571429,195.43222222222224,186.24642857142857,L5
1988-10-31 09:42:31+00:00,464.645,552.0864285714285,180.59285714285716,189.77642857142857,637.4166666666666,512.2384615384616,195.43222222222224,185.40285714285713,L5
1988-11-09 09:36:45+00:00,464.6806666666667,551.778,180.20733333333334,189.39333333333335,637.1853846153846,514.5414285714286,196.179,185.64600000000002,L5
1988-12-11 09:36:33+00:00,464.5684615384616,551.5015384615384,179.1176923076923,188.69076923076923,636.9681818181817,517.3041666666667,196.89333333333332,186.26615384615386,L5
1988-12-27 09:36:27+00:00,464.8538461538461,552.1084615384615,177.73769230769233,188.3223076923077,636.7881818181818,519.7108333333334,197.06699999999998,185.59307692307692,L5
1989-01-12 09:36:20+00:00,464.10583333333335,553.2508333333334,177.31416666666667,188.86833333333334,636.6981818181819,520.319090909091,196.52777777777777,184.85916666666665,L5
1989-01-19 09:41:56+00:00,463.30454545454546,554.7358333333333,177.9390909090909,189.70636363636365,636.6270000000001,521.6136363636364,197.85625000000002,185.89090909090908,L5
1989-01-28 09:36:07+00:00,463.2990909090909,554.8133333333334,177.55999999999997,189.6209090909091,636.553,521.0472727272728,197.85625000000002,185.77545454545455,L5
1989-02-13 09:35:45+00:00,460.59636363636366,555.4636363636364,177.531,190.26090909090908,636.338,522.3054545454545,197.53,185.642,L5
1989-03-24 09:40:50+00:00,462.8666666666667,557.0699999999999,176.60125,187.6588888888889,635.8485714285714,532.4955555555557,197.22833333333335,183.74374999999998,L5
1989-04-02 09:34:48+00:00,462.40500000000003,557.2549999999999,176.91555555555556,187.78900000000002,635.9337499999999,530.647,196.8657142857143,184.09444444444443,L5
1989-04-18 09:35:07+00:00,460.678,555.961,176.9911111111111,188.33499999999998,635.9066666666666,528.93,197.94571428571427,184.86666666666667,L5
1989-05-20 09:34:32+00:00,460.15000000000003,556.6700000000001,176.93625,188.32333333333335,635.9749999999999,524.431,197.08285714285714,184.56125,L5
1989-06-05 09:33:57+00:00,459.94399999999996,557.917,175.64555555555555,185.8,635.9749999999999,524.431,195.765,181.67666666666668,L5
1989-06-12 09:39:55+00:00,460.14300000000003,558.462,175.9377777777778,186.26600000000002,636.15875,521.571,195.07125,181.06555555555556,L5
1989-06-28 09:39:39+00:00,461.35600000000005,560.0629999999999,176.59555555555553,186.66299999999998,636.0600000000001,518.661,193.5025,179.2611111111111,L5
1989-07-23 09:32:57+00:00,461.378,557.7255555555555,177.30333333333334,187.233,636.46125,514.2622222222221,193.2428571428571,180.1022222222222,L5
1989-07-30 09:39:00+00:00,461.454,556.94,177.95000000000002,188.057,636.2112500000001,515.68,194.1925,180.17777777777778,L5
1989-08-24 09:32:39+00:00,462.88199999999995,557.533,178.038,187.13799999999998,636.71875,512.6644444444444,194.1925,179.85999999999999,L5
1989-09-09 09:31:51+00:00,462.88199999999995,559.8709090909091,178.038,187.13799999999998,636.71875,512.6644444444444,191.70333333333332,179.38636363636363,L5
1989-09-16 09:37:43+00:00,463.82272727272726,558.5425,178.26636363636365,187.37818181818182,636.71875,510.09700000000004,192.529,179.38636363636363,L5
1989-09-25 09:31:52+00:00,461.0745454545455,558.1141666666666,178.48545454545453,188.92818181818183,637.0466666666666,504.08299999999997,192.0,180.08545454545455,L5
1989-10-02 09:37:36+00:00,462.42272727272734,557.59,178.42818181818183,188.18999999999997,637.1055555555556,502.65700000000004,192.54555555555555,180.17909090909092,L5
1989-10-18 09:36:54+00:00,460.8772727272728,557.2483333333333,180.93,189.91636363636363,637.0855555555555,499.6450000000001,193.26333333333335,181.43636363636364,L5
1989-10-27 09:30:51+00:00,460.59083333333336,555.4307692307692,180.63750000000002,189.63083333333336,636.947,502.34363636363645,194.681,182.85916666666665,L5
1989-11-03 09:36:37+00:00,460.35769230769233,554.6292857142857,181.04230769230767,189.5969230769231,636.8818181818182,503.30583333333334,195.48909090909092,183.50230769230768,L5
1989-11-12 09:30:07+00:00,460.2,553.9633333333334,181.36714285714285,190.37928571428571,637.0741666666667,503.58846153846156,195.48909090909092,184.80714285714288,L5
1989-11-19 09:35:57+00:00,461.3942857142857,554.9526666666666,181.06571428571425,188.77428571428572,637.0827272727273,505.8930769230769,194.80999999999997,184.78214285714284,L5
1989-12-14 09:29:38+00:00,461.88,553.2685714285715,180.88923076923078,188.82923076923075,637.201,506.3233333333333,196.542,187.30384615384617,L5
1989-12-30 09:29:08+00:00,458.34461538461534,550.6028571428571,182.74076923076922,189.92461538461538,637.385,507.435,199.55900000000003,189.46384615384616,L5
1990-01-31 09:27:43+00:00,457.05916666666667,549.9823076923077,182.14166666666665,188.79666666666665,637.4224999999999,511.0709090909091,199.53,188.34916666666666,L5
1990-02-07 09:33:40+00:00,457.1261538461538,550.3149999999999,182.49384615384616,189.22153846153844,637.2511111111111,511.2733333333333,199.31909090909087,188.5723076923077,L5
1990-02-16 09:27:35+00:00,458.3457142857143,550.7033333333333,182.49384615384616,188.13357142857143,637.2511111111111,513.7992307692307,198.9908333333333,187.58357142857145,L5
1990-03-04 09:27:02+00:00,458.38214285714287,549.7226666666667,183.14769230769232,188.83285714285716,637.5311111111112,514.7641666666667,198.9908333333333,188.63500000000002,L5
1990-04-12 09:32:08+00:00,457.06583333333333,548.6716666666667,183.154,188.29909090909095,637.2928571428572,521.4822222222222,200.913,188.9825,L5
1990-04-21 09:26:22+00:00,458.72499999999997,547.6791666666667,182.89399999999998,187.5727272727273,637.5414285714286,523.1222222222221,200.82555555555555,188.77363636363637,L5
1990-05-14 09:32:11+00:00,460.467,551.2610000000001,181.58,185.39444444444447,637.732,524.5357142857143,198.2725,184.69444444444446,L5
1990-06-08 09:25:55+00:00,460.34499999999997,549.662,181.19375,187.10888888888888,637.6233333333333,522.2071428571428,198.655,183.09888888888887,L5
1990-06-24 09:25:54+00:00,459.826,550.4269999999999,182.6675,189.0311111111111,637.4257142857143,521.07125,197.73125,183.3188888888889,L5
1990-07-10 09:25:52+00:00,462.82300000000004,552.6780000000001,180.53,187.75777777777776,637.4985714285714,521.0224999999999,195.08571428571426,181.98777777777778,L5
1990-07-26 09:26:12+00:00,463.76727272727277,552.9090909090909,179.73333333333332,187.514,637.35875,520.1411111111111,195.3725,181.831,L5
1990-08-11 09:26:07+00:00,464.33900000000006,553.0699999999999,179.12125000000003,187.42888888888888,637.6212499999999,515.34875,194.20333333333335,182.77777777777777,L5
1990-08-18 09:31:52+00:00,464.198,555.454,177.69888888888892,187.67444444444445,637.6212499999999,513.3625,191.13833333333332,181.0088888888889,L5
1990-08-27 09:26:01+00:00,462.24545454545455,555.1354545454545,178.419,188.719,637.4222222222222,511.74,191.57571428571427,181.778,L5
1990-09-03 09:31:45+00:00,462.27272727272725,554.9663636363637,178.69400000000002,189.46300000000002,637.0344444444445,510.547,192.95375,181.712,L5
1990-09-12 09:25:59+00:00,461.9558333333334,554.3675,179.94545454545457,190.8209090909091,637.262,509.9527272727273,192.95375,182.30272727272725,L5
1990-10-21 09:31:26+00:00,461.97272727272724,555.1527272727272,179.43636363636367,190.56181818181815,637.039,510.0290909090909,193.66625,183.49727272727273,L5
1990-10-30 09:25:11+00:00,464.64166666666665,556.1025,178.14666666666668,188.28666666666666,637.039,511.7525,193.11555555555555,182.41750000000002,L5
1990-11-15 09:25:37+00:00,463.75,554.7416666666667,177.73833333333334,187.61083333333332,637.0444444444445,515.6700000000001,194.42111111111112,182.835,L5
1991-01-02 09:25:37+00:00,464.46090909090907,557.0209090909091,177.92727272727274,187.31363636363633,637.1542857142857,516.177,193.22375,180.37727272727273,L5
1991-01-25 09:32:26+00:00,463.61199999999997,556.7819999999999,178.30100000000002,187.31599999999997,637.2233333333334,516.5588888888889,193.61124999999998,180.869,L5
1991-03-14 09:33:17+00:00,467.3883333333333,555.11,176.29666666666665,181.83666666666667,636.6633333333334,523.6659999999999,196.6916666666667,180.65166666666664,L5
1991-03-30 09:33:30+00:00,466.0242857142857,554.4485714285714,176.45857142857145,183.66428571428574,636.99,521.8616666666667,196.6916666666667,182.3142857142857,L5
1991-04-08 09:27:54+00:00,466.0242857142857,554.4485714285714,177.8125,183.66428571428574,636.98,517.23,196.6916666666667,182.3142857142857,L5
1991-04-24 09:28:10+00:00,463.9542857142857,554.1885714285714,178.89000000000001,185.51000000000002,637.45,516.96,196.885,183.0942857142857,L5
1991-05-17 09:34:21+00:00,460.7366666666667,556.0333333333333,179.23857142857145,186.95000000000002,637.45,505.43,195.144,181.77333333333334,L5
1991-05-26 09:28:46+00:00,460.3885714285715,554.9257142857143,179.32375,189.1185714285714,637.5600000000001,504.07666666666665,195.144,183.17285714285714,L5
1991-06-11 09:28:33+00:00,460.02000000000004,554.62,179.94111111111113,189.67499999999998,637.1228571428572,507.5514285714286,195.46,184.075,L5
1991-06-18 09:34:49+00:00,461.5166666666667,557.9866666666667,178.302,187.33555555555554,637.1228571428572,510.21375,191.71714285714285,181.58555555555554,L5
1991-06-27 09:28:49+00:00,459.65600000000006,557.626,179.06727272727272,189.29299999999998,637.325,509.5755555555556,191.71714285714285,182.487,L5
1991-07-04 09:35:06+00:00,455.025,556.049,180.88272727272727,192.166,637.5388888888889,508.32300000000004,192.65166666666664,185.80900000000003,L5
1991-07-20 09:35:18+00:00,455.30181818181813,556.8927272727273,180.94416666666666,192.67545454545453,637.339,507.3236363636364,191.82999999999998,185.16181818181818,L5
1991-07-29 09:29:13+00:00,455.32545454545453,555.4154545454545,181.32583333333332,192.51727272727274,637.275,507.34363636363634,193.0842857142857,185.1709090909091,L5
1991-08-05 09:35:48+00:00,455.50083333333333,554.7316666666667,180.80923076923077,192.72583333333333,637.3272727272728,506.5158333333333,193.88375,185.4475,L5
1991-08-14 09:29:39+00:00,455.66923076923075,555.0546153846153,180.4057142857143,192.7315384615385,637.4108333333334,506.44,193.88375,185.70384615384617,L5
1991-08-30 09:29:25+00:00,456.8892857142857,554.5764285714286,180.01533333333333,192.42214285714286,637.3253846153846,506.99142857142857,194.58666666666664,185.97,L5
1991-10-01 09:30:07+00:00,456.7133333333333,553.8392307692308,180.38214285714284,191.8575,637.271818181818,507.1266666666667,193.27874999999997,184.77166666666665,L5
1991-10-17 09:29:54+00:00,457.17615384615385,553.16,179.86071428571427,191.7676923076923,637.3509090909091,507.9908333333333,194.6933333333333,185.73769230769227,L5
1991-10-24 09:36:03+00:00,458.34153846153845,552.6785714285714,179.65428571428575,191.70307692307694,637.2790909090909,508.07333333333327,195.26333333333335,186.35000000000002,L5
1991-11-02 09:30:16+00:00,458.3464285714286,551.4666666666667,180.20600000000002,192.58785714285713,637.4083333333334,508.41384615384607,195.26333333333335,187.20857142857145,L5
1991-12-04 09:30:36+00:00,457.15769230769234,550.6492857142857,181.56857142857143,194.18076923076922,637.385,508.61384615384617,196.72222222222223,188.94384615384615,L5
1992-01-05 09:30:23+00:00,459.922,546.3018181818181,181.42363636363635,194.13899999999998,637.272,506.828,201.04125,191.48399999999998,L5
1992-01-28 09:36:14+00:00,460.0911111111111,546.678,180.56888888888886,193.82555555555555,637.5150000000001,507.235,201.70857142857145,193.13125,L5
1992-02-06 09:30:19+00:00,460.15111111111105,548.754,179.32444444444445,192.9388888888889,637.4671428571429,513.57625,199.89000000000001,191.4175,L5
1992-02-22 09:30:17+00:00,460.1766666666667,546.441,181.1677777777778,193.45222222222222,637.5242857142857,514.67,199.89000000000001,192.1925,L5
1992-02-29 09:36:04+00:00,460.2655555555556,547.857,181.17444444444448,193.64,637.7514285714286,514.49,199.83666666666667,191.05375,L5
1992-03-09 09:29:55+00:00,460.279,547.7972727272727,180.333,193.357,637.5775,516.0400000000001,200.01,190.93666666666667,L5
1992-03-16 09:36:06+00:00,461.38181818181823,549.4133333333333,178.52454545454546,190.89181818181817,637.5775,517.375,198.17499999999998,188.195,L5
1992-04-17 09:35:53+00:00,462.3263636363636,551.7954545454545,176.687,189.73,637.5442857142858,520.31,196.95125,186.349,L5
1992-04-26 09:29:58+00:00,462.26090909090914,551.6045454545455,176.618,189.02454545454546,637.5628571428572,521.799,197.14875,186.29899999999998,L5
1992-05-12 09:29:27+00:00,462.3681818181818,553.8318181818181,175.85999999999999,187.69727272727275,637.4571428571429,520.5029999999999,197.14875,184.7,L5
1992-05-28 09:29:18+00:00,462.0208333333333,553.8866666666667,176.34545454545454,188.93416666666667,637.4725000000001,518.7427272727273,197.00222222222223,185.1709090909091,L5
1992-06-13 09:29:08+00:00,462.01416666666665,553.9183333333334,176.35545454545456,189.19916666666668,637.0875000000001,519.9627272727273,196.72555555555556,185.24181818181816,L5
1992-06-20 09:35:35+00:00,462.9646153846154,554.9884615384616,175.2225,187.66,637.0875000000001,521.9875000000001,195.542,184.225,L5
1992-06-29 09:29:20+00:00,462.5907142857142,554.4192857142857,175.26384615384615,187.6614285714286,636.8888888888889,522.5284615384616,196.12272727272727,184.93153846153848,L5
1992-07-06 09:35:01+00:00,463.6878571428571,556.5064285714286,174.7569230769231,186.5842857142857,636.6333333333333,522.4946153846154,194.21272727272728,182.92538461538464,L5
1992-07-15 09:29:08+00:00,463.27933333333334,555.9133333333334,175.3542857142857,187.17733333333334,636.8480000000001,520.8271428571428,194.21272727272728,183.7507142857143,L5
1992-07-22 09:34:49+00:00,463.27933333333334,555.9133333333334,175.73066666666668,187.34562499999998,636.8480000000001,520.8271428571428,194.21272727272728,183.7507142857143,L5
1992-07-31 09:28:32+00:00,463.26000000000005,555.4259999999999,176.293125,187.475,636.9363636363637,520.3226666666666,194.13727272727274,184.39533333333335,L5
1992-08-07 09:34:38+00:00,463.25933333333336,555.342,177.16375,187.859375,636.9891666666666,517.35,194.0845454545455,184.49733333333333,L5
1992-09-01 09:28:02+00:00,463.61499999999995,557.0878571428572,175.972,186.2086666666667,636.725,518.7842857142857,193.20583333333335,183.05642857142857,L5
1992-09-24 09:33:50+00:00,462.76692307692304,557.8823076923077,177.55142857142854,187.72642857142858,636.721,515.5415384615385,192.40727272727273,183.41923076923075,L5
1992-11-20 09:27:06+00:00,463.4763636363636,560.2336363636364,175.035,186.35833333333332,636.55125,514.496,190.101,180.99454545454546,L5
1992-11-27 09:32:58+00:00,463.46090909090907,560.9290909090909,174.61,184.975,636.1424999999999,515.7090000000001,189.878,179.6472727272727,L5
1992-12-22 09:27:31+00:00,461.08000000000004,559.845,175.8272727272727,185.81090909090906,636.3414285714285,512.6033333333332,190.49777777777777,179.431,L5
1993-01-14 09:33:32+00:00,460.03625,559.8275,175.79222222222222,186.78555555555556,636.422,512.0314285714286,191.8575,178.605,L5
1993-01-23 09:27:51+00:00,456.49777777777774,560.0355555555557,175.14125,187.87444444444444,636.422,508.6325,191.8575,179.76666666666665,L5
1993-02-08 09:27:38+00:00,453.6225,560.7685714285715,173.1766666666667,186.20999999999998,635.5733333333333,508.7083333333333,191.62166666666667,178.30999999999997,L5
1993-03-12 09:27:54+00:00,451.72125,560.0257142857143,175.36333333333334,189.0614285714286,636.335,503.3233333333333,193.238,180.31714285714287,L5
1993-03-19 09:34:05+00:00,453.0822222222222,558.2950000000001,176.19571428571427,189.49,637.118,502.50857142857143,193.238,181.005,L5
1993-04-20 09:34:18+00:00,453.0622222222222,555.87125,177.20142857142858,189.67874999999998,637.6400000000001,502.8285714285715,195.45,182.97875,L5
1993-05-15 09:28:37+00:00,455.055,555.79,176.44500000000002,188.80111111111108,637.1216666666667,506.0625,195.828,183.39555555555555,L5
1993-05-31 09:28:16+00:00,453.0988888888889,552.7825,181.03571428571428,193.1475,637.8966666666666,504.33000000000004,199.54333333333332,186.68124999999998,L5
1993-06-07 09:34:27+00:00,455.099,555.8022222222221,180.58875,192.35000000000002,637.7228571428572,503.6611111111111,194.04500000000002,183.78222222222223,L5
1993-06-16 09:28:14+00:00,456.7309090909091,556.7769999999999,179.59555555555553,191.587,637.7228571428572,506.293,193.08,183.05599999999998,L5
1993-07-09 09:34:19+00:00,456.5690909090909,556.336,181.48333333333332,193.294,637.9375,505.45599999999996,272.032,183.857,L5
1993-07-18 09:28:32+00:00,456.50181818181824,556.031,181.81666666666666,192.682,638.26,503.98400000000004,349.308,184.245,L5
1993-07-25 09:34:19+00:00,459.2209090909091,556.0930000000001,182.567,192.466,638.2222222222222,506.7950000000001,389.9216666666666,183.887,L5
1993-08-03 09:28:32+00:00,460.39416666666665,555.7972727272728,182.2981818181818,192.5309090909091,638.2479999999999,507.35181818181826,418.8071428571428,184.13636363636363,L5
1993-08-19 09:28:32+00:00,462.4750000000001,555.3108333333333,182.515,192.62,638.2590909090909,507.2366666666667,440.49125,184.84166666666667,L5
1993-10-06 09:28:23+00:00,462.7618181818181,554.8145454545454,181.56272727272724,191.33272727272725,594.2850000000001,511.0654545454545,413.9,185.27545454545455,L5
1993-12-16 09:33:42+00:00,461.4642857142857,548.2742857142857,180.19000000000003,190.10857142857142,511.12142857142857,518.1899999999999,481.1314285714285,188.38285714285715,L5
1993-12-25 09:27:26+00:00,464.0075,550.6275,176.93625,186.99375,470.1525,523.6324999999999,444.02374999999995,185.1225,L5
1994-01-10 09:27:12+00:00,468.7475,550.6825,174.34,183.3925,412.84874999999994,526.2142857142857,393.395,183.1825,L5
1994-01-17 09:33:15+00:00,474.71000000000004,553.09625,172.7657142857143,182.02,353.59375,530.7716666666666,341.61125,178.83499999999998,L5
1994-01-26 09:27:23+00:00,476.78125,553.6500000000001,168.6057142857143,177.58285714285714,296.37375,536.0316666666666,290.69624999999996,176.28625,L5
1994-02-27 09:26:59+00:00,477.6028571428572,554.1342857142857,166.57333333333332,174.69333333333336,247.4157142857143,542.3439999999999,191.56857142857143,174.3785714285714,L5
1994-03-06 09:32:40+00:00,473.29375,554.5325,169.57142857142858,178.78571428571428,296.37,535.0933333333334,241.52625,176.10125,L5
1994-03-22 09:32:26+00:00,469.95444444444445,554.7022222222222,172.005,182.05625,334.3311111111111,530.0585714285714,280.56,177.50333333333333,L5
1994-03-31 09:26:30+00:00,468.729,553.9590000000001,173.68444444444444,183.68333333333334,364.79499999999996,525.0337499999999,311.63800000000003,178.933,L5
1994-04-23 09:31:50+00:00,468.285,553.625,175.0966666666667,185.70000000000002,408.52000000000004,521.2874999999999,350.788,179.876,L5
1994-05-02 09:25:53+00:00,468.75909090909096,553.8681818181818,176.079,186.169,429.2509090909091,520.5,336.66545454545457,180.20818181818183,L5
1994-05-25 09:31:15+00:00,469.0833333333333,554.7775,175.10454545454547,185.96818181818182,446.375,522.857,324.2275,179.8075,L5
1994-06-19 09:24:34+00:00,468.96,556.5591666666666,176.64999999999998,187.92818181818183,470.2181818181818,519.57,323.43,179.59166666666667,L5
1994-07-12 09:30:09+00:00,467.09545454545446,556.9790909090909,179.71099999999998,191.823,544.31,514.7059999999999,336.57545454545453,181.5909090909091,L5
1994-07-21 09:23:43+00:00,462.8027272727273,556.1936363636363,179.79363636363635,192.0981818181818,591.582,513.3863636363636,338.43545454545455,184.44000000000003,L5
1994-07-28 09:29:42+00:00,461.27272727272725,554.4045454545453,182.1590909090909,194.4790909090909,637.4269999999999,509.6818181818182,353.712,186.81636363636363,L5
1994-08-22 09:22:53+00:00,460.96000000000004,554.785,182.02583333333334,194.11,637.5372727272727,508.7958333333333,353.712,186.80583333333334,L5
1994-08-29 09:28:53+00:00,460.49916666666667,554.8866666666667,182.17,194.32000000000002,637.5081818181818,508.6408333333333,353.616,186.74249999999998,L5
1994-09-07 09:22:53+00:00,461.7708333333333,553.9541666666667,182.1,193.75833333333333,637.4236363636363,508.8066666666667,327.21444444444444,187.2108333333333,L5
1994-10-16 09:27:33+00:00,463.50181818181824,552.53,181.48454545454547,192.72454545454545,637.322,510.29727272727274,251.5371428571428,188.05999999999997,L5
1994-10-25 09:21:28+00:00,463.5172727272727,551.5890909090908,180.23090909090908,191.13363636363636,637.081,512.9054545454545,195.90571428571428,186.31545454545457,L5
1994-11-10 09:20:54+00:00,462.1081818181818,550.6727272727272,179.762,191.208,637.1388888888889,512.776,196.37999999999997,186.04636363636362,L5
1994-12-12 09:19:28+00:00,461.054,549.262,181.36222222222221,192.01333333333332,637.43875,509.2988888888888,192.44142857142856,187.111,L5
1995-01-04 09:24:53+00:00,458.033,549.5849999999999,183.12111111111113,192.8,637.468888888889,506.0466666666667,192.95,188.203,L5
1995-01-13 09:18:46+00:00,458.066,548.981,181.5511111111111,190.94444444444446,637.7675,507.7622222222222,193.80285714285714,188.20999999999998,L5
1995-02-05 09:23:40+00:00,458.09749999999997,548.23,181.7225,190.1442857142857,637.6966666666667,511.94875,193.10333333333332,187.6975,L5
1995-02-14 09:17:07+00:00,458.09749999999997,548.23,181.7225,190.1442857142857,637.6966666666667,517.5322222222222,193.10333333333332,187.6975,L5
1995-02-21 09:23:02+00:00,458.165,547.4125,182.35999999999999,190.58999999999997,637.6016666666667,519.1088888888888,193.10333333333332,188.14125,L5
1995-04-19 09:14:54+00:00,458.2166666666667,549.57,179.99666666666667,187.00799999999998,637.4350000000001,524.9128571428571,191.95399999999998,184.69833333333335,L5
1995-05-05 09:13:47+00:00,458.07,551.4016666666666,181.77833333333334,190.922,638.13,520.7728571428571,189.12999999999997,187.19333333333336,L5
1995-05-21 09:13:28+00:00,458.68833333333333,551.065,182.46428571428572,191.40833333333333,638.012,519.8050000000001,189.84999999999997,188.97333333333333,L5
1995-05-28 09:18:55+00:00,460.7857142857143,551.1471428571429,182.61,192.38857142857142,638.2716666666666,517.6500000000001,189.84999999999997,189.29571428571427,L5
1995-06-06 09:12:43+00:00,462.36125,550.9625,182.5188888888889,192.0325,637.8028571428571,518.837,191.64999999999995,189.3725,L5
1995-06-13 09:18:11+00:00,463.62,551.7855555555556,181.817,190.90444444444444,637.7,519.7418181818182,198.45,188.44555555555556,L5
1995-06-22 09:12:01+00:00,463.004,551.4100000000001,181.27545454545455,191.166,637.6233333333334,519.2158333333333,197.85166666666666,188.276,L5
1995-07-15 09:16:44+00:00,465.15777777777777,551.6799999999998,182.14600000000002,192.03,637.5733333333333,519.66,195.60399999999998,187.99555555555554,L5
1995-07-24 09:10:32+00:00,464.72200000000004,551.073,182.36454545454546,192.23499999999999,637.588,517.9150000000001,196.8283333333333,188.31699999999998,L5
1995-08-16 09:15:17+00:00,464.72200000000004,551.073,181.935,187.95363636363635,637.7463636363636,510.9654545454545,196.8283333333333,188.31699999999998,L5
1995-08-25 09:09:05+00:00,466.24299999999994,550.9222222222222,180.72600000000003,186.99909090909088,637.4963636363638,511.0554545454546,196.8283333333333,187.57099999999997,L5
1995-09-01 09:14:32+00:00,465.4572727272727,552.404,180.2327272727273,186.4275,637.3241666666667,511.3158333333334,195.6428571428571,186.63454545454545,L5
1995-09-10 09:08:19+00:00,466.1291666666666,552.3063636363636,180.75333333333333,186.89153846153846,637.3846153846154,510.91769230769233,195.6428571428571,186.95583333333332,L5
1995-09-17 09:13:45+00:00,466.1291666666666,551.9666666666667,180.75333333333333,186.89153846153846,637.3846153846154,510.91769230769233,196.46374999999998,187.2323076923077,L5
1995-12-15 09:06:48+00:00,466.90999999999997,555.7085714285714,177.21142857142857,181.89875,637.1685714285713,508.20285714285717,193.85166666666666,182.43,L5
1996-02-01 09:10:37+00:00,467.784,556.798,176.238,178.03166666666667,637.374,506.6259999999999,192.1566666666666,180.82000000000002,L5
1996-04-05 09:14:50+00:00,464.3333333333333,555.3000000000001,176.7266666666667,189.43666666666664,637.64,500.15999999999997,194.59499999999994,178.44333333333336,L5
1996-04-12 09:21:03+00:00,462.7125,554.49,175.4075,186.48250000000002,637.7833333333333,502.27,194.59499999999994,178.44333333333336,L5
1996-05-23 09:17:17+00:00,461.724,553.9680000000001,176.638,188.68400000000003,637.7525,499.43,194.43666666666664,181.64000000000001,L5
1996-05-30 09:23:51+00:00,461.0133333333333,552.765,178.31833333333336,189.5533333333333,638.08,499.476,194.43666666666664,183.85,L5
1996-06-08 09:18:10+00:00,460.53285714285715,553.36,179.32,190.79285714285714,638.3233333333334,498.01,194.43666666666664,184.66166666666666,L5
1996-07-01 09:25:35+00:00,460.8071428571428,553.0457142857143,180.55428571428573,190.90714285714287,638.3233333333334,504.6114285714286,194.53666666666663,186.60666666666665,L5
1996-07-10 09:19:52+00:00,460.93874999999997,552.44875,181.10875000000001,190.82625000000002,637.9957142857144,507.61375,195.36249999999995,186.90571428571428,L5
1996-07-17 09:26:25+00:00,460.59888888888884,552.3544444444445,181.16333333333333,191.46,638.0487499999999,507.5122222222222,274.73199999999997,187.55875,L5
1996-07-26 09:21:07+00:00,460.293,553.3100000000001,180.833,191.8,638.1388888888889,506.657,327.53166666666664,187.44333333333333,L5
1996-08-02 09:27:39+00:00,459.936,552.924,180.47,192.606,638.2111111111111,505.407,365.13999999999993,187.82666666666668,L5
1996-08-11 09:21:57+00:00,461.1627272727273,553.4527272727272,180.87600000000003,192.75454545454548,638.305,505.28818181818184,393.38124999999997,188.041,L5
1996-08-18 09:28:06+00:00,460.87916666666666,553.8008333333333,181.36272727272728,192.9991666666667,638.3663636363636,505.41333333333336,415.37666666666667,188.12181818181818,L5
1996-08-27 09:22:48+00:00,461.7838461538461,553.7476923076923,180.85583333333332,192.47615384615386,638.3758333333333,504.79999999999995,433.05100000000004,187.7775,L5
1996-09-12 09:23:18+00:00,463.045,554.76,179.89769230769232,191.1992857142857,638.3758333333333,504.79999999999995,410.3209090909091,185.8053846153846,L5
1996-09-19 09:29:51+00:00,462.686,555.2226666666667,179.89769230769232,191.95666666666665,638.1946153846153,504.9678571428571,392.2616666666667,185.58928571428572,L5
1996-09-28 09:24:33+00:00,464.77,555.34125,179.5071428571429,191.345,637.9292857142857,506.52466666666663,377.4953846153846,185.73399999999998,L5
1996-10-05 09:30:42+00:00,464.74687500000005,555.6231250000001,178.44857142857146,190.523125,638.0315384615385,507.04357142857145,377.27846153846156,184.6953333333333,L5
1996-10-21 09:31:31+00:00,465.69375,556.353125,178.62285714285716,190.965625,637.8130769230769,507.6978571428571,363.95357142857137,184.68625,L5
1996-11-06 09:32:18+00:00,465.22058823529414,555.9635294117646,178.66866666666667,190.6070588235294,637.5685714285713,509.1293333333333,353.0653333333333,184.27705882352942,L5
1996-11-15 09:26:56+00:00,464.7977777777778,555.7427777777777,178.40875,190.88888888888889,637.534,509.421875,343.41125,184.54944444444445,L5
1996-12-17 09:28:27+00:00,464.786875,555.82,178.48642857142858,190.52937500000002,637.3146153846154,512.5721428571428,353.364,183.898125,L5
1997-02-03 09:30:40+00:00,466.6325,556.9725,178.50090909090912,189.9475,636.9399999999999,512.203,303.31363636363636,181.72333333333333,L5
1997-02-19 09:31:22+00:00,467.36181818181814,557.3654545454546,175.57,187.42454545454547,636.4087499999999,513.8924999999999,234.44899999999998,179.60636363636365,L5
1997-03-23 09:32:37+00:00,464.3855555555556,555.0666666666666,177.24333333333334,188.45222222222222,636.6999999999999,513.8914285714285,196.53428571428566,182.35666666666668,L5
1997-03-30 09:38:40+00:00,461.8811111111111,554.2233333333334,178.55666666666667,189.91555555555556,636.9357142857143,511.7785714285714,196.3485714285714,182.73333333333332,L5
1997-04-08 09:32:48+00:00,463.90000000000003,554.1933333333333,177.98999999999998,187.78444444444443,636.9357142857143,511.7785714285714,195.23857142857136,183.79666666666665,L5
1997-04-15 09:39:13+00:00,463.90000000000003,552.0849999999999,177.98999999999998,187.78444444444443,636.9357142857143,511.7785714285714,197.39624999999995,183.79666666666665,L5
1997-04-24 09:33:22+00:00,463.9411111111111,550.487,178.66777777777776,188.43666666666667,637.1185714285714,511.39428571428573,198.51124999999996,184.57666666666668,L5
1997-05-10 09:34:19+00:00,463.94777777777773,550.173,179.38222222222223,189.48777777777775,637.4300000000001,506.85571428571427,198.80874999999997,186.29444444444442,L5
1997-05-17 09:40:20+00:00,463.9466666666667,550.535,180.04,189.42999999999998,637.6257142857143,505.11,198.83857142857138,186.34333333333336,L5
1997-06-02 09:40:55+00:00,465.663,551.6490909090909,178.332,187.12199999999999,637.6257142857143,505.11,197.56124999999997,184.53000000000003,L5
1997-07-04 09:42:01+00:00,468.7,553.6118181818182,175.97899999999998,185.775,637.1185714285714,506.26000000000005,196.38666666666663,182.671,L5
1997-07-13 09:36:33+00:00,467.7309090909091,552.9825,175.97899999999998,187.21545454545455,637.30125,505.11125000000004,235.94399999999996,184.19636363636363,L5
1997-07-29 09:37:05+00:00,466.8916666666667,552.5492307692308,176.7190909090909,187.91,637.4722222222222,503.6611111111111,268.27181818181816,184.83416666666665,L5
1997-08-14 09:37:35+00:00,465.6325,552.5276923076923,176.9418181818182,188.295,637.7166666666667,501.8577777777778,304.33363636363634,186.84416666666664,L5
1997-08-21 09:43:35+00:00,464.3983333333333,552.0892307692308,178.5,190.04166666666666,637.9040000000001,501.57399999999996,340.6909090909091,188.09416666666667,L5
1997-08-30 09:38:05+00:00,464.3983333333333,552.1442857142857,178.5,190.04166666666666,637.9040000000001,502.5863636363636,328.50416666666666,187.91923076923075,L5
1997-09-06 09:44:04+00:00,463.8930769230769,552.7919999999999,178.6825,190.5323076923077,637.8745454545456,502.24666666666667,318.3484615384615,187.96142857142857,L5
1997-09-15 09:38:32+00:00,463.44928571428574,552.41625,179.32692307692307,190.64714285714285,637.8325000000001,502.0138461538462,309.96714285714285,187.654,L5
1997-10-01 09:38:36+00:00,465.0138461538462,553.328,177.3475,188.40076923076924,637.773,501.99636363636364,309.6257142857143,186.71571428571428,L5
1997-10-08 09:44:58+00:00,464.78615384615387,554.4713333333333,178.0625,189.3323076923077,637.773,503.01666666666665,308.86,185.8642857142857,L5
1997-10-17 09:39:26+00:00,464.29785714285714,555.9971428571429,178.0625,189.3323076923077,637.773,502.7176923076923,304.3607142857143,182.8213333333333,L5
1997-11-02 09:39:52+00:00,463.2114285714286,556.3235714285714,177.88727272727274,190.5823076923077,637.914,500.27461538461534,312.4153846153846,182.3286666666667,L5
1997-11-18 09:40:14+00:00,463.6484615384615,556.6692307692308,177.63500000000002,189.92333333333332,637.928888888889,500.12083333333334,321.53249999999997,181.6442857142857,L5
1997-12-20 09:41:00+00:00,462.1933333333333,558.4015384615385,179.26555555555558,192.06636363636363,637.928888888889,501.4976923076923,333.61545454545455,182.6776923076923,L5
1998-01-12 09:47:20+00:00,461.16181818181826,557.7325,180.48555555555555,191.65800000000002,638.11625,501.79833333333335,309.05199999999996,183.31583333333333,L5
1998-01-21 09:41:44+00:00,460.8825,558.1453846153846,179.709,190.9618181818182,638.11625,501.79833333333335,298.4763636363636,182.41692307692307,L5
1998-01-28 09:47:41+00:00,460.9358333333333,558.286923076923,179.748,190.83999999999997,637.84875,503.5391666666667,263.1309090909091,182.53384615384616,L5
1998-02-06 09:41:42+00:00,459.56,558.286923076923,179.748,190.9825,637.84875,503.5391666666667,257.0525,182.53384615384616,L5
1998-02-13 09:48:01+00:00,459.5676923076923,556.9223076923078,179.188,191.06583333333333,637.80125,504.86833333333334,226.68727272727273,182.77153846153848,L5
1998-03-01 09:48:17+00:00,459.58307692307693,557.1450000000001,178.691,190.78083333333333,637.3912499999999,505.4390909090909,190.664,182.44833333333335,L5
1998-04-27 09:42:52+00:00,456.15,556.3000000000001,180.2785714285714,193.40625,637.4142857142857,509.78875,191.6233333333333,188.41714285714286,L5
1998-05-13 09:43:32+00:00,456.0675,555.28875,180.67499999999998,191.81500000000003,637.4228571428572,511.0075,191.6233333333333,189.86285714285714,L5
1998-05-20 09:49:25+00:00,456.06375,555.59625,180.83499999999998,193.1775,637.6442857142857,511.24375000000003,191.6233333333333,189.57,L5
1998-06-05 09:49:41+00:00,457.9455555555556,556.6388888888889,178.83222222222219,190.9088888888889,637.6442857142857,511.24375000000003,191.0085714285714,187.8075,L5
1998-06-21 09:49:51+00:00,457.96100000000007,552.2411111111111,179.85899999999998,191.478,637.64125,510.59625000000005,192.64749999999998,187.9133333333333,L5
1998-07-07 09:50:05+00:00,459.32000000000005,553.692,179.69454545454545,191.17727272727276,637.348888888889,512.57,191.94666666666663,186.95,L5
1998-07-16 09:44:23+00:00,460.73454545454547,555.461,178.80181818181816,190.1681818181818,637.201111111111,512.6088888888888,191.0322222222222,185.84699999999998,L5
1998-07-23 09:50:13+00:00,462.1554545454546,555.5930000000001,178.65181818181816,190.20363636363635,637.0519999999999,512.833,190.70555555555552,186.044,L5
1998-08-01 09:44:28+00:00,462.65000000000003,556.911,178.24090909090907,189.66363636363633,637.0640000000001,512.8059999999999,189.7422222222222,185.704,L5
1998-08-08 09:50:18+00:00,463.9945454545454,556.3990909090909,178.82000000000002,189.9318181818182,637.0545454545455,512.9018181818182,190.72777777777776,185.13454545454545,L5
1998-08-17 09:44:36+00:00,463.97,556.949090909091,179.42166666666665,189.99181818181816,636.8854545454546,511.5109090909091,191.16299999999995,184.76272727272726,L5
1998-08-24 09:50:29+00:00,464.98916666666673,557.5025,178.8153846153846,189.0583333333333,636.8854545454546,514.2125,191.12909090909088,184.04,L5
1998-09-02 09:44:48+00:00,465.2616666666667,557.98,178.31,188.56000000000003,636.7581818181818,515.5675,190.5490909090909,183.4283333333333,L5
1998-09-09 09:50:36+00:00,464.6815384615385,557.5792307692308,178.73214285714286,188.6376923076923,636.6466666666666,515.3815384615384,190.9475,183.46,L5
1998-09-18 09:44:56+00:00,464.20214285714286,556.7371428571429,179.23000000000002,189.15571428571428,636.59,515.2228571428572,192.06461538461537,183.9364285714286,L5
1998-10-11 09:50:45+00:00,462.8113333333333,556.3426666666667,179.23000000000002,190.27333333333334,636.785,514.0286666666666,192.06461538461537,184.57933333333332,L5
1998-10-27 09:50:47+00:00,462.486875,557.016875,177.53733333333332,189.11,636.713076923077,512.9178571428571,193.68615384615384,183.788125,L5
1998-11-12 09:50:56+00:00,463.47375,558.390625,176.9933333333333,188.35999999999999,636.6075,514.6076923076923,193.32714285714286,182.76,L5
1998-11-21 09:45:10+00:00,462.54062500000003,558.048125,176.77799999999996,188.17312499999997,636.505,515.6823076923076,193.892,183.05374999999998,L5
1998-12-23 09:44:47+00:00,461.818,558.2026666666666,177.45857142857145,188.95200000000003,636.4036363636363,512.8992307692307,194.01857142857145,183.4586666666667,L5
1999-01-15 09:50:53+00:00,458.84857142857146,556.6914285714286,178.24769230769232,190.035,636.864,510.3825,194.8708333333333,184.27571428571426,L5
1999-01-31 09:50:59+00:00,457.3053846153846,554.9884615384616,179.19583333333333,191.0430769230769,636.9366666666666,510.06,195.9418181818182,185.08846153846156,L5
1999-03-13 09:45:10+00:00,454.66333333333336,553.708888888889,180.1925,192.7588888888889,637.8833333333333,501.4171428571429,197.26166666666666,187.14333333333332,L5
1999-03-20 09:50:51+00:00,454.63111111111107,553.9622222222222,178.6825,192.97333333333333,637.84,501.3985714285714,196.15166666666664,185.8,L5
1999-04-05 09:50:37+00:00,454.953,552.377,179.41111111111113,193.548,637.7685714285715,501.18875,196.15166666666664,185.8,L5
1999-04-14 09:44:51+00:00,457.912,552.5440000000001,178.77,191.241,637.5100000000001,501.7428571428572,195.78999999999996,183.64888888888888,L5
1999-04-30 09:44:26+00:00,457.95199999999994,550.1800000000001,181.77700000000002,193.553,637.25,501.79,198.51285714285714,186.37666666666667,L5
1999-05-07 09:50:33+00:00,456.59,549.8245454545454,182.2118181818182,194.29,637.3175,501.52000000000004,198.77749999999997,187.177,L5
1999-05-23 09:50:11+00:00,457.879,550.054,181.63,193.246,637.2871428571428,500.11875000000003,198.03285714285713,184.6988888888889,L5
1999-06-17 09:44:05+00:00,459.28636363636366,550.2636363636365,181.2490909090909,193.2809090909091,637.1037500000001,500.03333333333336,197.68499999999997,185.10999999999999,L5
1999-06-24 09:49:48+00:00,460.6781818181818,550.0445454545454,180.84636363636363,192.9936363636364,637.1344444444445,504.12777777777785,196.85375,184.559,L5
1999-07-02 10:04:38+00:00,461.16333333333336,551.305,180.90666666666667,193.49,634.9250000000001,502.793,196.52555555555557,184.39363636363635,L7
1999-07-03 09:43:56+00:00,460.8946153846154,551.6338461538461,180.7907692307692,193.62307692307692,635.27,503.69181818181823,196.52555555555557,184.72833333333332,L5
1999-07-18 10:04:42+00:00,463.32384615384615,553.03,180.2676923076923,193.01307692307688,632.9063636363636,504.26,195.901,183.0925,L7
1999-07-19 09:43:52+00:00,462.93,552.91,180.2676923076923,193.0735714285714,633.4391666666667,503.6691666666666,195.901,183.7023076923077,L5
1999-07-26 09:49:38+00:00,463.5806666666667,553.8226666666667,179.80500000000004,192.82799999999997,633.7784615384616,504.3876923076923,195.19636363636363,182.8557142857143,L5
1999-08-03 10:04:49+00:00,464.4986666666666,554.9699999999999,179.52357142857142,192.67933333333335,632.0738461538463,503.7023076923077,194.46727272727273,181.84999999999997,L7
1999-08-20 09:43:15+00:00,465.084375,555.55375,178.62333333333336,191.59312500000001,632.2642857142857,503.7023076923077,194.0383333333333,181.37133333333333,L5
1999-08-27 09:49:16+00:00,465.56882352941176,555.4194117647058,178.30312500000002,191.5235294117647,632.5393333333334,504.45,194.18384615384613,181.65124999999998,L5
1999-08-28 09:59:04+00:00,465.58444444444444,555.8622222222223,178.08823529411765,191.20444444444445,632.5393333333334,505.528,194.17357142857142,182.2641176470588,L7
1999-09-04 10:04:51+00:00,465.99736842105267,555.9868421052631,178.0627777777778,191.5221052631579,631.37125,505.479375,194.326,182.38722222222222,L7
1999-09-05 09:42:46+00:00,465.5975,555.4915,178.42684210526318,191.9085,631.7494117647059,505.0111764705883,194.9125,183.08,L5
1999-09-12 09:48:43+00:00,465.59100000000007,555.704,178.29526315789474,191.8675,631.7135294117647,505.1647058823529,194.9125,183.23210526315788,L5
1999-09-13 09:58:59+00:00,465.3847619047619,555.0433333333333,178.40500000000003,192.0995238095238,630.7283333333334,504.41499999999996,194.9764705882353,183.85549999999998,L7
1999-09-29 09:59:09+00:00,465.77,555.392,178.63052631578947,191.8135,630.4388235294117,503.90823529411756,195.12882352941173,184.77249999999998,L7
1999-10-06 10:04:57+00:00,466.42300000000006,556.3655,178.35842105263157,191.7095,629.0394117647058,503.4241176470588,195.18055555555554,185.12571428571428,L7
1999-10-07 09:42:21+00:00,466.02714285714285,556.3747619047618,178.639,191.90857142857143,629.6316666666667,503.1933333333333,195.18055555555554,185.3040909090909,L5
1999-10-22 10:04:45+00:00,466.68380952380954,557.3761904761905,178.02249999999998,191.16904761904763,629.6316666666667,503.1933333333333,194.8422222222222,185.0,L7
1999-10-31 09:59:01+00:00,467.5609523809523,556.972380952381,178.1235,191.31476190476192,629.275294117647,504.2255555555556,195.56333333333333,184.45380952380953,L7
1999-11-08 09:42:06+00:00,468.2738095238095,557.7309523809523,177.2485,190.6442857142857,628.743125,505.92555555555555,194.89,183.62761904761905,L5
1999-12-18 09:59:04+00:00,468.01599999999996,557.0264999999999,177.8763157894737,191.5315,627.38375,506.2977777777778,195.59588235294115,185.0855,L7
2000-01-03 09:58:57+00:00,468.4188235294118,556.2438888888888,177.40312500000002,190.98529411764707,624.95,506.463125,195.90399999999997,185.22470588235294,L7
2000-01-10 10:04:45+00:00,468.61055555555555,556.1184210526316,177.57470588235293,191.28166666666667,624.2593333333333,506.4023529411765,195.99874999999997,185.76,L7
2000-01-11 09:41:07+00:00,468.0478947368421,556.2595,177.99277777777777,191.5105263157895,624.911875,507.6322222222222,196.04882352941172,186.13473684210527,L5
2000-01-19 09:58:54+00:00,468.59222222222223,556.05,177.12444444444446,190.63277777777776,624.7242857142857,508.413125,196.34588235294117,186.52823529411765,L7
2000-01-26 10:04:43+00:00,468.2494444444444,554.8373684210526,177.77499999999998,191.16666666666666,623.1335714285715,507.964375,197.0205882352941,187.9764705882353,L7
2000-01-27 09:40:13+00:00,468.50105263157894,554.669,178.17526315789473,191.54789473684212,623.1335714285715,507.964375,196.7461111111111,187.9764705882353,L5
2000-02-04 09:58:54+00:00,468.20105263157893,553.4875,178.31631578947366,191.9421052631579,623.005,508.94375,197.105,189.20764705882354,L7
2000-02-27 10:04:33+00:00,467.0494117647059,552.3972222222222,179.95705882352942,194.01470588235293,620.5338461538462,507.5406666666667,197.81875,190.66,L7
2000-03-07 09:58:42+00:00,467.644375,552.6370588235294,179.77733333333333,193.34,619.5718181818182,508.5261538461539,197.3293333333333,190.8492857142857,L7
2000-03-15 09:39:29+00:00,467.43199999999996,552.67875,179.78642857142856,192.93,619.722,512.3758333333333,197.58133333333333,190.8830769230769,L5
2000-03-30 10:04:26+00:00,467.319375,553.0129411764706,179.68733333333333,192.28875000000002,619.0190909090909,511.96230769230766,197.25799999999998,190.5823076923077,L7
2000-04-15 10:04:13+00:00,468.28333333333336,553.69875,178.98,190.73666666666668,617.3288888888889,515.4516666666667,196.70266666666666,189.14666666666668,L7
2000-04-24 09:58:27+00:00,467.92199999999997,552.674375,179.56714285714287,190.90400000000002,617.3288888888889,515.4516666666667,197.12266666666665,189.25666666666666,L7
2000-05-01 10:04:12+00:00,467.438,553.8975,179.06785714285712,190.96200000000002,617.101,512.9908333333333,195.53733333333332,189.64000000000001,L7
2000-05-17 10:04:01+00:00,468.46733333333333,553.736875,179.8042857142857,191.53466666666665,616.8854545454545,509.705,195.94599999999997,189.96384615384613,L7
2000-06-02 10:03:49+00:00,468.304375,553.7570588235294,179.88866666666667,191.9025,616.7358333333333,508.29846153846154,196.04,190.4035714285714,L7
2000-06-19 09:42:35+00:00,467.435,553.6829411764706,179.65285714285713,192.06062500000002,618.8441666666666,507.6276923076923,195.85399999999998,190.38928571428573,L5
2000-06-27 09:57:49+00:00,467.6829411764706,553.2561111111112,179.60399999999998,192.10470588235296,618.3492307692309,507.5007142857143,195.873125,190.58,L7
2000-07-04 10:03:32+00:00,468.4005555555555,554.9377777777778,179.17624999999998,191.5666666666667,619.6866666666667,508.76785714285717,194.89235294117645,189.076875,L7
2000-07-05 09:42:32+00:00,468.63842105263154,555.3257894736843,178.36176470588234,190.5784210526316,619.6866666666667,507.3,194.76999999999998,188.73764705882354,L5
2000-07-28 09:49:03+00:00,467.88866666666667,556.4473333333333,177.66153846153844,189.68466666666666,620.7860000000001,506.3553846153846,194.06571428571425,187.546,L5
2000-08-05 10:03:02+00:00,468.93466666666666,558.5186666666667,176.29923076923075,188.00266666666667,621.7222222222222,505.18833333333333,193.08714285714285,185.62666666666667,L7
2000-08-06 09:43:05+00:00,468.296875,558.190625,176.29923076923075,188.00266666666667,621.7222222222222,508.24615384615385,193.08714285714285,185.62666666666667,L5
2000-08-14 09:57:13+00:00,467.8729411764706,557.9117647058823,176.7242857142857,188.50875,620.933,507.0621428571429,193.3673333333333,186.28625,L7
2000-08-21 10:02:56+00:00,468.25888888888886,557.9117647058823,176.69133333333332,188.4594117647059,620.1472727272727,507.95799999999997,193.3673333333333,186.28625,L7
2000-08-22 09:43:28+00:00,467.72999999999996,557.6088888888889,177.2175,188.8122222222222,621.6158333333333,507.47625,193.55875,186.23117647058822,L5
2000-09-06 10:02:40+00:00,467.88444444444445,558.0205882352941,176.91375000000002,188.13470588235293,621.4725,507.47375,193.4153333333333,185.728125,L7
2000-09-15 09:56:43+00:00,468.9405555555556,558.8288235294118,176.81,188.47470588235294,619.7925,505.955625,193.19533333333328,185.44,L7
2000-09-22 10:02:22+00:00,469.19631578947366,558.6222222222223,176.98470588235296,188.54611111111112,619.1761538461539,506.8176470588235,193.50812499999998,185.81764705882352,L7
2000-10-08 10:02:18+00:00,469.8415789473684,558.9394444444445,176.37176470588233,188.24777777777774,619.775,508.60470588235296,193.38125,184.91,L7
2000-10-24 10:02:10+00:00,469.1916666666667,558.5905882352941,176.74187500000002,189.7635294117647,619.17,507.74235294117653,193.89466666666667,186.273125,L7
2000-11-09 10:02:14+00:00,469.8261111111112,558.7464705882353,175.67875,188.17823529411763,619.5133333333333,508.77812500000005,194.02266666666668,185.486875,L7
2000-12-11 10:02:17+00:00,469.03882352941173,558.7312499999999,175.19733333333335,187.34875,619.8309090909091,510.89666666666665,193.95999999999998,185.72933333333333,L7
2000-12-20 09:56:33+00:00,469.83588235294116,558.615625,175.0575,186.53666666666666,617.8770000000001,512.9686666666668,193.95999999999998,184.99142857142854,L7
2000-12-28 09:45:26+00:00,469.7225,559.4566666666667,174.8,186.0885714285714,618.4844444444445,512.346,193.7907692307692,184.35615384615383,L5
2001-01-05 09:56:33+00:00,468.70666666666665,556.8342857142858,176.39357142857145,186.99615384615385,618.4844444444445,515.0957142857143,195.86583333333328,186.88,L7
2001-02-05 09:51:55+00:00,469.64,555.7533333333333,176.1115384615385,187.17416666666668,618.2444444444444,515.2184615384615,196.42,187.32181818181817,L5
2001-02-21 09:51:59+00:00,469.8790909090909,556.8045454545455,174.59636363636363,184.802,619.4028571428571,517.9945454545455,196.16199999999998,185.644,L5
2001-03-01 10:02:14+00:00,472.03749999999997,558.245,173.72,182.60818181818183,619.4028571428571,522.1966666666666,195.09545454545452,183.6909090909091,L7
2001-03-09 09:52:02+00:00,472.68333333333334,558.7858333333334,172.43666666666664,180.13090909090909,620.2566666666667,524.2975,194.31272727272724,181.49,L5
2001-03-17 10:02:10+00:00,473.03583333333336,558.33,172.115,179.62727272727273,620.095,524.4316666666667,194.29999999999998,181.12545454545455,L7
2001-03-18 09:45:53+00:00,473.0376923076923,557.8415384615384,172.24384615384616,180.3475,622.3100000000001,524.7776923076923,194.22166666666666,180.09166666666667,L5
2001-04-02 10:02:00+00:00,471.2976923076923,557.0246153846153,172.44153846153844,181.6983333333333,622.91,522.563846153846,194.08416666666665,180.4725,L7
2001-04-11 09:56:14+00:00,471.4176923076923,556.5938461538461,171.6146153846154,180.95916666666665,622.91,521.3291666666665,193.9383333333333,179.68500000000003,L7
2001-04-18 10:02:02+00:00,471.04499999999996,556.4214285714286,172.45285714285714,182.19846153846154,621.8675,520.1230769230768,194.18384615384613,179.9046153846154,L7
2001-05-28 09:52:12+00:00,468.89,555.4038461538462,173.59384615384613,183.93916666666667,625.225,520.6807692307692,193.7072727272727,180.19833333333335,L5
2001-05-29 09:55:55+00:00,468.94357142857143,554.5371428571428,174.10071428571428,184.82692307692307,624.0211111111112,519.6428571428571,194.24499999999998,181.42692307692306,L7
2001-06-05 10:01:34+00:00,469.5566666666667,555.5640000000001,174.0393333333333,185.14142857142858,624.0211111111112,519.716,193.90846153846152,180.73785714285714,L7
2001-06-06 09:46:30+00:00,469.78,555.53625,174.49875,185.514,625.3399999999999,519.27375,193.9257142857143,181.324,L5
2001-06-13 09:52:16+00:00,470.94125,556.3431250000001,173.87625,184.486,626.5600000000001,520.804375,193.67461538461538,179.8826666666667,L5
2001-06-14 09:55:43+00:00,471.1664705882353,556.3511764705883,174.2294117647059,184.98125,625.3236363636363,519.9317647058824,193.74499999999998,180.255625,L7
2001-06-21 10:01:23+00:00,471.5276470588235,557.8135294117646,174.27882352941174,185.0064705882353,625.3236363636363,519.4888235294118,193.4333333333333,180.28941176470587,L7
2001-06-30 09:55:29+00:00,471.2266666666667,557.593888888889,174.72388888888887,185.435,624.2991666666667,520.0629411764705,193.63875,180.6538888888889,L7
2001-07-16 09:55:28+00:00,471.6555555555556,558.8349999999999,173.98333333333332,185.34833333333333,624.2991666666667,520.0635294117646,193.00312499999998,179.60555555555555,L7
2001-07-23 10:01:11+00:00,471.3457894736842,559.1963157894737,174.51684210526318,185.86157894736843,623.4815384615384,518.4888888888888,192.95529411764704,179.90894736842105,L7
2001-07-31 09:52:14+00:00,471.453,559.419,174.701,186.1135,624.4257142857142,517.4936842105263,192.9061111111111,180.01500000000001,L5
2001-08-01 09:55:16+00:00,471.4466666666667,559.097619047619,175.02238095238096,186.59190476190474,623.7026666666667,516.8655,193.16052631578947,180.78190476190477,L7
2001-08-08 10:00:54+00:00,471.4647619047618,558.9880952380952,175.88666666666666,187.28666666666666,622.338,514.212,193.4778947368421,181.0347619047619,L7
2001-08-16 09:52:13+00:00,470.83681818181816,558.7718181818182,176.30909090909088,187.60181818181817,623.223125,514.1380952380953,193.613,181.36272727272728,L5
2001-08-17 09:54:57+00:00,470.9817391304348,558.5369565217392,176.30739130434782,187.7486956521739,622.59,513.7677272727273,193.77380952380952,181.42652173913046,L7
2001-08-24 10:00:42+00:00,470.70217391304345,558.3078260869567,176.70739130434782,188.51826086956518,621.3264705882352,512.8027272727272,193.76,182.18956521739133,L7
2001-08-25 09:46:22+00:00,470.18125000000003,558.0295833333333,176.93499999999997,188.82999999999996,622.2894444444444,512.1382608695651,193.76,182.53666666666666,L5
2001-09-02 09:54:47+00:00,468.97541666666666,556.8516666666667,177.62875,190.00166666666667,600.0642105263157,512.6452173913043,194.63238095238094,183.83416666666668,L7
2001-09-09 10:00:30+00:00,469.0975,557.1733333333333,177.29458333333332,190.11041666666665,579.582,513.5973913043479,194.1142857142857,183.68666666666664,L7
2001-09-10 09:46:17+00:00,469.2676,557.5032,176.66479999999999,189.2836,561.2904761904762,514.2891666666667,193.83136363636365,182.81359999999998,L5
2001-09-18 09:54:11+00:00,469.16541666666666,557.9225,176.42291666666665,189.3425,536.5840000000001,514.3095652173913,193.76619047619047,183.1883333333333,L7
2001-10-11 10:00:04+00:00,469.7539130434783,558.5365217391304,176.90304347826086,189.52565217391304,532.4052631578948,514.8695652173913,193.754,183.20043478260868,L7
2001-10-19 09:51:50+00:00,469.3752173913043,558.4078260869566,176.53,189.3465217391304,527.8405555555556,514.6660869565218,193.90899999999996,183.27565217391304,L5
2001-11-05 09:54:07+00:00,469.3752173913043,558.4078260869566,176.53,189.3465217391304,510.8126315789474,514.6660869565218,194.37619047619046,183.27565217391304,L7
2001-11-29 09:45:41+00:00,469.3918181818181,558.960909090909,175.25590909090909,188.0672727272727,480.9927777777778,515.8245454545455,194.18238095238095,182.36636363636364,L5
2001-12-07 09:54:41+00:00,468.8666666666667,558.0409523809524,175.1152380952381,187.99428571428572,471.8035294117647,515.2957142857142,194.62349999999998,183.18285714285713,L7
2001-12-22 09:51:19+00:00,467.1873684210527,556.7494736842106,175.3778947368421,188.2378947368421,436.09562500000004,515.4773684210527,195.1015789473684,183.92473684210526,L5
2001-12-23 09:54:49+00:00,467.447,555.9845,175.08800000000002,188.20499999999998,422.09352941176473,517.3120000000001,195.36399999999998,184.4975,L7
2001-12-30 10:00:31+00:00,468.0575,556.6875,174.4375,187.2135,397.33294117647057,518.864,195.17649999999998,183.9855,L7
2002-01-07 09:50:56+00:00,467.5828571428571,556.6875,174.4375,187.2135,386.34444444444443,518.864,195.17649999999998,183.9855,L5
2002-01-08 09:54:52+00:00,467.62272727272733,556.1242857142856,175.11952380952383,187.66809523809525,386.34444444444443,518.9433333333333,195.5847619047619,184.64285714285714,L7
2002-01-15 10:00:40+00:00,467.42272727272723,555.6919047619048,175.34190476190477,188.3552380952381,386.34444444444443,517.402380952381,195.83190476190472,185.20857142857145,L7
2002-01-24 09:55:00+00:00,466.19909090909096,556.1671428571428,174.903,187.63333333333335,364.9188888888889,518.6865,195.2009523809524,184.32000000000002,L7
2002-02-16 10:00:47+00:00,465.3694444444444,555.7941176470588,173.52437500000002,186.30176470588236,290.72357142857146,521.949375,195.21529411764706,184.5494117647059,L7
2002-02-17 09:44:36+00:00,465.76578947368415,555.3811111111112,173.82470588235293,186.43333333333334,313.81066666666663,521.4411764705883,195.415,184.83277777777778,L5
2002-03-04 10:00:51+00:00,467.28705882352943,556.5875000000001,172.72,185.560625,297.60846153846154,519.1213333333333,194.97470588235294,183.60062499999998,L7
2002-03-12 09:49:59+00:00,465.72312500000004,555.2446666666667,175.08928571428572,188.1326666666667,343.54333333333335,514.5114285714286,196.69133333333332,185.89066666666668,L5
2002-03-21 09:44:11+00:00,464.768125,554.9206666666666,176.1457142857143,187.89866666666666,380.4066666666667,513.9192857142856,196.82333333333332,185.862,L5
2002-04-05 10:00:41+00:00,464.768125,554.9206666666666,176.072,187.89866666666666,380.4066666666667,515.4513333333333,196.82333333333332,185.862,L7
2002-04-14 09:54:56+00:00,465.075625,554.9813333333334,175.33266666666665,186.49066666666667,380.4066666666667,516.5393333333333,196.766,185.16266666666667,L7
2002-04-30 09:54:58+00:00,465.193125,554.382,176.018,186.66933333333333,398.30692307692306,516.8373333333334,196.65666666666667,185.97733333333335,L7
2002-06-01 09:54:45+00:00,464.739375,553.8860000000001,177.904,188.56666666666666,448.71083333333337,514.2266666666667,196.33214285714283,187.25,L7
2002-06-16 09:48:05+00:00,464.07,553.8086666666666,178.0142857142857,188.81799999999996,463.4046153846154,512.6613333333333,196.1530769230769,186.17133333333334,L5
2002-06-17 09:54:38+00:00,463.1047058823529,553.014375,178.182,189.72875,474.25928571428574,511.32874999999996,196.20714285714286,186.858125,L7
2002-06-24 10:00:21+00:00,463.274375,554.3633333333333,179.08928571428572,190.84799999999998,527.6661538461539,506.08,195.51461538461535,185.88666666666666,L7
2002-06-25 09:42:07+00:00,463.2164705882353,553.891875,179.518,190.833125,535.4564285714285,505.63625,195.8735714285714,186.15687499999999,L5
2002-07-03 09:54:34+00:00,462.15705882352944,553.025625,179.87800000000001,192.078125,565.5278571428572,503.67312499999997,195.93642857142854,187.234375,L7
2002-07-19 09:54:27+00:00,461.9293333333333,554.1586666666667,179.15214285714288,191.34733333333332,595.0464285714287,502.534,195.07,186.342,L7
2002-08-04 09:54:19+00:00,463.7653333333334,552.8486666666666,179.10333333333332,192.23866666666666,622.6285714285715,502.69125,196.35692307692307,187.79066666666668,L7
2002-08-20 09:54:16+00:00,463.0785714285715,552.6828571428571,179.3307142857143,192.76214285714283,621.5823076923077,501.9126666666667,196.23916666666662,187.69,L7
2002-08-27 09:59:53+00:00,463.5466666666667,552.8026666666666,179.334,193.0213333333333,621.1128571428571,501.16625,196.33384615384614,188.17066666666668,L7
2002-09-05 09:53:43+00:00,463.4853333333333,552.2793333333334,179.07266666666666,192.14066666666668,620.9885714285714,502.11625000000004,196.44846153846154,187.68733333333336,L7
2002-09-28 09:59:40+00:00,464.675,551.5964285714285,178.74214285714285,192.83642857142857,617.9453846153846,500.86266666666666,196.5,189.47785714285715,L7
2002-10-14 09:59:36+00:00,463.9942857142857,551.5021428571429,179.97538461538463,194.21714285714285,617.6857142857143,496.17857142857144,196.61846153846153,190.33857142857144,L7
2002-10-23 09:53:55+00:00,465.0506666666667,552.8526666666668,177.64285714285714,192.16,617.6857142857143,496.17857142857144,196.2407142857143,188.972,L7
2003-01-11 09:54:30+00:00,471.1188888888889,557.6177777777777,173.6977777777778,188.07444444444445,614.1714285714287,500.18625000000003,195.86111111111111,186.76777777777775,L7
2003-01-18 10:00:22+00:00,471.17124999999993,556.86,173.4525,188.14499999999998,614.3642857142858,500.32750000000004,193.33666666666664,186.86999999999998,L7
2003-01-27 09:54:37+00:00,471.35333333333335,555.3522222222223,174.04444444444445,188.29444444444442,614.3642857142858,502.6377777777777,193.921,186.13555555555553,L7
2003-02-03 10:00:30+00:00,474.3322222222222,557.3466666666667,172.57666666666665,185.78222222222223,614.3983333333334,502.33624999999995,192.22899999999998,184.38333333333333,L7
2003-02-12 09:54:48+00:00,473.642,556.1759999999999,173.53199999999998,186.921,614.5185714285715,502.6311111111111,193.09454545454545,185.655,L7
2003-02-19 10:00:35+00:00,471.97599999999994,555.711,173.64100000000002,187.058,614.4485714285713,504.21666666666664,193.25090909090906,185.549,L7
2003-03-16 09:54:51+00:00,472.52124999999995,555.0733333333333,172.29625000000001,186.37125,614.684,505.9385714285714,192.63099999999997,183.14111111111112,L7
2003-03-23 10:00:34+00:00,470.4522222222222,555.5759999999999,173.21777777777777,187.47,614.7483333333333,504.1875,192.7181818181818,183.449,L7
2003-04-01 09:54:51+00:00,469.58666666666664,554.3900000000001,173.61777777777777,187.01111111111112,614.7416666666667,506.11625,192.88636363636363,183.548,L7
2003-04-08 10:00:40+00:00,467.712,554.3745454545455,175.098,188.174,614.6857142857143,504.55111111111114,193.24249999999998,184.77818181818182,L7
2003-04-24 10:00:39+00:00,464.5911111111111,552.239,179.04999999999998,191.4133333333333,614.5914285714285,506.1833333333334,193.46999999999997,187.32199999999997,L7
2003-05-03 09:54:54+00:00,465.10900000000004,552.4736363636364,178.857,191.21699999999998,614.3,506.064,193.83666666666662,187.7618181818182,L7
2003-05-19 09:54:48+00:00,465.78818181818184,551.6374999999999,178.95454545454547,191.55454545454543,614.2744444444445,506.0254545454546,194.38384615384615,188.54333333333332,L7
2003-05-26 10:00:36+00:00,467.1433333333334,553.38,177.6783333333333,190.1625,614.2744444444445,508.6575,193.62214285714282,186.92692307692306,L7
2003-06-28 09:42:14+00:00,466.4069230769231,553.3328571428572,177.37769230769229,190.03307692307692,616.516,509.07230769230773,193.77266666666665,186.7707142857143,L5
2003-07-05 09:48:09+00:00,466.8992857142857,554.3866666666667,176.6992857142857,189.32,616.516,511.61,193.20562499999997,185.37266666666667,L5
2003-07-14 09:42:31+00:00,465.7278571428571,553.7133333333334,177.79214285714286,189.9857142857143,618.3990909090909,509.98857142857145,193.30312499999997,185.91666666666666,L5
2003-07-21 09:48:25+00:00,466.22,554.235625,177.722,190.2,620.3727272727273,509.5321428571429,194.68499999999997,185.67375,L5
2003-07-30 09:42:49+00:00,465.28999999999996,554.471875,177.76466666666664,190.17466666666667,621.7116666666667,508.9671428571428,194.38875,185.623125,L5
2003-08-06 09:48:43+00:00,462.944,553.956875,178.39466666666667,191.70333333333335,622.7461538461539,509.27533333333326,194.95125,185.97375000000002,L5
2003-08-31 09:43:23+00:00,462.95714285714286,555.4346666666667,177.5442857142857,190.51571428571427,625.1883333333334,509.1464285714286,194.24133333333333,184.65666666666667,L5
2003-09-07 09:49:17+00:00,462.6273333333333,555.533125,177.96266666666668,190.75466666666665,626.1507692307694,508.4633333333333,194.32375,184.9125,L5
2003-09-16 09:43:40+00:00,462.354375,555.474375,178.528125,191.01187499999997,627.0035714285715,507.90999999999997,194.3593333333333,185.925625,L5
2003-11-27 09:54:24+00:00,461.50111111111113,556.0455555555556,177.92777777777778,190.75666666666666,636.74625,509.11777777777775,190.86555555555552,182.73222222222222,L7
2003-12-04 10:00:35+00:00,463.087,555.249,176.426,188.749,636.74625,509.11777777777775,190.86555555555552,182.73222222222222,L7
2003-12-13 09:54:30+00:00,463.087,553.87,176.79272727272726,189.5818181818182,636.74625,508.796,191.68999999999997,183.84099999999998,L7
2004-02-23 09:45:06+00:00,465.75,551.9166666666666,175.59333333333333,186.21833333333333,637.5300000000002,506.3879999999999,191.08199999999997,187.148,L5
2004-04-18 09:51:42+00:00,470.68333333333334,546.1600000000001,171.3175,179.8675,,526.4233333333333,193.20999999999995,188.69333333333336,L5
2004-04-27 09:46:10+00:00,463.855,543.854,175.792,185.324,640.59,520.42,193.20999999999995,192.94,L5
2004-06-05 09:53:04+00:00,462.67249999999996,546.934,177.42600000000002,188.554,637.6,519.1139999999999,198.21249999999992,189.73600000000002,L5
2004-06-06 09:55:14+00:00,464.198,548.09,177.405,188.9466666666667,628.9166666666666,519.33,198.22999999999996,190.62166666666667,L7
2004-06-21 09:53:31+00:00,465.7283333333333,551.84,175.64833333333334,184.24333333333334,628.9166666666666,525.7633333333333,196.54599999999994,187.5566666666667,L5
2004-06-22 09:55:09+00:00,465.7283333333333,551.84,175.64833333333334,184.24333333333334,628.9166666666666,522.87,196.54599999999994,187.5566666666667,L7
2004-06-30 09:48:01+00:00,466.8128571428571,551.4028571428572,176.8057142857143,185.25714285714284,631.0550000000001,519.9225,196.5433333333333,187.93,L5
2004-07-15 10:00:53+00:00,467.36875,552.72625,176.83875,185.865,631.0550000000001,519.9225,195.86142857142855,187.43,L7
2004-07-16 09:48:28+00:00,466.3622222222223,552.2388888888889,178.10111111111112,186.77444444444444,632.422,517.6066666666667,195.86142857142855,187.9777777777778,L5
2004-08-08 09:54:44+00:00,465.52799999999996,553.278,177.779,187.482,633.0749999999999,517.164,195.50749999999996,187.094,L5
2004-08-17 09:49:12+00:00,465.52799999999996,551.2063636363637,177.779,191.14818181818183,633.6585714285713,515.3318181818181,197.7622222222222,188.59545454545457,L5
2004-08-25 09:54:30+00:00,465.77599999999995,549.0172727272727,178.276,191.9109090909091,633.6585714285713,514.015,198.54555555555555,189.61200000000002,L7
2004-09-01 10:00:39+00:00,466.08818181818174,549.68,178.4218181818182,192.16083333333336,631.02125,513.28,198.36599999999999,189.24363636363634,L7
2004-09-02 09:49:38+00:00,465.39166666666665,550.0769230769231,178.5616666666667,192.1346153846154,631.5222222222222,512.16,198.1909090909091,189.44500000000002,L5
2004-09-18 09:50:02+00:00,464.7876923076923,549.8085714285714,178.95384615384617,192.43142857142857,632.085,511.1076923076923,198.42249999999999,189.65692307692308,L5
2004-10-03 10:00:29+00:00,465.3807142857143,550.2166666666667,178.7757142857143,192.44733333333335,632.085,510.73785714285714,198.3253846153846,189.27,L7
2004-11-05 09:51:03+00:00,467.1169230769231,552.4035714285714,178.3653846153846,193.10857142857142,631.713,508.91769230769233,197.8446153846154,187.85769230769228,L5
2004-11-20 10:00:54+00:00,464.6335714285715,553.6800000000001,177.46571428571428,191.66600000000003,631.713,508.91769230769233,197.21285714285713,186.30642857142857,L7
2004-12-23 09:51:58+00:00,461.6033333333333,551.7776923076924,180.54,194.52923076923076,633.9933333333333,504.54299999999995,199.11416666666665,187.34916666666666,L5
2004-12-30 09:57:50+00:00,460.2808333333333,551.9253846153846,180.6833333333333,194.45846153846153,633.9188888888889,505.88899999999995,199.29833333333332,187.14416666666668,L5
2005-01-07 10:01:18+00:00,461.0215384615385,552.0814285714285,180.86384615384617,194.21214285714288,590.4019999999999,507.5354545454545,199.1384615384615,186.90846153846152,L7
2005-03-21 09:55:50+00:00,456.13,554.7416666666667,183.19333333333336,191.69333333333338,462.15599999999995,513.874,198.82999999999996,183.5583333333333,L7
2005-03-28 10:01:35+00:00,458.045,553.7428571428571,181.52285714285713,189.9114285714286,417.53666666666663,513.874,198.47999999999996,182.89285714285714,L7
2005-04-29 10:01:29+00:00,457.14875000000006,551.9128571428571,182.28285714285715,191.10999999999999,386.50142857142856,515.8599999999999,198.76999999999995,184.28428571428572,L7
2005-05-08 09:55:21+00:00,457.00428571428574,551.1585714285713,181.22,189.97571428571428,344.7733333333333,517.81,198.19857142857137,183.98857142857145,L7
2005-06-08 09:59:24+00:00,462.8742857142857,550.0057142857142,182.39000000000001,191.47,322.96285714285716,523.126,198.29571428571427,185.3542857142857,L5
2005-06-24 09:59:30+00:00,463.8614285714285,552.2971428571428,179.47285714285718,190.32142857142858,270.96166666666664,523.028,195.88714285714283,184.45142857142855,L5
2005-07-03 09:53:45+00:00,463.98999999999995,552.7071428571429,178.89285714285714,191.65142857142857,197.79400000000004,520.28,195.41166666666663,184.82285714285715,L5
2005-07-19 09:53:56+00:00,461.69571428571425,550.6142857142858,178.20333333333335,191.75833333333333,197.66,519.35,194.85999999999999,184.94666666666663,L5
2005-08-27 10:00:00+00:00,459.32,549.94125,179.08571428571432,192.59857142857143,197.66,515.512,195.1685714285714,185.33142857142857,L5
2005-09-04 10:01:05+00:00,460.32444444444445,551.0433333333334,179.08571428571432,192.59857142857143,196.93833333333336,515.512,195.1685714285714,185.33142857142857,L7
2005-09-05 09:54:15+00:00,460.12600000000003,551.025,179.4325,192.54625,259.9585714285714,515.055,195.1685714285714,186.08249999999998,L5
2005-09-28 10:00:00+00:00,459.6233333333333,552.557,179.63125000000002,194.14625,343.04,512.8928571428571,194.18999999999997,186.01500000000001,L5
2005-10-14 09:59:57+00:00,459.433,552.419090909091,179.24,193.14222222222222,384.80428571428575,512.8425,194.39249999999996,186.37222222222223,L5
2005-10-30 09:59:56+00:00,458.657,553.2863636363637,178.31555555555556,192.49777777777777,447.5457142857143,512.1355555555556,193.70714285714283,185.33,L5
2005-11-08 09:54:22+00:00,458.58363636363634,553.639090909091,178.36555555555557,192.85000000000002,471.33500000000004,510.3411111111111,194.12142857142857,185.54222222222222,L5
2005-11-24 09:54:46+00:00,459.1166666666666,553.4366666666666,177.37800000000001,191.71,471.33500000000004,510.3411111111111,194.26124999999996,185.46099999999998,L5
2005-12-18 09:55:45+00:00,459.0191666666667,551.9683333333334,176.68200000000002,192.35399999999998,511.22571428571433,509.5444444444444,195.39124999999996,185.512,L7
2006-01-19 09:56:03+00:00,461.03000000000003,550.897,176.09222222222223,189.76666666666668,563.4166666666666,510.50999999999993,197.0485714285714,185.11222222222221,L7
2006-02-11 10:01:58+00:00,461.4272727272728,551.5945454545455,176.51100000000002,190.139,569.09,509.8625,196.95499999999996,184.63600000000002,L7
2006-02-12 09:56:36+00:00,461.1516666666667,551.0341666666667,177.25090909090912,190.60818181818183,577.835,510.21777777777777,196.95499999999996,186.3081818181818,L5
2006-06-04 09:58:32+00:00,465.02200000000005,550.96,176.882,188.172,625.8666666666667,517.1725,197.15999999999994,184.334,L5
2006-06-12 09:56:09+00:00,463.3033333333333,552.52,177.9083333333333,189.46666666666667,625.8666666666667,512.11,196.55599999999995,184.65666666666667,L7
2006-07-06 09:59:03+00:00,460.8966666666667,555.7866666666667,178.79166666666666,188.89666666666668,628.2824999999999,507.662,194.13399999999996,184.67333333333332,L5
2006-07-14 09:55:56+00:00,462.3542857142857,555.5814285714285,178.67000000000002,189.35285714285715,628.2824999999999,507.662,194.50166666666664,185.24571428571429,L7
2006-07-21 10:01:39+00:00,463.32428571428574,557.8016666666667,178.5716666666667,191.1214285714286,628.2824999999999,507.662,193.01799999999997,185.75666666666666,L7
2006-08-07 09:59:28+00:00,462.61499999999995,557.0242857142857,178.6985714285714,191.19375000000002,628.2824999999999,511.33,193.2833333333333,186.19,L5
2006-08-14 10:05:19+00:00,464.2528571428571,560.585,176.06833333333336,188.4042857142857,635.1666666666666,512.688,190.84333333333333,180.96166666666667,L5
2006-08-15 09:55:24+00:00,464.2528571428571,560.585,176.06833333333336,188.4042857142857,635.1666666666666,514.025,190.84333333333333,180.96166666666667,L7
2006-08-22 10:01:34+00:00,464.2528571428571,560.585,176.06833333333336,188.4042857142857,635.1666666666666,514.9671428571429,190.84333333333333,180.96857142857144,L7
2006-09-08 09:59:50+00:00,465.36875,558.4885714285714,175.79857142857142,188.09375,635.175,515.0450000000001,192.22142857142853,181.915,L5
2006-10-10 10:00:13+00:00,464.56222222222215,556.735,176.90875,189.5922222222222,635.9680000000001,513.0455555555556,192.22142857142853,183.08666666666667,L5
2006-10-26 10:00:24+00:00,463.896,556.3988888888889,176.7711111111111,189.53199999999998,635.9833333333332,513.181,192.93624999999997,183.501,L5
2006-11-03 09:55:31+00:00,463.896,556.3988888888889,176.7711111111111,189.53199999999998,633.0971428571429,510.5418181818182,192.93624999999997,185.01545454545456,L7
2006-11-10 10:01:47+00:00,463.896,556.3988888888889,176.7711111111111,189.53199999999998,630.71375,507.98,192.93624999999997,185.01545454545456,L7
2006-11-18 10:06:23+00:00,464.7063636363636,556.414,176.499,188.6909090909091,631.2022222222222,508.41076923076923,193.28444444444443,184.49833333333333,L5
2006-11-19 09:55:43+00:00,465.215,554.920909090909,176.7418181818182,189.06083333333333,629.2909999999999,508.2521428571428,194.237,185.66,L7
2006-12-28 10:02:07+00:00,467.041,553.3966666666666,176.43333333333334,188.64600000000002,627.64,505.80846153846153,235.85555555555553,186.12818181818182,L7
2006-12-29 10:00:54+00:00,466.2554545454545,552.928,176.866,189.75818181818184,628.570909090909,505.3878571428572,271.5759999999999,186.71166666666667,L5
2007-01-06 09:55:57+00:00,467.09799999999996,552.75,178.768,190.23900000000003,628.2272727272727,503.1485714285714,311.294,188.38833333333332,L7
2007-01-30 10:01:05+00:00,464.31111111111113,552.072,179.777,190.72555555555556,629.0491666666667,502.90333333333336,350.933,188.59916666666666,L5
2007-03-27 09:56:40+00:00,463.8514285714286,549.2737500000001,181.9075,193.78428571428574,626.7481818181818,494.08090909090913,418.9385714285714,193.03666666666666,L7
2007-04-27 10:06:36+00:00,464.77666666666664,551.1257142857143,181.72571428571428,193.04999999999998,625.507,492.305,455.7716666666666,192.80875,L5
2007-05-06 10:00:44+00:00,461.60571428571427,551.1257142857143,178.625,193.04999999999998,626.5877777777777,493.21111111111117,427.8757142857142,191.75857142857143,L5
2007-05-30 09:56:23+00:00,460.88333333333327,554.7066666666667,177.92714285714283,191.93599999999998,629.6766666666666,489.8883333333334,464.3616666666666,189.57666666666668,L7
2007-06-23 10:00:02+00:00,460.88333333333327,554.7066666666667,177.92714285714283,191.93599999999998,629.6766666666666,489.8883333333334,425.09142857142854,187.6557142857143,L5
2007-06-30 10:05:42+00:00,463.25,558.6316666666667,176.60999999999999,188.684,631.22,497.742,332.88499999999993,184.46714285714285,L5
2007-07-01 09:56:22+00:00,463.7785714285714,556.4328571428572,177.21124999999998,189.79,628.18,498.97333333333336,313.80999999999995,185.8675,L7
2007-07-09 09:59:51+00:00,462.99375,555.7571428571429,175.89749999999998,190.16428571428574,629.1183333333333,501.66333333333336,258.28714285714284,184.93875000000003,L5
2007-07-16 10:05:35+00:00,464.10333333333324,558.0325,175.23,189.34,630.1542857142857,505.4714285714286,248.77249999999998,183.47,L5
2007-07-17 09:56:19+00:00,461.08299999999997,558.4133333333334,175.53799999999998,188.3311111111111,630.1542857142857,505.50625,242.70666666666662,182.994,L7
2007-08-17 10:05:15+00:00,462.74899999999997,560.6277777777777,173.09,186.29777777777775,628.8316666666666,506.3685714285715,197.4944444444444,180.473,L5
2007-09-02 10:05:05+00:00,463.6827272727273,560.7549999999999,173.29,186.58599999999998,630.0071428571429,505.24625000000003,197.07299999999998,180.63181818181818,L5
2007-11-13 10:02:01+00:00,466.1075,563.27125,173.815,184.72875,554.2983333333333,508.43,186.53999999999996,176.92000000000002,L7
2007-12-24 09:56:28+00:00,464.94875,559.7375,174.40142857142857,186.71875,503.4985714285714,508.43,185.75124999999997,177.43875,L7
2008-01-25 09:56:28+00:00,468.3675,551.2775,178.26,189.165,302.3925,497.39,184.91999999999993,178.69500000000002,L7
2008-02-10 09:56:26+00:00,465.52200000000005,552.96,180.965,192.31199999999998,281.98799999999994,497.39,187.56999999999994,182.15,L7
2008-02-17 10:02:11+00:00,463.345,549.325,179.19,195.97,281.98799999999994,496.68,188.00749999999994,185.062,L7
2008-03-12 10:02:00+00:00,463.2825,549.595,177.1975,190.63500000000002,193.21999999999997,512.405,187.42999999999992,183.23600000000002,L5
2008-03-13 09:56:16+00:00,463.75,551.148,176.708,189.37600000000003,194.05599999999998,526.39,189.22199999999992,182.97166666666666,L7
2008-04-06 09:55:39+00:00,462.7633333333333,551.7633333333333,177.50333333333333,189.86833333333334,194.05599999999998,523.2,191.21999999999994,184.09428571428572,L5
2008-05-08 09:54:49+00:00,464.29,552.0814285714285,177.0542857142857,190.17142857142858,194.05599999999998,521.248,192.2485714285714,184.60250000000002,L5
2008-06-09 09:53:59+00:00,465.41625,552.3412500000001,177.11124999999998,190.49625,200.7775,519.8183333333333,198.1628571428571,187.45499999999998,L5
2008-06-16 09:59:34+00:00,466.2244444444445,553.4666666666667,176.23333333333332,190.13666666666666,198.788,521.0314285714286,197.36124999999996,186.31444444444443,L5
2008-06-25 09:53:32+00:00,466.77666666666664,554.5133333333333,176.16,190.36,198.81,518.41625,197.36124999999996,185.968,L5
2008-07-02 09:59:07+00:00,465.858,553.743,176.97,190.727,198.81,516.3222222222222,197.60777777777773,185.1809090909091,L5
2008-07-11 09:53:05+00:00,465.38000000000005,553.1754545454546,176.82416666666666,190.88909090909092,198.81,514.621,197.60777777777773,184.71333333333334,L5
2008-07-18 09:58:39+00:00,465.96583333333336,554.3183333333333,176.33076923076925,190.26250000000002,196.004,517.3272727272728,196.48299999999998,183.79384615384612,L5
2008-07-19 09:55:28+00:00,466.54153846153844,554.3807692307693,176.48357142857142,190.52923076923076,196.004,516.3408333333333,196.50272727272724,183.80571428571426,L7
2008-08-04 09:55:22+00:00,467.15999999999997,554.9215384615384,175.4992857142857,190.45384615384617,193.345,515.4423076923077,195.84363636363634,183.45214285714286,L7
2008-09-04 09:57:17+00:00,468.65000000000003,555.2692307692307,175.96153846153845,189.03230769230765,191.3825,516.8630769230768,195.24363636363634,182.86461538461538,L5
2008-09-28 10:00:41+00:00,465.6816666666667,554.8141666666667,177.00583333333336,191.79833333333332,189.37666666666667,510.3883333333333,195.73499999999999,184.24833333333333,L7
2008-09-29 09:50:46+00:00,465.0607692307692,554.5292307692308,177.5153846153846,192.0823076923077,189.37666666666667,510.55384615384617,196.07818181818178,184.78,L5
2008-11-08 09:55:12+00:00,465.06916666666666,553.1033333333334,178.34916666666666,192.30166666666665,193.32750000000001,510.01181818181817,196.16899999999995,185.22416666666663,L7
2008-11-16 09:49:26+00:00,465.66307692307697,554.2630769230768,177.65692307692308,192.0776923076923,193.32750000000001,509.095,195.1745454545454,184.17461538461538,L5
2009-01-11 09:55:48+00:00,464.6433333333333,554.2533333333333,178.32555555555555,192.73222222222225,195.165,509.88142857142856,195.6522222222222,187.41,L7
2009-02-11 09:57:42+00:00,466.30285714285714,557.6485714285715,175.13428571428568,189.41857142857143,193.3875,503.6575,193.63999999999996,184.57999999999998,L5
2009-02-28 09:56:10+00:00,466.30285714285714,557.6485714285715,174.7925,189.41857142857143,193.3875,503.884,193.63999999999996,186.07,L7
2009-03-08 09:52:31+00:00,466.2614285714286,555.6185714285714,174.17125,188.47857142857143,304.12,506.82199999999995,194.57285714285712,184.2475,L5
2009-03-16 09:56:18+00:00,465.40375,555.61625,174.9788888888889,189.8775,365.966,506.59666666666664,194.88625,185.48666666666668,L7
2009-05-02 09:59:25+00:00,469.91,554.3228571428571,174.80624999999998,189.0514285714286,411.3216666666667,507.51000000000005,193.7583333333333,185.21375,L5
2009-05-18 09:59:44+00:00,465.575,554.375,175.8457142857143,189.9,483.6266666666667,507.102,193.21499999999997,184.30428571428573,L5
2009-05-19 09:56:34+00:00,465.9971428571429,553.5171428571429,176.69750000000002,190.99857142857144,502.07714285714286,506.8533333333333,193.80999999999997,184.44125000000003,L7
2009-06-03 10:00:00+00:00,466.87625,554.75375,176.09000000000003,190.29875,518.7475000000001,509.9371428571429,193.2883333333333,183.33555555555554,L5
2009-06-04 09:56:34+00:00,467.4711111111111,555.0166666666667,176.38000000000002,190.38333333333333,529.0711111111111,511.3625,193.5442857142857,183.571,L7
2009-06-12 09:54:24+00:00,466.821,554.728,176.7018181818182,190.427,539.624,513.2344444444444,194.24374999999998,184.04909090909092,L5
2009-06-19 10:00:18+00:00,467.34090909090907,554.5763636363637,176.57583333333332,189.98363636363638,548.4118181818183,514.761,194.20555555555555,183.72500000000002,L5
2009-06-28 09:54:41+00:00,466.91833333333335,554.0616666666666,176.4823076923077,189.39166666666668,555.6458333333334,516.0463636363637,194.58999999999997,184.1146153846154,L5
2009-07-05 10:00:35+00:00,467.35615384615386,554.7176923076923,176.025,188.92000000000002,561.7584615384616,517.115,194.1790909090909,183.43714285714285,L5
2009-07-21 10:00:51+00:00,466.7653846153846,555.7415384615384,176.58571428571426,188.7569230769231,595.5915384615384,515.8784615384616,193.41199999999998,182.85,L5
2009-07-30 09:55:12+00:00,466.17071428571427,555.1221428571428,177.22133333333335,189.37071428571429,598.5807142857142,514.6692857142857,194.20818181818177,183.34133333333332,L5
2009-08-06 10:01:05+00:00,466.65399999999994,554.9373333333333,177.354375,189.63400000000001,601.122,513.6193333333333,194.10999999999999,183.7225,L5
2009-08-15 09:55:27+00:00,464.21866666666665,552.7973333333333,179.15937499999998,191.49533333333332,631.8233333333334,512.725,195.77181818181816,185.90125,L5
2009-08-22 10:01:20+00:00,464.75062499999996,552.94875,178.9205882352941,191.055,632.09,512.1999999999999,195.8458333333333,186.0241176470588,L5
2009-08-31 09:55:41+00:00,464.3829411764705,552.5582352941176,179.7923529411765,191.37764705882353,632.3564705882353,512.7664705882353,196.23461538461535,185.68470588235294,L5
2009-09-07 10:01:34+00:00,463.48,552.6158823529412,180.05117647058822,191.90529411764706,632.3982352941176,511.865294117647,195.97615384615386,186.69411764705882,L5
2009-09-16 09:55:55+00:00,463.5335294117647,552.1541176470588,180.51470588235293,190.81705882352944,633.6994117647059,512.4499999999999,196.38692307692307,186.48411764705884,L5
2009-09-23 10:01:47+00:00,462.37388888888887,551.8833333333333,180.85000000000002,191.01722222222224,633.8416666666667,512.5088888888889,196.79857142857142,186.6955555555556,L5
2009-10-02 09:56:06+00:00,462.14894736842103,551.65,180.9221052631579,190.98736842105265,633.9263157894737,512.5289473684211,197.09666666666666,186.97578947368424,L5
2009-10-18 09:56:16+00:00,461.963,551.5184999999999,180.6625,190.9015,634.09,512.5364999999999,197.030625,186.95200000000003,L5
2009-10-26 09:56:27+00:00,463.54952380952375,551.1566666666666,180.85333333333332,191.20380952380953,633.1219047619048,511.55619047619047,197.2776470588235,187.4052380952381,L7
2009-11-11 09:56:42+00:00,463.8335,551.412,180.6005,190.9555,632.873,511.41857142857145,197.2776470588235,187.61380952380952,L7
2009-12-05 09:56:39+00:00,463.41117647058826,550.5247058823529,180.07470588235293,189.65941176470585,634.9106250000001,512.8883333333333,198.03,188.47833333333335,L5
2009-12-12 10:02:30+00:00,463.2335294117647,551.0999999999999,179.57823529411763,189.3835294117647,634.9825000000001,512.0794444444443,197.52333333333334,188.4711111111111,L5
2010-02-23 09:57:04+00:00,460.8160000000001,550.203,179.81599999999997,187.895,633.4966666666666,512.9554545454546,198.93199999999996,189.65363636363637,L5
2010-04-03 10:02:50+00:00,464.7633333333333,551.3283333333334,177.24333333333334,186.88833333333332,631.954,509.4971428571429,197.56799999999996,189.46714285714285,L5
2010-04-19 10:02:47+00:00,464.65000000000003,550.9283333333333,179.45000000000002,188.70666666666668,632.5039999999999,507.2257142857143,197.94999999999993,189.6357142857143,L5
2010-04-20 09:58:20+00:00,465.15285714285716,548.3914285714285,179.45000000000002,188.92142857142858,632.5039999999999,507.2257142857143,197.94999999999993,189.6357142857143,L7
2010-05-21 10:02:41+00:00,459.8428571428571,551.57,175.54,188.63857142857142,637.016,512.7249999999999,194.28749999999997,185.01666666666665,L5
2010-05-22 09:58:14+00:00,460.56874999999997,550.3362500000001,177.1042857142857,189.62375,637.016,512.7249999999999,195.92199999999997,186.89714285714285,L7
2010-06-06 10:02:35+00:00,458.63625,549.91,179.20714285714286,192.42374999999998,637.265,506.13500000000005,195.23249999999993,189.31285714285715,L5
2010-06-22 10:02:31+00:00,462.68625,552.26,177.73000000000002,190.46875,637.568,511.1816666666667,192.27499999999995,185.17857142857142,L5
2010-06-23 09:58:18+00:00,463.44888888888886,552.3177777777778,178.00125,190.63111111111112,633.245,512.4942857142858,193.31999999999996,186.54125,L7
2010-06-30 10:04:06+00:00,464.35900000000004,553.6600000000001,178.42222222222222,190.573,633.245,512.4942857142858,192.79666666666662,185.91444444444446,L7
2010-07-08 10:02:27+00:00,465.18545454545455,554.12,178.76500000000001,190.71545454545455,633.6185714285714,514.525,193.05999999999997,185.30599999999998,L5
2010-07-16 10:04:08+00:00,466.1225,555.1233333333333,178.7490909090909,190.4416666666667,631.12125,511.9888888888888,192.95374999999999,184.89636363636365,L7
2010-09-03 09:56:24+00:00,465.8591666666666,555.2991666666667,179.31636363636363,191.79083333333335,631.6125,511.0311111111111,191.89714285714285,184.9527272727273,L5
2010-09-10 10:02:08+00:00,465.24692307692305,556.2561538461539,179.31636363636363,191.06076923076924,631.6125,512.867,191.02249999999998,184.03583333333333,L5
2010-11-13 10:01:42+00:00,467.0690909090909,560.1845454545454,177.368,189.04545454545453,630.0985714285714,516.73,191.77111111111108,183.17000000000002,L5
2010-12-31 10:01:50+00:00,463.67666666666673,556.5566666666667,182.488,190.23000000000002,632.43,512.3633333333333,192.37749999999994,185.74833333333333,L5
2011-01-16 10:01:51+00:00,455.03600000000006,552.5519999999999,184.5375,192.22400000000002,638.1375,511.51599999999996,191.32999999999987,188.31,L5
2011-02-17 10:01:53+00:00,455.03600000000006,553.3333333333334,184.5375,192.22400000000002,638.1375,511.51599999999996,196.4566666666666,188.31,L5
2011-02-25 10:05:25+00:00,455.03600000000006,553.3333333333334,184.5375,192.22400000000002,638.1375,510.635,196.4566666666666,188.31,L7
2011-02-26 09:56:05+00:00,455.8283333333334,553.53,183.404,191.995,637.97,511.0828571428571,197.74749999999995,188.78666666666666,L5
2011-03-05 10:01:51+00:00,453.32666666666665,552.5571428571428,183.142,191.91,637.9219999999999,510.4385714285714,197.74749999999995,189.04999999999998,L5
2011-03-22 09:59:41+00:00,452.412,550.0266666666668,183.142,193.83200000000002,634.4066666666666,503.4642857142857,202.0299999999999,192.07,L7
2011-03-30 09:55:57+00:00,450.76500000000004,549.1600000000001,184.62666666666667,194.86166666666668,634.9471428571429,502.96000000000004,202.0299999999999,192.23666666666668,L5
2011-04-07 09:59:45+00:00,450.5885714285714,545.86375,184.62666666666667,194.86166666666668,634.9471428571429,502.96000000000004,202.0299999999999,192.23666666666668,L7
2011-05-01 09:55:22+00:00,451.47125,546.5288888888889,184.32142857142858,194.44,634.9471428571429,500.5066666666667,201.38249999999994,192.24857142857144,L5
2011-05-08 10:01:31+00:00,453.90333333333336,548.391,182.74125,193.57999999999998,635.31375,501.793,201.38249999999994,190.34625,L5
2011-05-17 09:55:42+00:00,452.20444444444445,547.2570000000001,183.98125,196.16750000000002,635.50875,501.175,203.14249999999993,190.825,L5
2011-05-24 10:01:26+00:00,452.72700000000003,548.8390909090909,182.92111111111112,195.17000000000002,635.4699999999999,502.3218181818181,200.29799999999994,189.4733333333333,L5
2011-08-13 09:59:32+00:00,457.99555555555554,551.3340000000001,180.29125,192.93374999999997,631.80875,500.6669999999999,199.77999999999997,188.49,L7
2011-08-20 10:05:19+00:00,457.99555555555554,552.046,180.36666666666667,191.95,629.9244444444444,499.82545454545453,197.7583333333333,188.88222222222223,L7
2011-09-06 09:54:45+00:00,461.6375,552.9277777777778,179.84,191.19,628.64,500.77777777777777,196.72833333333332,187.76500000000001,L5
2011-09-13 10:00:27+00:00,462.93111111111114,553.176,179.89444444444445,191.03777777777776,629.6677777777778,501.34299999999996,196.72833333333332,188.21333333333334,L5
2011-09-14 09:59:24+00:00,462.93111111111114,553.176,179.89444444444445,191.03777777777776,628.174,499.8736363636363,196.72833333333332,188.21333333333334,L7
2011-09-22 09:54:31+00:00,462.468,553.176,179.949,191.456,629.4344444444445,501.804,196.72833333333332,188.21333333333334,L5
2011-09-29 10:00:09+00:00,465.57000000000005,554.518,178.435,190.589,629.5011111111112,501.899,196.72833333333332,187.79999999999998,L5
2011-09-30 09:59:23+00:00,466.1972727272727,553.7036363636363,178.56181818181818,190.53454545454545,627.826,502.30090909090904,197.2542857142857,188.509,L7
2011-10-16 09:59:25+00:00,468.33181818181816,556.0400000000001,178.23916666666665,190.05916666666667,627.826,501.99,197.45624999999998,188.25363636363636,L7
2011-11-24 10:05:36+00:00,472.1925,554.39375,178.30666666666667,189.3111111111111,623.9514285714287,501.16625000000005,197.98499999999993,190.77375,L7
2011-12-19 10:00:00+00:00,476.53222222222223,557.1811111111111,177.195,189.3111111111111,623.9514285714287,501.16625000000005,197.98499999999993,190.77375,L7
2011-12-26 10:05:52+00:00,474.36199999999997,557.659,177.85909090909092,190.005,622.7587500000001,500.1044444444445,197.77571428571426,191.14666666666668,L7
2012-01-04 10:00:09+00:00,473.59,557.3718181818182,177.63833333333332,189.42363636363635,622.7587500000001,502.37600000000003,197.72499999999997,190.329,L7
2012-01-20 10:00:08+00:00,473.50416666666666,557.3718181818182,177.63833333333332,189.42363636363635,622.7587500000001,505.2509090909091,197.72499999999997,190.329,L7
2012-03-15 10:06:02+00:00,472.313,555.74125,177.9611111111111,191.13,612.495,506.29857142857145,198.5916666666666,190.92857142857142,L7
2012-03-31 10:06:01+00:00,473.96999999999997,557.1650000000001,177.41166666666666,190.498,599.22,507.47799999999995,198.22799999999992,190.452,L7
2012-05-11 10:00:25+00:00,473.1675,555.375,179.82666666666668,193.848,603.8733333333333,508.90600000000006,199.28999999999996,193.01,L7
2012-05-27 10:00:40+00:00,473.2814285714286,557.4040000000001,179.65800000000002,194.73,606.2825,504.47,198.75749999999994,193.436,L7
2012-08-15 10:01:16+00:00,469.4866666666667,545.5400000000001,185.69500000000002,199.52999999999997,606.1925,491.49499999999995,200.56999999999988,196.69333333333336,L7
2012-08-22 10:07:07+00:00,469.62249999999995,546.2766666666666,184.08,197.35333333333332,606.1925,491.49499999999995,199.24333333333325,196.69333333333336,L7
2012-09-16 10:01:34+00:00,469.30749999999995,542.88,183.64999999999998,196.31000000000003,613.525,491.805,200.86333333333323,197.28333333333333,L7
2012-09-23 10:07:26+00:00,469.59,546.855,181.2025,194.345,613.4979999999999,494.45,199.84999999999994,194.4275,L7
2013-01-22 10:02:19+00:00,471.65999999999997,551.1875,175.1175,186.4075,507.8025,503.2475,198.00999999999993,185.87333333333333,L7
2013-04-12 10:02:09+00:00,471.485,548.5350000000001,172.54500000000002,180.875,190.41,516.855,198.7449999999999,185.42000000000002,L7
2013-05-13 10:13:51+00:00,476.0833333333333,557.4666666666667,170.52,178.84666666666666,191.34,516.855,193.17999999999992,179.32666666666668,L8
2013-05-30 10:01:54+00:00,477.53,557.385,168.76749999999998,176.7175,190.97333333333336,515.6866666666666,193.83749999999995,177.925,L7
2013-06-06 10:07:36+00:00,476.79200000000003,558.0060000000001,170.39000000000001,180.176,191.47,515.6866666666666,194.07399999999996,178.324,L7
2013-06-07 10:08:10+00:00,474.7133333333333,555.5233333333334,172.70833333333334,182.89166666666665,191.47,512.9825000000001,194.82999999999996,181.33333333333334,L8
2013-06-14 10:13:54+00:00,475.55285714285714,555.7871428571428,172.8014285714286,183.60857142857142,191.47,514.4780000000001,194.76571428571424,181.74714285714285,L8
2013-06-15 10:01:47+00:00,474.35875,555.7871428571428,172.8014285714286,183.60857142857142,193.318,514.4780000000001,194.76571428571424,181.74714285714285,L7
2013-06-23 10:08:03+00:00,474.35875,554.7225,172.8014285714286,183.60857142857142,194.13166666666666,514.4780000000001,195.12124999999997,182.19375,L8
2013-06-30 10:13:53+00:00,475.44,556.1544444444445,172.61875,182.64,193.17285714285714,518.115,194.6022222222222,180.73222222222222,L8
2013-07-09 10:07:43+00:00,474.81000000000006,554.9860000000001,173.62555555555556,184.1522222222222,245.80875,516.2257142857143,195.17,182.317,L8
2013-07-16 10:13:53+00:00,474.8718181818182,555.1418181818182,173.937,184.707,286.4422222222222,516.7575,195.1590909090909,182.59,L8
2013-07-25 10:08:06+00:00,473.9509090909091,554.2681818181819,175.52100000000002,187.359,333.49222222222227,513.80125,195.3972727272727,184.57,L8
2013-08-01 10:13:55+00:00,473.2658333333334,554.135,176.0209090909091,187.77727272727273,361.39,512.8522222222223,195.66916666666665,185.4525,L8
2013-08-02 10:01:23+00:00,471.5269230769231,552.9953846153846,176.48583333333332,188.49333333333334,361.39,512.0350000000001,195.99076923076922,186.53307692307692,L7
2013-08-09 10:07:06+00:00,471.1207142857143,554.3735714285715,176.55,188.0746153846154,361.39,512.0350000000001,195.40285714285713,185.07928571428573,L7
2013-08-17 10:13:55+00:00,470.22,553.776,176.97214285714287,188.64142857142858,384.3345454545455,511.4136363636364,195.654,185.87466666666666,L8
2013-09-03 10:01:39+00:00,470.14125,553.1231250000001,177.334,189.14,403.5366666666667,509.7391666666667,196.015625,186.64625,L7
2013-09-18 10:13:52+00:00,471.2117647058824,554.3352941176471,176.601875,188.369375,403.5366666666667,509.7391666666667,195.54823529411763,185.5241176470588,L8
2013-09-27 10:07:36+00:00,470.2055555555556,553.7422222222223,176.94235294117647,188.91411764705882,419.72769230769234,508.3469230769231,195.84888888888887,186.2611111111111,L8
2013-10-13 10:07:36+00:00,469.44388888888886,553.6661111111111,177.14470588235295,189.31117647058824,433.63142857142856,508.3453846153846,195.84499999999997,186.38777777777779,L8
2013-10-29 10:07:27+00:00,469.59999999999997,553.2989473684211,177.095,188.99833333333333,445.48466666666667,509.20642857142855,196.0615789473684,186.6342105263158,L8
2013-11-06 10:02:16+00:00,470.26399999999995,554.2685,175.83684210526317,187.95263157894738,445.48466666666667,509.20642857142855,195.582,185.4115,L7
2013-11-14 10:07:26+00:00,468.44500000000005,553.1600000000001,176.49526315789473,188.41526315789474,463.57142857142856,509.20642857142855,196.29421052631577,186.37315789473686,L8
2013-12-07 10:13:32+00:00,467.68611111111113,553.6894117647059,176.22470588235296,188.0094117647059,508.90000000000003,512.5946153846154,196.45941176470586,186.36470588235295,L8
2013-12-16 10:07:15+00:00,466.5352941176471,552.6617647058823,176.77235294117648,188.6494117647059,543.3149999999999,511.4423076923077,196.94294117647058,187.32882352941178,L8
2013-12-31 10:08:21+00:00,465.438125,552.500625,177.3341176470588,189.44875000000002,613.5545454545455,509.10769230769233,197.3375,189.241875,L7
2014-01-09 10:02:34+00:00,465.65375,552.5118749999999,177.33235294117648,189.29250000000002,613.484,511.0730769230769,197.20874999999998,189.18562500000002,L7
2014-01-25 10:02:54+00:00,464.77642857142854,552.7157142857142,177.14866666666666,188.7592857142857,613.68375,512.9483333333334,197.20357142857142,188.92928571428573,L7
2014-02-01 10:08:47+00:00,465.8733333333333,553.1384615384615,176.50846153846155,187.85833333333335,614.33875,513.7036363636363,196.86166666666665,187.5291666666667,L7
2014-02-09 10:12:51+00:00,468.38916666666665,553.2784615384616,174.84615384615384,186.8975,614.33875,513.7036363636363,197.32833333333335,187.5233333333333,L8
2014-02-17 10:08:38+00:00,469.77833333333336,554.756923076923,174.14846153846153,186.0175,614.4185714285715,513.7927272727273,196.8275,186.1191666666667,L7
2014-02-26 10:02:51+00:00,469.77833333333336,554.756923076923,174.36999999999998,186.0175,614.315,513.1483333333333,196.66923076923075,186.58615384615385,L7
2014-03-05 10:08:42+00:00,469.7516666666667,556.993076923077,173.64142857142858,184.91416666666666,614.2514285714286,515.1327272727273,195.73461538461535,184.18846153846152,L7
2014-03-06 10:06:18+00:00,469.4476923076923,556.2292857142858,174.21999999999997,185.44538461538463,614.3612499999999,514.3075,195.96071428571426,184.4542857142857,L8
2014-03-13 10:12:27+00:00,468.3078571428572,555.4906666666667,174.91875,186.6092857142857,614.661111111111,512.5053846153846,195.96071428571426,185.37333333333333,L8
2014-03-30 10:03:06+00:00,467.9058333333333,554.9976923076923,175.04928571428573,186.50749999999996,614.6633333333334,513.6184615384616,196.20166666666663,184.27500000000003,L7
2014-04-07 10:06:16+00:00,467.8730769230769,553.9364285714286,175.958,187.37153846153845,614.604,512.0571428571428,196.6438461538461,185.35600000000002,L8
2014-04-14 10:11:54+00:00,468.6207692307692,553.9135714285715,175.85133333333334,187.42999999999998,614.574,511.05,196.73846153846154,185.46266666666668,L8
2014-04-15 10:03:12+00:00,468.34142857142854,554.0246666666666,176.191875,187.65642857142853,614.574,510.67266666666666,196.81999999999996,185.4425,L7
2014-05-01 10:03:21+00:00,468.02846153846156,554.5485714285713,176.18800000000002,187.96230769230766,614.9233333333333,510.7066666666667,196.5784615384615,185.06733333333332,L7
2014-05-08 10:09:09+00:00,466.3130769230769,553.24,177.81199999999998,189.61923076923074,614.665,510.428125,197.38615384615383,186.73933333333335,L7
2014-05-09 10:05:21+00:00,465.8742857142857,552.4993333333333,178.05875,190.31571428571428,614.6936363636364,509.2894117647059,197.63857142857142,187.501875,L8
2014-05-16 10:11:27+00:00,467.6628571428572,552.6112499999999,177.89,191.06857142857143,614.4408333333333,509.08666666666676,197.57466666666667,187.77823529411765,L8
2014-05-17 10:03:28+00:00,467.18666666666667,551.4264705882352,177.89,191.29266666666666,582.6784615384615,509.08666666666676,197.57466666666667,187.77823529411765,L7
2014-05-24 10:09:17+00:00,467.796875,551.8861111111111,177.6564705882353,190.44625,554.7921428571428,509.72263157894736,197.29874999999998,187.43944444444443,L7
2014-06-01 10:11:31+00:00,468.19529411764705,552.1715789473684,177.37166666666667,190.4929411764706,530.754,510.25600000000003,197.11235294117645,187.12263157894736,L8
2014-06-02 10:03:32+00:00,468.4455555555556,552.2675,177.2215789473684,189.88222222222223,509.804375,510.83809523809526,197.0727777777778,186.916,L7
2014-06-09 10:09:19+00:00,468.7377777777777,552.343,177.5678947368421,190.43055555555554,509.804375,508.60095238095244,196.63444444444443,187.20149999999998,L7
2014-06-10 10:05:49+00:00,467.8852631578947,551.8119047619048,177.901,190.99578947368423,509.804375,507.7954545454546,196.86105263157893,187.77761904761905,L8
2014-06-18 10:03:32+00:00,468.35999999999996,552.4075,177.65,190.5627777777778,502.8786666666667,507.80909090909086,196.54222222222222,187.1355,L7
2014-06-25 10:09:22+00:00,468.8742105263157,552.4733333333334,177.65,190.03105263157894,483.135625,507.80909090909086,196.54222222222222,187.1355,L7
2014-07-12 10:05:36+00:00,468.71157894736837,553.186,177.22333333333333,189.49052631578948,456.94874999999996,508.20047619047614,196.1505882352941,185.80052631578948,L8
2014-07-19 10:11:47+00:00,468.5559999999999,553.3033333333334,177.3515789473684,189.68400000000003,456.94874999999996,508.0877272727273,196.15111111111108,185.846,L8
2014-07-27 10:09:31+00:00,466.8585714285714,553.7727272727273,177.2525,189.31190476190477,456.94874999999996,507.3459090909091,196.05894736842103,185.46714285714285,L7
2014-07-28 10:05:39+00:00,467.06454545454545,553.4734782608696,177.3290476190476,189.58227272727274,456.94874999999996,507.245652173913,196.2045,185.94590909090908,L8
2014-08-04 10:11:55+00:00,467.86434782608694,554.4447826086956,176.91136363636363,189.02086956521742,430.17562499999997,507.99130434782603,196.08619047619044,185.44130434782608,L8
2014-08-12 10:09:34+00:00,466.78956521739127,553.6339130434783,178.045,189.91260869565215,416.40470588235297,507.0116666666666,196.26285714285711,186.31478260869565,L7
2014-08-20 10:11:59+00:00,466.8904347826087,553.3100000000001,178.26666666666665,190.06043478260867,403.935,507.04782608695655,196.40142857142854,186.36391304347825,L8
2014-08-21 10:03:46+00:00,466.6879166666667,552.86875,178.43454545454546,190.23458333333335,403.935,506.41333333333336,196.7390909090909,186.80625,L7
2014-08-29 10:05:49+00:00,466.32199999999995,552.5488,178.6377272727273,190.4448,391.60235294117643,505.8033333333333,196.93499999999997,187.03458333333333,L8
2014-09-05 10:12:02+00:00,466.22875,551.7666666666667,178.91809523809525,190.97708333333333,377.63187500000004,505.24,197.25999999999996,188.27521739130435,L8
2014-09-06 10:03:47+00:00,465.85720000000003,551.816,179.10545454545456,191.1772,367.3405882352941,504.6936,197.27954545454543,188.59791666666663,L7
2014-09-13 10:09:33+00:00,466.4904,552.5148,178.6718181818182,190.45,342.5641176470588,505.30480000000006,197.14260869565217,187.85916666666665,L7
2014-09-14 10:05:53+00:00,466.5607692307692,552.2411538461539,178.75739130434783,190.56,342.5641176470588,504.778076923077,197.26291666666665,188.23680000000002,L8
2014-09-30 10:05:53+00:00,466.5448148148148,552.4281481481481,178.69833333333335,190.52666666666667,325.596875,505.32653846153846,197.27439999999999,188.9436,L8
2014-10-07 10:12:07+00:00,466.5381481481482,552.9648148148149,178.28374999999997,190.25925925925927,306.36533333333335,505.8707692307692,197.1104,188.386,L8
2014-10-08 10:04:04+00:00,466.1232142857143,552.2807142857143,178.3832,190.45857142857145,299.82375,505.8707692307692,197.24115384615382,188.386,L7
2014-10-15 10:09:53+00:00,466.85148148148147,553.0014814814814,177.80208333333334,189.65740740740742,273.458125,507.098,196.93239999999997,187.48041666666666,L7
2014-10-23 10:12:08+00:00,467.0071428571428,553.5882142857142,177.5688,189.2692857142857,268.8958823529412,508.8176923076923,196.8276923076923,186.9124,L8
2014-10-24 10:04:13+00:00,466.71310344827583,553.0275862068966,177.5688,189.11758620689653,265.1727777777778,508.8176923076923,196.8276923076923,186.9124,L7
2014-10-31 10:10:04+00:00,466.68033333333335,552.8796666666666,177.74692307692308,189.301,261.6515789473684,508.334,196.83703703703702,186.9124,L7
2014-11-08 10:12:09+00:00,467.28482758620686,553.2827586206896,177.7184,188.89,218.96833333333333,509.67125000000004,196.76269230769228,186.17249999999999,L8
2014-12-03 10:05:55+00:00,466.3575,553.6391666666666,178.36714285714285,189.19875,195.86076923076922,508.1215,197.0663636363636,185.87571428571428,L8
2014-12-11 10:04:33+00:00,466.6045454545454,553.6918181818181,178.30526315789476,188.75681818181818,195.86076923076922,510.69684210526316,197.1375,185.32894736842104,L7
2014-12-19 10:05:52+00:00,465.9204347826087,552.9686956521739,178.741,188.97521739130437,195.86076923076922,511.4931578947369,197.41047619047617,186.0645,L8
2014-12-26 10:12:00+00:00,465.6591304347827,553.6173913043477,177.99714285714285,188.77782608695654,196.46,514.307,197.36727272727273,185.32095238095238,L8
2015-01-04 10:05:46+00:00,465.9058333333334,553.95625,177.35909090909092,188.21124999999998,196.51000000000002,516.1752380952381,197.43478260869566,184.7159090909091,L8
2015-01-11 10:11:58+00:00,465.8645833333333,553.5216666666666,176.91181818181818,188.08541666666667,196.55307692307693,515.4209523809524,197.7608695652174,184.75318181818182,L8
2015-01-12 10:04:42+00:00,465.85240000000005,553.1768,176.63130434782607,187.70120000000003,196.7092857142857,514.7854545454546,197.84625000000003,184.75565217391303,L7
2015-01-27 10:11:52+00:00,467.09391304347827,553.3152173913044,175.62809523809523,186.90565217391304,196.76466666666664,516.559,198.0613636363636,183.95857142857142,L8
2015-02-12 10:11:44+00:00,466.0145454545455,552.2509090909091,176.262,187.80863636363637,197.38923076923078,516.6047368421052,198.328,185.058,L8
2015-03-09 10:05:24+00:00,466.8677777777778,552.59,175.22764705882352,186.5522222222222,197.40272727272725,521.27375,198.3125,183.22625,L8
2015-04-02 10:05:13+00:00,466.83,551.525625,173.918,185.5525,197.5609090909091,524.7876923076923,198.70499999999998,182.79714285714286,L7
2015-04-09 10:11:05+00:00,465.86600000000004,551.884,174.34714285714284,185.82,197.8418181818182,526.3608333333333,198.7176923076923,183.49642857142857,L7
2015-04-10 10:05:30+00:00,465.0425,551.049375,175.21533333333335,186.67249999999999,232.7775,523.6038461538462,198.7176923076923,184.6573333333333,L8
2015-04-17 10:11:18+00:00,464.236875,550.43375,175.90933333333334,187.76062499999998,267.9291666666667,521.3115384615385,199.03769230769228,186.0753333333333,L8
2015-05-03 10:11:06+00:00,464.32000000000005,549.7792857142857,176.22071428571425,188.7242857142857,323.22299999999996,516.6738461538461,199.67583333333332,187.63333333333333,L8
2015-05-04 10:05:27+00:00,464.52000000000004,549.3979999999999,176.214,189.09866666666667,349.5172727272727,515.955,199.6523076923077,188.210625,L7
2015-05-12 10:04:46+00:00,464.54266666666666,548.6893333333334,176.236,189.56666666666666,387.2745454545455,513.8514285714285,199.6423076923077,189.15125,L8
2015-05-19 10:10:57+00:00,464.93,548.404375,176.5325,190.06937499999998,406.05833333333334,512.3933333333333,199.55142857142854,189.65764705882353,L8
2015-05-20 10:05:35+00:00,466.6541176470588,548.9317647058824,175.93470588235294,189.19411764705882,406.05833333333334,512.3933333333333,199.30333333333334,188.58888888888887,L7
2015-05-27 10:11:23+00:00,466.6541176470588,549.4288888888889,175.65944444444443,189.0738888888889,406.05833333333334,512.3933333333333,198.09437499999999,188.58888888888887,L7
2015-05-28 10:05:12+00:00,466.6733333333334,549.1494736842105,175.9178947368421,189.4221052631579,421.97076923076924,511.94374999999997,198.23176470588237,189.01894736842104,L8
2015-06-04 10:11:05+00:00,467.22736842105263,549.4815,175.92649999999998,189.438,435.6392857142857,511.5641176470588,198.13722222222222,190.08736842105262,L8
2015-06-21 10:05:44+00:00,468.54894736842107,549.7375,175.1915,188.86,435.6392857142857,510.00374999999997,197.87611111111107,189.73157894736843,L7
2015-06-28 10:11:32+00:00,468.3505555555555,548.738947368421,175.82684210526315,189.54105263157896,454.16692307692307,507.2025,197.95941176470586,190.8027777777778,L7
2015-06-29 10:05:31+00:00,468.22210526315786,548.483,176.115,189.9685,465.57142857142856,506.2711764705883,198.0372222222222,191.13736842105263,L8
2015-07-06 10:11:22+00:00,468.4431578947368,548.2259999999999,176.5425,190.667,495.1914285714286,504.3235294117647,197.82666666666668,191.94947368421052,L8
2015-07-07 10:05:50+00:00,468.4431578947368,548.2259999999999,176.5425,190.667,495.1914285714286,504.4122222222222,197.82666666666668,191.94947368421052,L7
2015-07-15 10:05:17+00:00,468.32388888888886,547.8621052631579,177.54105263157896,191.9884210526316,524.7557142857142,503.6700000000001,197.56999999999996,193.16111111111113,L8
2015-07-22 10:11:30+00:00,469.0315789473684,548.55,177.4035,191.7385,524.7557142857142,503.81944444444446,197.33277777777778,192.5563157894737,L8
2015-07-31 10:05:45+00:00,469.11894736842106,547.7645,178.4415,192.54350000000002,554.3785714285714,502.00277777777785,197.3127777777778,193.69473684210527,L8
2015-08-07 10:11:33+00:00,468.95250000000004,548.01,178.51666666666668,192.6814285714286,558.2946666666667,502.1594736842106,197.40842105263158,193.825,L8
2015-08-08 10:05:57+00:00,469.152380952381,547.8895454545454,178.24045454545455,192.56318181818185,558.2946666666667,502.1594736842106,197.542,193.89190476190475,L7
2015-08-16 10:05:51+00:00,469.47857142857146,548.2768181818182,177.73409090909092,191.68454545454543,558.2946666666667,503.84736842105264,197.48523809523812,193.0857142857143,L8
2015-08-23 10:11:41+00:00,469.54090909090905,548.6026086956522,177.68217391304347,191.70217391304345,561.68875,503.89400000000006,197.46500000000003,193.1731818181818,L8
2015-08-31 10:11:45+00:00,469.384347826087,548.7879166666667,177.8395833333333,191.79291666666666,564.8129411764705,503.2919047619048,197.46173913043478,193.18608695652173,L7
2015-09-01 10:05:56+00:00,469.23291666666665,548.8364,177.81,191.87279999999998,567.4405555555555,503.39681818181816,197.48625,193.26583333333335,L8
2015-09-08 10:11:47+00:00,469.08083333333326,549.3815999999999,177.5088,191.6124,569.7989473684211,504.02500000000003,197.2970833333333,193.09375,L8
2015-09-17 10:05:41+00:00,469.4268,550.3030769230769,176.845,190.7846153846154,569.7989473684211,505.47913043478263,197.19559999999998,192.27559999999997,L8
2015-09-24 10:11:54+00:00,469.87461538461537,550.8081481481481,176.5048148148148,190.33555555555557,569.7989473684211,506.7895833333334,197.19192307692308,191.80615384615385,L8
2015-09-25 10:06:06+00:00,470.05148148148146,550.5721428571429,176.57,190.17892857142857,569.7989473684211,507.3652,197.3911111111111,191.66518518518518,L7
2015-10-03 10:05:45+00:00,470.0492592592593,550.6692857142857,177.06178571428572,190.8217857142857,591.6584210526315,506.7742307692308,197.35925925925926,191.9748148148148,L8
2015-10-11 10:06:15+00:00,470.3976923076923,552.0944444444444,176.01592592592593,190.4059259259259,612.9205882352941,507.95153846153846,196.97814814814814,191.60923076923078,L7
2015-10-18 10:12:10+00:00,470.80846153846153,552.0711111111111,175.63666666666666,189.93185185185186,612.8499999999999,508.6196,196.70666666666668,191.4276,L7
2015-10-19 10:05:46+00:00,470.5125925925926,551.7232142857143,175.79464285714286,190.11499999999998,612.8264705882352,508.46999999999997,196.80928571428572,191.68769230769232,L8
2015-11-04 10:06:15+00:00,470.286923076923,551.8885185185185,175.6588888888889,189.977037037037,612.7831249999999,509.1032,196.7337037037037,191.47119999999998,L8
2015-11-11 10:12:01+00:00,470.2019230769231,551.9685185185185,175.46518518518516,189.97962962962967,612.824375,509.6328,196.7585185185185,191.49599999999998,L8
2015-11-20 10:05:52+00:00,469.27799999999996,551.7807692307692,175.49615384615385,190.07615384615386,612.8340000000001,510.8632,196.87,191.71416666666667,L8
2015-12-14 10:07:18+00:00,469.0326086956522,551.674347826087,175.67041666666668,190.23916666666665,612.7892307692308,511.3430434782608,197.46521739130435,191.3881818181818,L7
2015-12-21 10:13:11+00:00,468.5869565217391,552.5678260869565,176.20541666666668,190.90458333333333,612.7892307692308,510.01565217391305,197.37434782608693,191.4659090909091,L7
2015-12-22 10:05:52+00:00,468.5954166666667,552.1270833333334,176.3948,191.142,612.8764285714286,509.82666666666665,197.58249999999998,191.8291304347826,L8
2015-12-29 10:12:02+00:00,468.77000000000004,552.5891666666666,176.3492,191.00079999999997,612.8821428571429,509.8526086956522,197.56833333333336,191.7504347826087,L8
2016-01-14 10:12:00+00:00,469.73782608695655,553.6230434782609,175.74458333333334,190.97782608695653,600.6115384615384,509.74449999999996,197.67909090909095,191.73857142857145,L8
2016-02-16 10:08:00+00:00,469.518947368421,553.7552631578948,174.725,190.2157894736842,564.535,509.725,197.69555555555553,192.23062500000003,L7
2016-02-23 10:13:47+00:00,469.25157894736844,554.0536842105263,174.4925,189.7642105263158,529.8916666666667,511.375,197.6472222222222,191.39375,L7
2016-02-24 10:05:38+00:00,469.1145,553.4359999999999,174.51857142857142,189.546,504.5092307692308,512.6111764705882,197.73894736842104,190.61235294117645,L8
2016-03-10 10:13:58+00:00,469.5538888888889,553.1566666666668,173.98555555555555,189.32333333333335,446.77818181818185,515.1642857142857,197.809375,189.79214285714284,L7
2016-03-11 10:05:35+00:00,469.75842105263155,552.4468421052633,173.98555555555555,189.37736842105264,446.77818181818185,515.1642857142857,197.809375,189.204,L8
2016-03-26 10:14:04+00:00,468.1052941176471,550.6629411764707,175.518125,191.4070588235294,425.9266666666667,510.61090909090905,197.65499999999997,191.44583333333335,L7
2016-04-03 10:11:33+00:00,468.55176470588236,551.4582352941177,175.215625,190.9435294117647,408.9263636363636,513.2272727272727,197.33142857142857,190.25666666666666,L8
2016-04-11 10:14:09+00:00,470.796875,550.3850000000001,175.31933333333333,190.238125,408.9263636363636,511.82545454545453,197.93153846153842,189.75545454545454,L7
2016-04-19 10:11:28+00:00,471.0513333333334,550.9879999999999,175.65,190.4,388.57399999999996,511.9336363636364,198.28166666666664,189.37272727272727,L8
2016-04-20 10:08:26+00:00,470.6125,550.853125,175.4453333333333,190.245,388.57399999999996,511.4975,198.4576923076923,189.2875,L7
2016-05-05 10:11:31+00:00,471.15375,551.513125,175.57266666666663,190.41062499999998,363.7411111111111,510.3458333333333,198.3446153846154,189.33916666666664,L8
2016-05-13 10:14:19+00:00,471.2486666666666,551.8246666666666,175.54571428571427,190.04399999999998,332.53874999999994,511.7058333333334,198.23499999999999,186.69333333333336,L7
2016-05-21 10:11:31+00:00,471.732,552.734,175.63142857142856,190.24066666666667,316.80555555555554,510.3808333333333,197.62333333333333,186.6341666666667,L8
2016-05-22 10:08:34+00:00,470.4125,552.28375,176.25466666666665,190.93187500000002,316.80555555555554,509.9861538461538,197.91153846153844,187.5553846153846,L7
2016-05-30 10:05:47+00:00,470.77941176470586,552.4641176470589,176.185,190.35882352941178,316.80555555555554,510.8471428571429,197.79071428571427,187.11714285714285,L8
2016-06-06 10:11:36+00:00,471.3666666666667,553.0072222222223,176.1335294117647,189.93,304.274,511.4993333333333,197.386,186.64600000000002,L8
2016-06-14 10:14:28+00:00,471.9984210526316,553.9915789473685,175.22764705882352,188.75,293.84999999999997,514.089375,196.795625,185.35625,L7
2016-06-15 10:05:26+00:00,471.8915,554.0125,175.44,188.9584210526316,293.84999999999997,513.5405882352942,196.81529411764706,185.42117647058822,L8
2016-06-22 10:11:40+00:00,473.2689473684211,554.9215789473684,174.3864705882353,187.58722222222224,255.32636363636365,515.855625,195.90249999999997,182.679375,L8
2016-06-23 10:08:42+00:00,473.2689473684211,554.9215789473684,174.3864705882353,187.58722222222224,255.32636363636365,515.3258823529411,195.90249999999997,181.6023529411765,L7
2016-06-30 10:14:29+00:00,473.8168421052631,554.9336842105263,174.0075,187.00722222222223,216.35818181818183,515.9656249999999,195.69466666666665,180.74312500000002,L7
2016-07-01 10:05:35+00:00,473.52049999999997,554.376,174.4064705882353,187.64789473684212,216.35818181818183,515.3135294117646,195.91875,181.67352941176472,L8
2016-07-08 10:11:49+00:00,474.25476190476184,555.092380952381,174.28555555555556,187.42600000000002,214.17083333333332,515.6044444444444,195.56294117647056,181.10222222222222,L8
2016-07-09 10:08:41+00:00,474.25227272727267,554.4345454545454,174.39684210526315,187.57666666666668,212.80769230769232,515.6044444444444,195.9294444444444,181.10222222222222,L7
2016-07-17 10:06:06+00:00,472.79999999999995,553.1863636363637,175.47105263157894,188.0268181818182,192.86833333333334,515.032105263158,196.04,181.9157894736842,L8
2016-07-25 10:08:44+00:00,472.83826086956515,553.1863636363637,175.47105263157894,188.0268181818182,192.95846153846153,515.032105263158,196.04,181.9157894736842,L7
2016-08-01 10:14:32+00:00,473.01124999999996,553.964347826087,175.59099999999998,187.7608695652174,192.83999999999997,515.5205,195.6015,181.2965,L7
2016-08-02 10:05:45+00:00,472.9304,553.6441666666666,175.8190476190476,187.98666666666668,192.83999999999997,515.7890476190476,195.7342857142857,181.41333333333336,L8
2016-08-09 10:11:57+00:00,473.13038461538457,554.0936,175.6590909090909,187.74880000000002,192.83999999999997,515.3363636363637,195.6490909090909,181.43,L8
2016-08-10 10:08:45+00:00,473.1662962962963,554.2715384615384,175.5386956521739,187.53692307692307,192.86999999999998,515.3363636363637,195.62695652173915,181.25434782608698,L7
2016-08-17 10:14:32+00:00,471.5351851851852,554.6392307692307,176.36999999999998,188.51923076923077,192.94285714285712,514.2847826086957,195.65173913043478,181.45375,L7
2016-08-18 10:05:49+00:00,471.3310714285714,553.6333333333333,176.54958333333332,188.70296296296297,192.94285714285712,513.9316666666666,195.65173913043478,181.45375,L8
2016-08-25 10:12:03+00:00,471.66740740740744,553.7957692307692,176.95217391304348,189.34038461538464,192.0333333333333,511.9934782608696,195.5472727272727,182.23956521739132,L8
2016-08-26 10:08:48+00:00,471.26178571428574,553.0722222222222,176.95217391304348,189.52444444444444,192.86923076923074,511.9934782608696,195.5472727272727,182.23956521739132,L7
2016-09-02 10:14:36+00:00,470.02344827586205,553.2739285714285,177.15416666666667,189.65678571428572,192.86923076923074,511.0933333333333,195.5417391304348,182.62750000000003,L7
2016-09-03 10:05:56+00:00,470.046,552.9706896551725,177.29,189.8686206896552,192.86923076923074,510.30559999999997,195.73416666666665,183.2336,L8
2016-09-11 10:08:50+00:00,469.88793103448273,553.4807142857143,177.29,189.68964285714284,192.98538461538462,510.30559999999997,195.73416666666665,183.32791666666665,L7
2016-09-19 10:06:22+00:00,469.88800000000003,553.9499999999999,176.56423076923076,189.27793103448275,193.19642857142858,510.30559999999997,195.56799999999998,183.2352,L8
2016-09-27 10:08:53+00:00,470.0279310344827,554.2246428571428,176.3152,189.23607142857142,223.06857142857143,509.17346153846154,195.52291666666667,183.7430769230769,L7
2016-10-12 10:12:14+00:00,469.67551724137934,553.9892857142856,176.4848,189.47499999999997,249.08866666666665,508.6736,195.65291666666664,184.21461538461537,L8
2016-10-28 10:12:16+00:00,469.63571428571424,554.0366666666666,176.58791666666664,189.79148148148147,271.8975,508.71791666666667,195.5086956521739,184.14919999999998,L8
2016-10-29 10:08:49+00:00,469.63571428571424,553.4564285714285,176.83520000000001,190.06785714285715,292.0182352941177,508.0532,195.8733333333333,184.69423076923073,L7
2016-11-21 10:14:27+00:00,470.2269230769231,553.6034615384616,175.91826086956524,188.99461538461537,298.33562500000005,508.9731818181818,195.74409090909091,184.4230434782609,L7
2016-11-30 10:08:38+00:00,469.97,553.5336,175.95363636363638,189.3068,316.8776470588235,507.17499999999995,195.72142857142856,184.55954545454549,L7
2016-12-07 10:14:24+00:00,469.53,553.2312,175.74045454545455,189.6676,324.71437499999996,506.53428571428566,195.9215,185.23454545454544,L7
2016-12-08 10:06:02+00:00,469.3919230769231,552.8976923076923,175.94347826086957,189.94115384615387,341.7370588235294,505.89,196.16476190476192,185.85,L8
2016-12-15 10:12:11+00:00,468.7364,551.9124,176.42363636363635,190.6688,366.66470588235296,503.037619047619,196.68699999999998,187.17772727272725,L8
2016-12-24 10:05:58+00:00,467.9828,550.588,176.62318181818182,191.1372,391.4752941176471,502.85150000000004,197.58749999999998,189.8152380952381,L8
2016-12-31 10:12:08+00:00,467.3654166666667,550.45125,176.63136363636363,191.39041666666665,416.6805882352941,502.8615,197.733,189.9652380952381,L8
2017-01-01 10:08:25+00:00,467.01,549.938,177.65260869565216,191.2584,416.6805882352941,504.6119047619048,197.79809523809524,190.9381818181818,L7
2017-01-09 10:05:55+00:00,465.85041666666666,549.8779166666667,178.2022727272727,191.39166666666665,446.46733333333333,505.09380952380957,197.813,191.39045454545456,L8
2017-01-16 10:12:04+00:00,466.35666666666674,550.6899999999999,177.64636363636365,190.75041666666667,446.46733333333333,506.62428571428575,197.7075,190.12045454545452,L8
2017-02-10 10:06:05+00:00,464.27799999999996,548.6252380952382,178.28736842105263,192.14857142857144,517.8876923076923,504.8647368421053,198.76176470588234,192.9721052631579,L8
2017-02-26 10:05:36+00:00,465.915625,549.5161111111111,178.43117647058824,191.85444444444445,549.3930769230769,505.634705882353,199.12249999999997,193.89111111111112,L8
2017-03-13 10:14:05+00:00,467.83714285714285,549.6750000000001,178.288125,191.796875,578.7916666666666,506.144375,199.26266666666663,193.91647058823528,L7
2017-03-21 10:11:34+00:00,467.7785714285714,548.8937500000001,179.68937499999998,192.9275,613.6616666666667,505.2505882352941,199.686,194.76823529411766,L8
2017-03-29 10:14:09+00:00,467.6586666666666,548.6435294117647,179.78764705882352,193.11058823529413,613.5609090909091,505.87823529411764,199.63437499999998,194.86058823529413,L7
2017-03-30 10:05:19+00:00,467.55249999999995,548.2938888888889,180.0338888888889,193.54444444444445,613.5866666666667,505.82,199.7405882352941,195.0511111111111,L8
2017-04-07 10:08:25+00:00,467.4364705882353,548.0142105263158,180.15105263157895,193.95684210526318,613.62,505.7636842105263,199.70444444444445,195.10105263157894,L7
2017-04-14 10:14:15+00:00,467.48,548.0315789473684,179.83052631578948,193.94111111111113,613.6408333333333,506.59315789473686,199.61111111111111,194.24947368421053,L7
2017-04-15 10:05:11+00:00,467.4664705882353,548.2905000000001,180.025,193.88684210526316,613.4961538461538,506.56499999999994,199.50842105263158,194.186,L8
2017-04-22 10:11:17+00:00,467.03166666666664,548.5261904761905,180.1509523809524,194.0555,613.5442857142858,505.83761904761906,199.457,194.29809523809524,L8
2017-04-23 10:08:32+00:00,467.03166666666664,548.5261904761905,179.81227272727273,194.0555,612.5426666666666,505.7968181818182,198.95,194.39045454545456,L7
2017-04-30 10:14:21+00:00,467.09999999999997,549.03,179.6965,193.71055555555554,612.3199999999999,505.9271428571428,198.66631578947369,194.0895,L7
2017-05-17 10:05:35+00:00,466.1866666666667,548.7004999999999,179.90809523809526,194.38052631578947,612.4528571428572,505.25590909090903,198.84449999999998,194.29238095238094,L8
2017-05-24 10:11:27+00:00,466.3372222222222,549.057,180.60809523809525,194.75157894736844,612.428,504.5954545454546,198.53549999999998,194.24952380952382,L8
2017-06-01 10:14:28+00:00,466.3372222222222,549.057,180.60809523809525,194.75157894736844,612.3478571428572,505.68954545454545,198.53549999999998,194.24952380952382,L7
2017-06-02 10:05:45+00:00,466.02000000000004,548.8395238095238,180.66227272727272,194.95250000000001,612.4306666666668,505.0795652173913,198.56047619047618,194.39454545454547,L8
2017-06-18 10:05:51+00:00,466.0594117647058,549.0336842105263,181.2775,195.02555555555557,612.2535714285714,506.2831818181819,198.32399999999998,194.1365,L8
2017-06-26 10:08:47+00:00,465.81562499999995,550.7668421052631,181.43599999999998,194.8477777777778,612.3028571428571,505.5822727272727,197.5365,193.2615,L7
2017-07-03 10:14:34+00:00,466.35499999999996,551.8882352941175,180.42388888888888,195.05812500000002,612.1915384615385,503.90549999999996,197.1911111111111,190.25052631578947,L7
2017-07-04 10:05:31+00:00,466.44066666666663,551.5816666666666,180.40842105263158,195.1294117647059,612.2428571428571,503.3328571428571,197.26105263157893,190.539,L8
2017-07-11 10:11:43+00:00,466.98466666666667,551.6777777777777,180.20105263157896,195.05352941176469,612.2493333333333,502.12619047619046,197.27473684210526,190.56599999999997,L8
2017-07-12 10:08:48+00:00,467.339375,551.4910526315789,180.325,194.7783333333333,612.2725,502.27454545454543,197.3105,190.77904761904762,L7
2017-07-20 10:05:36+00:00,467.325,551.0657894736842,180.867,195.31944444444446,612.2429411764706,500.8640909090909,197.23499999999999,191.3685714285714,L8
2017-07-28 10:08:47+00:00,466.98764705882354,550.885,180.75761904761904,195.11473684210526,612.2429411764706,501.0908695652174,197.32714285714286,191.54181818181817,L7
2017-08-04 10:14:33+00:00,466.9522222222222,551.4385714285714,180.74863636363636,194.958,612.2429411764706,500.33125,197.1731818181818,191.24826086956523,L7
2017-08-05 10:05:43+00:00,466.88157894736844,551.1218181818182,180.75347826086957,194.9142857142857,612.2822222222222,500.5064,197.22391304347823,191.47208333333333,L8
2017-08-13 10:08:44+00:00,466.4942105263158,551.4850000000001,180.70478260869567,194.71190476190475,612.1327777777777,501.12,197.1765217391304,191.47625000000002,L7
2017-08-21 10:05:48+00:00,466.0995,551.2169565217392,180.86374999999998,194.76136363636363,612.1689473684211,501.26115384615383,197.24749999999997,191.66480000000004,L8
2017-08-28 10:12:01+00:00,466.3552380952381,551.8060869565218,180.71791666666664,194.35136363636363,612.1352631578948,501.24807692307695,197.03833333333333,190.8624,L8
2017-08-29 10:08:45+00:00,466.4018181818182,551.3937500000001,180.55759999999998,193.82217391304349,612.1352631578948,500.72333333333336,197.26199999999997,191.1115384615385,L7
2017-09-05 10:14:31+00:00,466.4018181818182,551.3937500000001,180.55759999999998,193.82217391304349,612.1352631578948,500.90857142857146,197.26199999999997,191.1115384615385,L7
2017-09-06 10:06:14+00:00,466.43782608695653,551.514,180.63807692307694,193.51250000000002,612.1925,500.6041379310345,197.3126923076923,190.96333333333334,L8
2017-09-13 10:12:01+00:00,466.68304347826086,552.1144,180.43307692307692,193.08708333333334,612.1925,501.8724137931034,197.13423076923075,190.2314814814815,L8
2017-09-14 10:08:43+00:00,466.86875000000003,551.9923076923077,180.2714814814815,192.9468,612.1925,501.8724137931034,197.22296296296298,190.39964285714285,L7
2017-09-22 10:05:54+00:00,466.5116666666667,551.6307692307693,180.32888888888888,192.9016,612.1245,502.35137931034484,197.23814814814816,190.43607142857144,L8
2017-09-29 10:12:08+00:00,466.78043478260867,552.5904,180.13423076923075,192.3075,612.042,502.74535714285713,196.96807692307692,189.65666666666664,L8
2017-10-07 10:14:31+00:00,466.79,553.456,180.04919999999998,191.78333333333333,611.9378947368422,502.6711111111111,196.8832,189.41269230769228,L7
2017-10-08 10:06:24+00:00,466.2629166666666,553.095,180.19153846153844,191.88440000000003,611.9555,502.7485714285714,196.97692307692307,189.64999999999998,L8
2017-10-15 10:12:12+00:00,465.79041666666666,553.0768,180.5032,192.00800000000004,612.071,502.045925925926,197.05079999999998,190.19884615384615,L8
2017-10-16 10:08:46+00:00,465.79159999999996,553.0768,180.5032,192.00800000000004,612.1614285714286,502.1471428571429,197.05079999999998,190.19884615384615,L7
2017-10-24 10:06:02+00:00,466.17199999999997,553.2724,180.71541666666667,191.52560000000003,612.7736842105263,503.51444444444445,197.38625,189.3696,L8
2017-10-31 10:12:13+00:00,466.15923076923076,553.3373076923077,180.7364,191.52807692307695,612.734,503.95074074074074,197.3964,189.48961538461538,L8
2017-11-01 10:08:46+00:00,466.1381481481481,553.054074074074,180.77923076923074,191.63666666666668,612.734,503.2871428571429,197.47076923076924,189.7585185185185,L7
2017-11-08 10:14:32+00:00,466.4617857142857,553.3446428571428,180.2725925925926,191.09464285714287,612.734,504.4565517241379,197.37185185185186,189.20142857142858,L7
2017-11-16 10:12:09+00:00,466.5128571428572,553.2471428571429,180.432962962963,190.77535714285713,612.667,504.9334482758621,197.38703703703703,189.21035714285713,L8
2017-11-17 10:08:43+00:00,466.1596551724138,552.9731034482759,180.49964285714287,191.02172413793105,612.6833333333334,504.975,197.43178571428572,189.4313793103448,L7
2017-11-24 10:14:27+00:00,465.8057142857143,552.7028571428572,180.51814814814819,191.13000000000002,612.7135000000001,504.0203333333333,197.61222222222221,189.40482758620692,L7
2017-12-03 10:08:36+00:00,466.1417857142857,552.6439285714285,180.17962962962963,190.4739285714286,612.6673684210526,504.37142857142857,197.58074074074077,189.13,L7
2018-01-20 10:08:01+00:00,465.1091666666667,552.0321739130435,180.0266666666667,189.77739130434784,612.7500000000001,504.6827272727273,198.17545454545453,189.89869565217393,L7
2018-01-27 10:13:41+00:00,465.61083333333335,552.3586956521739,179.91285714285715,189.2673913043478,612.6657142857142,504.65090909090907,198.14272727272726,189.26391304347825,L7
2018-01-28 10:05:39+00:00,465.6608,551.9854166666667,180.09363636363636,189.62875,612.7066666666667,504.6747826086957,198.31434782608693,189.60583333333332,L8
2018-02-04 10:11:47+00:00,465.8554166666666,552.0695652173913,179.80523809523808,188.90217391304347,612.7113333333333,506.3913636363637,198.49545454545458,189.12521739130435,L8
2018-02-05 10:07:45+00:00,465.71,551.8495833333333,179.465,188.58041666666665,612.7113333333333,507.25565217391306,198.52173913043478,189.33041666666668,L7
2018-02-21 10:07:35+00:00,466.61791666666664,551.8304347826087,179.10750000000002,188.26173913043476,612.7984615384617,506.74476190476196,198.51190476190476,188.69863636363635,L7
2018-03-09 10:07:24+00:00,466.32142857142856,552.0933333333334,179.3072222222222,189.1547619047619,613.1891666666667,507.34277777777777,198.37333333333333,188.926,L7
2018-03-17 10:05:17+00:00,465.8415,551.0285,179.83882352941174,189.1535,613.1776923076923,506.4794444444444,198.67882352941174,189.17,L8
2018-04-02 10:05:34+00:00,466.07157894736844,550.3373684210526,179.871875,188.88105263157894,613.3483333333334,505.7858823529412,199.08937499999996,189.30888888888887,L8
2018-04-09 10:11:17+00:00,467.5472222222222,549.6277777777777,179.041875,187.88555555555556,613.4445454545455,506.7364705882353,199.484375,188.63,L8
2018-04-17 10:12:37+00:00,468.8688235294117,550.2405555555556,178.90312500000002,187.38277777777776,613.3166666666667,506.98333333333335,199.22062499999998,188.17294117647057,L7
2018-04-18 10:05:25+00:00,469.07111111111107,549.8521052631578,179.08411764705883,187.78684210526316,613.316,506.05125,199.2135294117647,188.63888888888889,L8
2018-04-25 10:11:08+00:00,468.8927777777778,549.1942105263158,179.41176470588235,188.47315789473683,613.3972727272727,503.583125,199.40176470588233,189.50333333333336,L8
2018-05-03 10:12:20+00:00,467.30411764705883,549.3222222222223,179.12733333333333,187.9376470588235,613.4345454545454,506.008,199.15937499999998,188.37235294117647,L7
2018-05-11 10:10:58+00:00,467.5070588235294,548.9816666666667,180.04866666666666,188.57235294117646,613.4345454545454,504.91200000000003,199.30999999999997,188.93823529411767,L8
2018-05-12 10:06:23+00:00,467.56444444444446,548.577894736842,180.10875,188.79388888888892,613.4345454545454,504.954375,199.6211764705882,189.41055555555556,L7
2018-05-19 10:12:04+00:00,469.2375,549.2923529411764,179.355,187.67937500000002,613.5477777777778,506.3366666666667,199.48533333333333,188.448125,L7
2018-05-20 10:05:05+00:00,469.0958823529412,549.0177777777777,179.49800000000002,188.18529411764706,613.521,505.41625,199.466875,188.90823529411765,L8
2018-06-05 10:04:30+00:00,468.87882352941176,549.1033333333334,180.1966666666667,188.62529411764706,613.3690909090909,507.1475,199.61249999999998,189.3725,L8
2018-06-20 10:11:31+00:00,468.8088888888889,550.2084210526315,180.138125,188.98777777777778,613.3690909090909,507.1475,199.06823529411764,188.77705882352942,L7
2018-06-21 10:05:05+00:00,468.81052631578945,549.848,180.20882352941177,189.4378947368421,613.4116666666667,506.2358823529412,199.1322222222222,189.33,L8
2018-06-28 10:10:57+00:00,469.07550000000003,550.2595238095238,179.57833333333335,189.5795,613.3492307692308,506.17499999999995,198.83,189.03894736842105,L8
2018-06-29 10:05:34+00:00,469.07550000000003,550.2595238095238,179.57833333333335,189.5795,613.3492307692308,506.1468421052631,198.83,189.03894736842105,L7
2018-07-06 10:11:12+00:00,469.07550000000003,550.2595238095238,179.57833333333335,189.5795,613.3492307692308,506.1468421052631,198.83,187.974,L7
2018-07-07 10:04:50+00:00,469.2709523809524,550.3663636363636,179.6642105263158,189.58285714285716,613.2700000000001,506.1094999999999,198.7745,188.25333333333333,L8
2018-07-14 10:11:04+00:00,469.9540909090909,550.3663636363636,179.1835,189.095,613.2700000000001,507.24666666666667,198.7745,188.25333333333333,L8
2018-07-23 10:05:21+00:00,468.67727272727274,550.3468181818182,179.23380952380953,189.6931818181818,613.2700000000001,507.8445454545454,198.7475,188.71142857142857,L8
2018-07-30 10:11:11+00:00,468.73904761904765,550.7428571428571,179.2465,189.86333333333334,613.3515384615384,507.99333333333334,198.44052631578947,188.86499999999998,L8
2018-07-31 10:04:59+00:00,468.73904761904765,550.7428571428571,179.2465,189.86333333333334,613.4285714285714,506.73409090909087,198.44052631578947,188.86499999999998,L7
2018-08-07 10:10:38+00:00,468.471,550.5150000000001,179.8522222222222,191.06750000000002,583.6907142857143,505.061,198.4305882352941,189.02777777777777,L7
2018-08-15 10:11:21+00:00,468.73857142857145,550.9047619047619,179.50421052631577,190.52333333333334,557.626,505.061,198.28277777777777,188.3178947368421,L8
2018-09-08 10:09:59+00:00,468.69,550.6835,179.3384210526316,190.33,529.5293333333334,506.3463157894737,198.23052631578946,187.4936842105263,L7
2018-09-24 10:09:37+00:00,468.88571428571424,551.4095,178.59368421052633,189.9605,501.624,506.3905555555556,197.9557894736842,187.16736842105263,L7
2018-10-02 10:11:40+00:00,469.23904761904765,552.9765,177.47526315789474,189.287,473.2873333333333,507.2594117647059,197.26631578947365,186.43842105263158,L8
2018-10-03 10:03:37+00:00,468.6809090909091,552.4338095238096,177.8115,189.6457142857143,456.21187499999996,507.2594117647059,197.3455,186.43842105263158,L7
2018-10-11 10:05:57+00:00,468.25909090909084,552.5209523809524,178.3875,190.2557142857143,456.21187499999996,506.3352941176471,197.02849999999998,187.0105263157895,L8
2018-10-19 10:03:14+00:00,467.62699999999995,552.4373684210527,178.10277777777776,190.17684210526318,445.7386666666667,507.12176470588236,197.02944444444444,186.48,L7
2018-11-04 10:02:53+00:00,469.6178947368421,551.815,178.1288888888889,189.90157894736842,419.96,506.92375000000004,197.17999999999998,187.01411764705884,L7
2018-11-28 10:06:03+00:00,468.6705882352941,552.07375,177.76812500000003,189.29705882352943,388.38307692307694,507.5323076923077,196.81066666666663,186.552,L8
2018-12-21 10:11:47+00:00,470.12600000000003,552.1971428571429,176.06714285714287,187.33399999999997,334.4291666666667,509.1554545454546,196.6607692307692,185.2730769230769,L8
2018-12-22 10:01:39+00:00,470.12600000000003,552.4346666666667,176.06714285714287,187.33399999999997,334.4291666666667,514.1183333333333,196.96714285714282,184.91571428571427,L7
2019-01-07 10:01:10+00:00,468.1828571428572,550.3892857142857,177.57538461538462,187.36499999999998,273.3381818181818,517.0266666666666,198.2730769230769,185.7672727272727,L7
2019-01-15 10:05:34+00:00,466.8492857142857,549.8866666666668,177.73692307692306,187.59857142857143,267.26416666666665,517.7888888888889,198.49714285714282,185.48083333333332,L8
2019-02-07 10:11:40+00:00,469.2275,548.6192307692307,177.82333333333335,186.92916666666667,198.15666666666667,520.7271428571429,198.98692307692306,185.9918181818182,L8
2019-02-15 10:05:44+00:00,468.69000000000005,546.8376923076924,179.20749999999998,188.48833333333334,198.83625,517.07875,199.44,188.21272727272728,L7
2019-02-16 10:05:52+00:00,467.22999999999996,546.0857142857143,180.24076923076925,189.79,198.83625,515.7322222222223,199.44,189.3375,L8
2019-02-23 10:11:37+00:00,467.4707142857143,546.572,180.30142857142854,190.21857142857144,198.83625,513.3109999999999,199.42357142857142,189.83923076923077,L8
2019-02-24 09:59:41+00:00,467.3626666666667,546.2025,180.30142857142854,190.66066666666666,199.01666666666665,513.3109999999999,199.42357142857142,189.83923076923077,L7
2019-03-03 10:05:15+00:00,467.3626666666667,546.2025,179.20466666666667,190.66066666666666,199.01666666666665,514.2045454545455,198.868,189.61214285714286,L7
2019-03-04 10:05:48+00:00,467.90875,546.5823529411764,179.366875,190.08,199.01666666666665,514.7366666666667,198.731875,189.05266666666665,L8
2019-03-12 09:59:10+00:00,467.746875,546.2270588235293,179.1025,189.84,199.06444444444443,514.0815384615385,198.76375000000002,189.6713333333333,L7
2019-03-20 10:05:43+00:00,467.84,546.1083333333332,179.22,190.23823529411766,240.619,512.4521428571428,198.84764705882353,190.19875,L8
2019-03-27 10:11:28+00:00,467.425294117647,545.1355555555556,180.1635294117647,191.36882352941177,282.54499999999996,511.95799999999997,199.15941176470588,191.15375,L8
2019-03-28 09:58:38+00:00,466.6355555555556,544.9057894736843,180.255,191.65666666666667,312.7218181818182,510.66875,199.25277777777777,191.71,L7
2019-04-13 09:58:04+00:00,466.39187499999997,542.9394117647058,181.105625,192.92624999999998,366.293,511.63625,200.36249999999998,192.66000000000003,L7
2019-04-21 10:05:33+00:00,466.72117647058826,543.5533333333333,180.80352941176469,192.59882352941176,366.293,511.66437499999995,200.1964705882353,192.11823529411765,L8
2019-04-29 09:57:29+00:00,466.72117647058826,543.5533333333333,180.80352941176469,192.59882352941176,366.293,513.1323529411765,200.1964705882353,192.11823529411765,L7
2019-05-06 10:03:00+00:00,466.9758823529412,545.0088888888889,179.7129411764706,191.60352941176473,366.293,513.6275,198.98176470588234,190.10000000000002,L7
2019-05-07 10:05:37+00:00,466.60555555555555,544.8457894736842,180.01055555555556,191.76777777777778,388.65090909090907,513.1370588235294,199.12666666666667,190.49611111111113,L8
2019-05-14 10:11:29+00:00,466.97,545.3799999999999,180.1184210526316,191.73000000000002,407.3183333333333,512.7327777777778,198.9673684210526,190.2215789473684,L8
2019-05-22 10:02:22+00:00,467.718,546.3395238095238,179.797,191.149,423.02923076923076,512.3594736842106,198.558,189.507,L7
2019-05-23 10:05:23+00:00,467.41,546.3127272727272,180.03714285714284,191.40952380952382,436.6278571428571,511.9895,198.53047619047615,189.8347619047619,L8
2019-05-30 10:11:38+00:00,467.8465,546.5547619047619,179.3995238095238,191.67950000000002,454.61615384615385,510.9336842105263,198.402,189.5,L8
2019-05-31 09:56:16+00:00,467.8465,546.5547619047619,179.3995238095238,191.67950000000002,464.90785714285715,510.649,198.402,189.96761904761902,L7
2019-06-15 10:11:44+00:00,468.7966666666666,546.5547619047619,179.3995238095238,191.67950000000002,464.90785714285715,510.649,198.402,189.96761904761902,L8
2019-06-16 09:55:42+00:00,468.7966666666666,546.5547619047619,179.3995238095238,191.67950000000002,464.90785714285715,510.40761904761905,198.402,189.96761904761902,L7
2019-06-24 10:06:00+00:00,467.97523809523807,546.295,180.04666666666668,192.61700000000002,495.0628571428571,507.3842857142857,198.25052631578947,190.6305,L8
2019-07-01 10:11:49+00:00,467.86999999999995,546.8133333333333,180.08636363636364,192.65190476190477,502.96200000000005,507.31454545454545,198.0695,190.6238095238095,L8
2019-07-02 09:55:06+00:00,467.7704347826087,546.5736363636364,180.05260869565217,192.7927272727273,483.845625,507.31454545454545,198.02476190476187,190.6238095238095,L7
2019-07-10 10:06:04+00:00,469.26130434782607,548.3495454545454,178.79608695652172,191.9790909090909,482.15625,508.58608695652174,197.06380952380954,189.65681818181818,L8
2019-07-17 10:11:52+00:00,470.03043478260867,549.3818181818182,178.84000000000003,191.91727272727275,481.414375,507.2582608695652,196.5690476190476,189.24227272727273,L8
2019-07-18 09:54:29+00:00,469.9816666666666,548.4378260869565,178.625,191.5586956521739,464.5976470588235,507.82708333333335,196.5690476190476,189.24227272727273,L7
2019-07-26 10:06:09+00:00,469.82120000000003,548.2599999999999,178.672,191.7733333333333,464.5976470588235,507.18,196.66772727272726,189.62739130434784,L8
2019-08-03 09:53:50+00:00,468.37884615384615,548.1684,178.86615384615385,191.77919999999997,464.5976470588235,507.0930769230769,196.7891304347826,189.85666666666668,L7
2019-08-10 09:59:20+00:00,468.15769230769234,548.5904,178.79653846153846,191.8588,449.735,507.71520000000004,196.64391304347825,189.84249999999997,L7
2019-08-11 10:06:15+00:00,468.1111111111111,548.8511538461538,178.88555555555556,191.83730769230772,449.735,507.62038461538464,196.6483333333333,189.6564,L8
2019-08-18 10:12:04+00:00,468.6265384615385,549.8851999999999,178.07692307692307,191.1372,449.735,508.25320000000005,196.53916666666666,189.00541666666666,L8
2019-08-19 09:53:10+00:00,468.6265384615385,549.8851999999999,178.07692307692307,191.1372,449.735,507.10269230769234,196.53916666666666,189.00541666666666,L7
2019-08-26 09:58:39+00:00,468.68559999999997,549.8704166666666,177.92307692307693,190.64583333333334,449.61555555555555,507.64846153846156,196.53791666666666,189.00916666666663,L7
2019-09-03 10:12:07+00:00,468.69399999999996,550.2870833333334,178.0848,190.48583333333332,436.2163157894737,507.65840000000003,196.68217391304347,188.83304347826086,L8
2019-09-04 09:52:29+00:00,468.5853846153846,550.2236,178.17000000000002,190.49399999999997,424.3035,507.5815384615385,196.84333333333333,189.11166666666665,L7
2019-09-12 10:05:59+00:00,468.1392307692308,550.3372,178.415,190.5528,436.3205263157895,507.5280769230769,196.97791666666663,189.36833333333334,L8
2019-09-20 09:51:46+00:00,468.00961538461536,550.5975,178.3076,190.30041666666668,414.538947368421,508.17839999999995,196.8382608695652,188.98826086956524,L7
2019-09-27 09:57:15+00:00,468.5952,553.0699999999999,177.90826086956523,189.64434782608697,380.2372222222222,509.04739130434785,195.52499999999998,188.10857142857145,L7
2019-10-05 10:12:17+00:00,468.70038461538456,553.3116666666666,177.79333333333332,189.17208333333335,370.55315789473684,509.04739130434785,195.60217391304346,187.47681818181817,L8
2019-10-14 10:06:07+00:00,468.4465384615384,553.9625,177.84083333333334,188.82666666666668,357.13222222222225,508.3717391304348,195.22826086956522,187.14454545454547,L8
2019-10-30 10:06:31+00:00,467.62923076923073,553.3370833333333,178.23583333333332,189.26541666666665,357.13222222222225,507.05954545454546,195.46173913043478,187.88272727272727,L8
2019-11-06 10:12:17+00:00,468.49519999999995,554.2713043478261,177.52,188.7608695652174,333.24055555555555,507.1438095238095,195.89181818181817,187.66380952380953,L8
2019-11-14 09:55:11+00:00,468.64439999999996,554.5886956521739,177.31363636363636,188.12739130434784,309.74111111111114,507.20799999999997,195.8819047619048,187.78300000000002,L7
2019-11-30 09:54:25+00:00,468.28416666666664,554.1168181818182,177.905,188.14636363636362,246.97875,508.28944444444437,196.254,187.94222222222223,L7
2019-12-01 10:06:03+00:00,467.88679999999994,553.4047826086957,178.2052380952381,188.2082608695652,246.97875,508.14,196.5790476190476,188.47894736842107,L8
2019-12-09 09:48:11+00:00,467.93423076923074,552.8245833333334,177.9859090909091,187.80624999999998,244.25764705882352,508.14,197.0118181818182,188.76000000000002,L7
2019-12-25 09:47:22+00:00,467.0496,552.105,177.9090909090909,187.54958333333332,219.95823529411766,508.4623529411765,197.25454545454542,189.242,L7
2020-01-01 09:52:47+00:00,467.17391304347825,552.3545454545455,177.72095238095238,186.91318181818178,195.24266666666665,508.5282352941176,197.392,188.828,L7
2020-01-09 10:12:06+00:00,466.6039130434783,551.2395454545455,178.67285714285714,187.83,195.51857142857142,506.6635294117647,197.855,190.18300000000002,L8
2020-01-10 09:46:33+00:00,465.3216666666667,551.2395454545455,179.54590909090908,188.61304347826083,196.26933333333332,506.6635294117647,197.63095238095238,190.18300000000002,L7
2020-01-17 09:51:59+00:00,464.61608695652177,551.2928571428571,180.1585,189.44636363636363,196.81714285714287,505.7373333333334,197.9615,191.0763157894737,L7
2020-01-18 10:06:18+00:00,464.75458333333336,551.0436363636363,179.72380952380954,189.12608695652173,196.91866666666664,505.7373333333334,198.04714285714286,190.5505,L8
2020-01-25 10:12:02+00:00,465.0220833333333,551.6209090909092,179.8109523809524,189.01521739130436,196.91866666666664,505.72,198.04476190476188,190.4425,L8
2020-01-26 09:45:46+00:00,465.0220833333333,551.6209090909092,179.8109523809524,189.01521739130436,196.91866666666664,504.29625,198.04476190476188,190.58809523809524,L7
2020-02-11 09:44:57+00:00,466.6995454545455,550.8570000000001,179.58526315789473,188.17761904761906,197.20333333333335,504.1835714285714,198.34684210526314,190.1636842105263,L7
2020-02-18 09:50:22+00:00,467.5181818181818,550.751,179.4188888888889,187.42666666666668,196.66500000000002,506.2941666666666,198.3083333333333,189.8172222222222,L7
2020-02-19 10:06:09+00:00,467.4778260869565,551.74,178.43052631578948,187.14227272727274,196.71823529411765,506.2941666666666,198.2078947368421,188.86368421052632,L8
2020-02-27 09:44:06+00:00,467.6504347826087,551.7104761904762,178.505,186.805,196.5235294117647,506.3472727272727,198.1538888888889,188.47,L7
2020-03-13 10:11:47+00:00,467.7471428571429,551.6700000000001,178.801875,186.9425,222.521875,501.3933333333333,198.042,188.32266666666666,L8
2020-03-29 10:11:38+00:00,468.0505,549.1572222222222,179.04882352941175,187.264,251.774,500.446,199.64466666666667,188.885625,L8
2020-03-30 09:42:21+00:00,468.0505,550.142105263158,179.05055555555555,187.1861904761905,251.774,499.8190909090909,199.175,189.24941176470588,L7
2020-04-07 10:05:23+00:00,467.562,549.3268421052632,179.59888888888887,188.06380952380954,279.62,499.14916666666664,199.395625,190.66411764705882,L8
2020-04-14 10:11:31+00:00,468.02200000000005,548.9726315789474,179.44611111111112,187.9952380952381,300.41,499.15916666666664,199.389375,190.9194117647059,L8
2020-04-15 09:41:26+00:00,468.1776190476191,549.1485,179.5542105263158,188.3181818181818,318.7841176470588,498.63615384615383,199.38,191.15833333333333,L7
2020-04-23 10:05:16+00:00,468.1776190476191,549.1485,179.71200000000002,188.3181818181818,334.92055555555555,498.8778571428571,199.38,191.15833333333333,L8
2020-05-25 10:05:11+00:00,467.10526315789474,547.2894444444444,180.68894736842103,189.8145,368.7994117647059,498.86357142857145,199.52874999999997,192.1441176470588,L8
2020-06-01 10:11:25+00:00,468.10999999999996,548.4405882352941,180.22555555555556,190.02052631578945,379.35,498.3276923076923,198.96133333333333,190.93374999999997,L8
2020-06-17 10:11:35+00:00,469.0788888888889,550.0758823529411,179.76722222222222,189.77526315789473,391.25866666666667,500.26000000000005,198.2553333333333,191.086875,L8
2020-06-18 09:37:37+00:00,469.0042105263158,549.6194444444444,179.81421052631578,189.92649999999998,405.041875,500.64933333333335,198.37749999999997,191.1529411764706,L7
2020-06-25 09:42:59+00:00,469.5915789473684,550.5433333333334,179.7057894736842,189.9845,418.77933333333334,501.90125,197.98125,190.79705882352943,L7
2020-06-26 10:05:52+00:00,469.4635,550.6915789473684,179.637,190.08666666666667,430.87875,502.13058823529406,197.92176470588234,191.04166666666666,L8
2020-07-03 10:11:43+00:00,470.3319047619048,551.788,178.976,189.23318181818183,416.5358823529412,503.2158823529412,197.39055555555555,190.2938888888889,L8
2020-07-04 09:36:39+00:00,470.5886363636364,551.632380952381,178.62761904761905,188.7104347826087,404.1588888888889,503.2158823529412,197.39210526315787,189.45894736842106,L7
2020-07-11 09:42:01+00:00,472.7895238095238,551.9855,177.2947368421053,187.48619047619047,402.8122222222222,503.113125,197.4764705882353,189.07055555555556,L7
2020-07-12 10:05:35+00:00,472.4531818181818,551.9855,177.2947368421053,187.48619047619047,392.0378947368421,503.113125,197.4764705882353,189.07055555555556,L8
2020-07-20 09:35:41+00:00,472.59666666666664,552.4652631578947,177.76473684210524,187.68599999999998,402.8161111111111,502.49529411764706,197.4935294117647,189.91722222222222,L7
2020-07-27 09:41:02+00:00,472.60699999999997,552.2205555555555,177.54999999999998,187.34526315789472,402.8161111111111,502.7475,197.41875,188.98882352941177,L7
2020-07-28 10:06:04+00:00,472.3457142857143,551.8268421052632,177.72105263157894,187.78050000000002,402.8161111111111,502.8788235294118,197.50176470588235,189.39833333333334,L8
2020-08-04 10:11:52+00:00,473.01,551.8268421052632,176.6265,187.03428571428572,391.4684210526316,502.8788235294118,197.50176470588235,189.39833333333334,L8
2020-08-05 09:34:41+00:00,473.06608695652176,551.6,176.6265,186.86636363636364,381.6195,502.8788235294118,197.50176470588235,189.39833333333334,L7
2020-08-12 09:40:01+00:00,473.12454545454545,552.3247368421053,176.2473684210526,186.90428571428572,391.1078947368421,502.1122222222223,197.153125,189.53176470588238,L7
2020-08-13 10:06:07+00:00,472.8165217391304,552.4469999999999,176.4625,187.12681818181818,391.1078947368421,502.2631578947368,197.1564705882353,189.69944444444445,L8
2020-08-20 10:11:58+00:00,472.61136363636365,551.8336842105264,177.473,188.09476190476192,414.4052941176471,501.7375,197.25117647058823,191.05055555555555,L8
2020-08-21 09:33:40+00:00,472.45565217391305,552.3214999999999,177.59,188.22409090909093,402.2261111111111,502.6347619047619,197.1888888888889,190.53052631578947,L7
2020-08-28 09:38:59+00:00,472.4669565217391,551.796,177.59,188.57954545454547,401.96444444444444,502.6347619047619,197.1888888888889,190.53052631578947,L7
2020-08-29 10:05:52+00:00,472.44541666666663,551.8561904761906,177.59,188.58739130434785,401.96444444444444,502.2445454545455,197.1888888888889,190.4595,L8
2020-09-05 10:12:06+00:00,472.18399999999997,551.5809090909091,177.78954545454545,188.88583333333335,401.96444444444444,501.77608695652174,197.35526315789474,190.78285714285715,L8
2020-09-06 09:32:37+00:00,471.7803846153846,551.1652173913044,177.93608695652173,189.0752,391.38894736842104,501.36083333333335,197.394,191.08954545454546,L7
2020-09-13 09:37:56+00:00,471.705,551.30625,177.73869565217393,189.1984,369.5794736842105,501.8747826086956,197.44904761904763,191.23739130434782,L7
2020-09-14 10:05:58+00:00,471.5755555555555,551.0096,177.87250000000003,189.485,369.5794736842105,501.44499999999994,197.5481818181818,191.48916666666665,L8
2020-09-21 10:12:11+00:00,471.70642857142855,551.105,177.7644,189.35777777777778,369.5794736842105,501.5936,197.59391304347827,191.37919999999997,L8
2020-09-29 09:36:54+00:00,471.82178571428574,551.0576,177.13458333333335,188.94576923076923,347.4578947368421,502.3639130434783,197.66136363636363,190.36583333333337,L7
2020-09-30 10:06:26+00:00,471.00172413793103,550.8596153846154,177.3656,189.70222222222222,347.4578947368421,502.48625,197.72173913043477,190.50760000000002,L8
2020-10-08 09:30:33+00:00,471.2096551724138,550.9634615384615,177.1816,189.38888888888889,332.65388888888884,503.0925,197.6017391304348,189.7432,L7
2020-11-01 10:06:03+00:00,470.6089285714285,550.7844,176.90304347826086,189.48115384615386,276.9,503.5981818181818,197.71363636363637,189.64624999999998,L8
2020-12-02 09:32:34+00:00,469.967037037037,550.6783333333334,175.44727272727275,189.01583333333335,252.90214285714282,502.679,197.639,189.5272727272727,L7
2020-12-10 10:12:16+00:00,470.20392857142855,551.5476,174.51478260869567,188.34720000000002,248.996,502.679,197.46476190476193,188.76304347826087,L8
2021-01-11 10:12:07+00:00,467.61857142857144,552.0374999999999,175.525,188.994,194.344,498.0133333333334,195.949375,190.04117647058825,L8
2021-01-19 09:29:06+00:00,467.55000000000007,552.3599999999999,175.35388888888892,188.75050000000002,236.657,497.932,195.676,190.00764705882352,L7
2021-01-20 10:05:53+00:00,467.4790909090909,551.7419047619047,175.77526315789473,189.24904761904762,270.9645454545455,498.38125,196.10437499999998,190.6016666666667,L8
2021-02-20 09:26:45+00:00,463.77176470588233,551.6876470588236,176.32933333333332,189.215625,335.5622222222222,497.8172727272728,195.85384615384615,191.20000000000002,L7
2021-02-21 10:05:46+00:00,464.1233333333333,550.9277777777778,176.943125,189.74235294117648,363.61,498.385,196.33571428571426,191.75666666666666,L8
2021-02-28 10:11:54+00:00,463.19470588235293,551.5629411764705,177.24764705882353,190.18125,405.98199999999997,499.2866666666667,196.51666666666668,192.24200000000002,L8
2021-03-01 09:20:16+00:00,463.59722222222223,550.7838888888888,177.4277777777778,190.46588235294118,405.98199999999997,500.9492307692308,197.03687499999998,192.51624999999999,L7
2021-03-16 10:11:45+00:00,465.23466666666667,553.004,175.25133333333332,187.95071428571427,457.59124999999995,508.2063636363637,196.2023076923077,189.3846153846154,L8
2021-03-24 09:24:14+00:00,464.996,552.3906666666667,175.73333333333332,188.8042857142857,457.59124999999995,506.86909090909097,196.56769230769228,190.0976923076923,L7
2021-03-25 10:05:32+00:00,464.765625,551.50625,176.34,189.54466666666667,475.10333333333335,505.5783333333334,196.9878571428571,190.8785714285714,L8
2021-04-01 10:11:41+00:00,465.6213333333333,550.8786666666667,176.84866666666665,189.36999999999998,522.04,504.42249999999996,197.23153846153843,192.23153846153843,L8
2021-04-02 09:17:43+00:00,466.158125,550.281875,177.078125,189.8033333333333,522.04,504.42249999999996,197.44642857142858,192.59071428571428,L7
2021-04-25 09:21:33+00:00,466.03875000000005,550.099375,177.08,190.53933333333333,522.04,504.2490909090909,197.55642857142857,193.62461538461537,L7
2021-05-03 10:11:26+00:00,466.965625,550.66875,176.85625,189.77866666666665,530.982,503.0872727272727,197.32214285714284,192.71846153846153,L8
2021-05-12 10:05:41+00:00,468.2817647058823,551.9323529411765,175.92411764705884,188.65812499999998,530.982,505.8775,196.87666666666664,191.20714285714283,L8
2021-05-19 10:11:33+00:00,469.07500000000005,552.593888888889,175.61666666666667,188.0176470588235,530.982,508.3223076923077,196.545,189.87266666666665,L8
2021-06-04 10:11:41+00:00,470.84666666666664,553.3255555555556,176.59666666666666,187.94944444444445,538.3027272727272,509.23071428571427,196.2676470588235,189.33749999999998,L8
2021-06-12 09:17:32+00:00,470.5338888888889,551.9733333333334,178.0338888888889,188.98277777777778,572.702,509.23071428571427,196.4341176470588,190.49666666666664,L7
2021-06-13 10:05:57+00:00,470.4936842105264,551.4542105263158,178.16684210526316,189.37526315789475,576.470909090909,508.0346666666666,196.6111111111111,190.978125,L8
2021-06-28 09:16:13+00:00,471.108,552.3765000000001,177.99849999999998,189.3245,544.2883333333333,508.0346666666666,196.31473684210525,190.34941176470588,L7
2021-07-06 10:11:49+00:00,471.8561904761905,553.0552380952381,177.61619047619047,189.05380952380952,517.093076923077,508.811875,196.05849999999998,189.75777777777776,L8
2021-07-14 09:14:52+00:00,473.1528571428572,551.9742857142857,176.51666666666665,189.07761904761904,516.6415384615385,508.98058823529414,197.31099999999998,188.07736842105265,L7
2021-07-15 10:06:02+00:00,473.0345454545455,552.3295454545455,176.54545454545453,189.04954545454547,493.79857142857145,509.75388888888887,197.2233333333333,187.34449999999998,L8
2021-07-22 10:11:53+00:00,473.42952380952386,553.13,176.14333333333335,188.7095238095238,473.3491666666667,510.85470588235285,196.84761904761902,186.5378947368421,L8
2021-07-23 09:08:18+00:00,473.10318181818184,552.6677272727273,176.3868181818182,189.24863636363636,452.08076923076925,510.85470588235285,196.8640909090909,187.007,L7
2021-07-30 09:13:29+00:00,472.95652173913044,552.7378260869566,176.6408695652174,189.48565217391305,461.4478571428572,509.7294444444444,196.8960869565217,187.45619047619047,L7
2021-07-31 10:06:11+00:00,472.87833333333333,552.8129166666666,176.74333333333334,189.50041666666667,471.5066666666667,509.46526315789475,196.89,187.2231818181818,L8
2021-08-07 10:12:01+00:00,472.7608,552.9008,176.7504,189.5636,480.28125,509.267,196.92399999999998,187.55434782608697,L8
2021-08-08 09:06:54+00:00,472.3865384615384,552.4665384615384,176.99807692307692,189.68653846153848,488.0770588235295,509.13142857142856,197.19846153846154,187.97624999999996,L7
2021-08-15 09:12:03+00:00,472.3865384615384,552.4665384615384,176.99807692307692,189.68653846153848,494.5594444444444,508.98954545454546,197.19846153846154,187.97624999999996,L7
2021-08-24 09:05:30+00:00,473.59920000000005,553.0208,176.4512,189.8892,487.1347058823529,509.3333333333333,197.0812,187.57695652173916,L7
2021-09-16 09:09:16+00:00,473.1109090909091,553.8291304347825,176.8090909090909,190.06181818181815,479.205,506.95157894736843,196.61565217391305,187.19380952380953,L7
2021-09-24 10:12:13+00:00,473.7709523809524,555.215,175.9204761904762,188.81714285714284,470.13866666666667,509.50722222222225,195.9386363636364,185.57350000000002,L8
2021-10-03 10:06:06+00:00,473.745,555.8547619047619,175.56599999999997,188.394,470.07533333333333,509.46500000000003,195.7042857142857,185.0036842105263,L8
2021-10-10 10:12:19+00:00,473.35523809523806,555.7068181818181,175.81619047619046,188.76714285714286,479.039375,508.50157894736844,195.86090909090908,185.5625,L8
2021-10-18 09:06:25+00:00,474.2586363636364,555.2469565217391,176.15954545454545,188.92136363636365,487.00294117647064,507.6725,195.83695652173913,186.12761904761905,L7
2021-10-19 10:06:10+00:00,473.5230434782609,554.7616666666667,176.38565217391303,189.23695652173913,494.0577777777778,506.88952380952384,195.99666666666667,186.65772727272724,L8
2021-10-27 08:59:49+00:00,473.87954545454545,555.2660869565217,176.2009090909091,188.77863636363637,494.0577777777778,506.8354545454546,195.83956521739128,186.65772727272724,L7
2021-11-13 10:04:47+00:00,472.68285714285713,553.9572727272727,176.88333333333333,189.74952380952382,494.1316666666666,506.06,196.23318181818178,187.94095238095238,L9
2021-11-18 10:06:51+00:00,472.03238095238095,553.1477272727273,177.05904761904762,190.39285714285714,500.36157894736834,504.52095238095234,196.62272727272727,189.15666666666667,L9
2021-11-20 10:06:04+00:00,471.7245454545454,552.63,177.05904761904762,190.39285714285714,500.36157894736834,504.52095238095234,196.70173913043476,189.47136363636363,L8
2021-11-27 10:12:16+00:00,472.3060869565217,553.4808333333333,176.47954545454544,189.4595454545455,505.96849999999995,505.97909090909087,196.3925,188.68260869565216,L8
2021-12-06 10:06:06+00:00,472.32913043478266,553.8579166666667,176.4518181818182,189.03227272727273,500.41368421052624,507.41045454545457,196.30666666666664,188.48999999999998,L8
2021-12-13 10:12:16+00:00,471.9422727272727,554.2726086956521,176.3447619047619,188.91095238095238,500.3847368421052,508.03136363636355,196.32739130434783,188.3721739130435,L8
2021-12-14 08:55:15+00:00,470.29086956521735,553.8725,176.64636363636362,188.98090909090908,500.3847368421052,507.9043478260869,196.59,188.71833333333333,L7
2021-12-14 10:06:02+00:00,468.3929166666666,553.5092,176.6986956521739,189.2695652173913,506.053,507.7858333333333,196.77439999999999,189.09240000000003,L9
2022-01-14 10:12:08+00:00,465.4376190476191,550.6804545454545,178.40699999999998,191.425,586.5717647058824,505.6154545454546,197.88333333333335,192.42727272727276,L8
2022-01-15 10:05:58+00:00,464.71727272727276,550.0865217391304,178.89285714285714,191.87238095238095,588.08,505.628695652174,198.1159090909091,192.7839130434783,L9
2022-01-23 10:06:18+00:00,464.4295,553.0427272727273,178.94736842105263,191.4657894736842,611.0929411764706,505.63590909090914,195.61666666666665,192.61190476190478,L8
2022-02-07 10:12:10+00:00,463.425625,554.6457894736841,177.339375,190.20250000000001,612.9476923076923,508.9452631578947,193.6311111111111,191.01611111111112,L9
2022-02-08 10:05:51+00:00,462.78999999999996,553.943,177.7735294117647,190.33705882352945,612.9476923076923,509.5545,194.11210526315787,190.81894736842105,L8
2022-02-15 10:11:59+00:00,463.4655555555555,554.9533333333333,176.76333333333332,189.58,613.63,511.099,193.41899999999998,189.579,L8
2022-02-23 08:54:03+00:00,463.6123529411765,554.9984999999999,176.65235294117645,189.31823529411764,613.8154545454545,513.342,193.0157894736842,188.31900000000002,L7
2022-02-23 10:12:01+00:00,464.16166666666663,555.5738095238095,175.95666666666665,188.38,613.6424999999999,514.4480952380952,193.1275,187.45904761904762,L9
2022-02-24 10:05:46+00:00,464.2494736842105,555.4490909090908,176.30421052631579,188.65736842105264,613.5176923076923,514.0759090909091,193.3947619047619,187.80045454545458,L8
2022-03-28 10:05:53+00:00,463.90999999999997,554.3980952380953,176.69894736842105,189.38315789473685,613.4764285714285,513.3328571428572,193.60999999999996,189.01904761904763,L8
2022-04-04 10:11:40+00:00,463.9368421052631,555.0161904761904,176.71736842105264,189.33368421052631,613.4030769230769,514.7519047619047,193.524,188.19476190476192,L8
2022-04-05 08:44:16+00:00,463.7174999999999,554.5436363636364,176.9795,189.6005,613.4692857142857,514.3154545454545,193.92999999999998,188.49909090909094,L7
2022-04-05 10:06:04+00:00,463.9938095238095,554.1578260869566,177.18380952380954,189.9766666666667,613.6066666666667,513.2973913043478,194.25,188.9008695652174,L9
2022-04-12 10:11:48+00:00,464.22380952380945,554.3121739130435,177.24666666666667,189.68380952380954,613.516,513.9039130434783,194.12318181818182,188.4908695652174,L9
2022-04-28 10:11:40+00:00,463.19399999999996,554.9345454545455,176.97549999999998,189.4255,613.405,515.9809523809523,193.96285714285713,187.99863636363636,L9
2022-04-29 10:05:53+00:00,463.4323809523809,554.388695652174,177.24142857142857,189.80666666666667,613.4486666666667,514.8763636363636,194.2972727272727,188.51043478260868,L8
2022-05-13 08:40:44+00:00,463.60299999999995,555.8247826086956,177.52428571428572,189.2104761904762,613.6693333333333,513.7931818181818,193.86818181818182,188.3691304347826,L7
2022-05-14 10:11:31+00:00,463.26190476190476,555.3791666666667,177.76454545454547,189.57227272727275,613.70875,512.8247826086956,194.12739130434784,188.83291666666665,L9
2022-05-15 10:05:40+00:00,462.6959090909091,554.7828,178.19,190.07695652173916,613.7664705882353,511.9120833333333,194.48874999999998,189.2516,L8
2022-05-23 10:05:15+00:00,462.56666666666666,555.3066666666666,178.5213043478261,190.31521739130434,613.8188235294118,511.34791666666666,194.36391304347825,189.05375,L9
2022-05-30 08:39:59+00:00,461.8623809523809,554.6270833333334,179.25347826086957,191.32217391304349,613.8194117647059,510.69625,194.6869565217391,189.96083333333334,L7
2022-05-31 10:05:43+00:00,462.5472727272727,554.778,179.25347826086957,190.69791666666666,613.901111111111,510.69625,194.49749999999997,189.5068,L8
2022-06-07 10:12:00+00:00,462.67272727272723,554.5132,179.4695652173913,191.07750000000001,613.901111111111,508.77875,194.61208333333332,189.6756,L8
2022-06-16 08:38:39+00:00,466.4425,555.2578260869566,179.47000000000003,190.80136363636365,613.9411764705883,509.1077272727273,193.81636363636363,189.0482608695652,L7
2022-06-16 10:05:55+00:00,466.5676190476191,554.8408333333333,179.60545454545456,191.0513043478261,613.9383333333334,508.31478260869574,194.0926086956522,189.40541666666664,L8
2022-07-09 10:12:09+00:00,466.9168181818182,554.9364,179.66652173913045,191.03374999999997,613.8226315789474,508.8258333333334,194.13041666666666,189.6068,L8
2022-07-10 10:05:34+00:00,466.55304347826086,554.5257692307692,179.86666666666667,191.28040000000001,613.8325000000001,508.6612,194.31439999999998,189.86923076923074,L9
2022-07-15 08:31:18+00:00,467.3472727272727,555.6587999999999,179.4026086956522,190.70416666666665,613.7142105263158,509.31625,194.1636,189.356,L7
2022-07-17 10:11:45+00:00,467.48478260869564,555.7115384615385,179.48208333333332,190.6904,613.6589999999999,509.1764,194.17923076923077,189.44153846153844,L9
2022-07-18 10:05:59+00:00,467.5295833333333,555.2937037037037,179.6064,190.91153846153844,613.6671428571428,508.4846153846153,194.3862962962963,189.7348148148148,L8
2022-07-20 08:36:19+00:00,467.70480000000003,554.7935714285715,179.7580769230769,191.07444444444445,613.7245454545454,507.8403703703703,194.5875,189.86499999999998,L7
2022-07-25 10:12:16+00:00,467.67499999999995,552.6049999999999,179.86592592592592,191.15892857142856,613.6726086956521,507.74821428571425,196.58892857142857,189.86862068965516,L8
2022-07-26 10:05:43+00:00,467.8485185185185,552.6665517241379,179.9007142857143,191.05517241379312,613.58875,507.7003448275862,196.59137931034482,189.72866666666667,L9
2022-08-01 08:29:56+00:00,468.8257142857143,552.4023333333333,179.9007142857143,191.076,613.6267999999999,507.14866666666666,196.74433333333334,189.98129032258063,L7
2022-08-02 10:12:00+00:00,469.05379310344824,552.6541935483871,179.71931034482756,190.82870967741937,613.571923076923,507.11419354838705,196.69225806451612,189.71406249999998,L9
2022-08-03 10:06:35+00:00,468.57233333333335,552.4328125,179.90266666666668,191.0140625,613.5677777777777,507.04125,196.803125,189.94181818181818,L8
2022-08-06 08:35:20+00:00,468.65903225806454,552.6363636363636,179.92483870967743,191.13909090909092,613.5677777777777,507.04125,196.80151515151513,190.0355882352941,L7
2022-08-10 10:12:25+00:00,468.59516129032255,552.008125,180.49866666666668,191.8353125,613.5692857142857,505.0219354838709,197.4684375,191.12181818181818,L8
2022-08-11 10:05:54+00:00,468.5078125,551.7612121212121,180.51129032258063,192.03242424242424,613.5875862068966,504.59499999999997,197.5530303030303,191.2929411764706,L9
2022-08-23 08:33:25+00:00,468.2696774193549,550.610625,181.5653333333333,193.04125000000002,613.5824137931036,501.4166666666667,198.14781250000001,192.92499999999998,L7
2022-08-26 10:12:27+00:00,468.0567741935484,550.368125,181.61233333333334,193.1934375,613.6224137931034,501.36766666666665,198.18937499999998,192.983125,L8
2022-09-03 10:12:09+00:00,468.0740625,550.4387878787878,181.61233333333334,193.18030303030304,613.6224137931034,501.36766666666665,198.2118181818182,193.0430303030303,L9
2022-09-04 08:26:53+00:00,468.01272727272726,550.5988235294118,181.57225806451612,192.93323529411762,613.607,501.5074193548387,198.22529411764702,192.88735294117646,L7
2022-09-04 10:06:40+00:00,468.06823529411764,550.4817142857142,181.5490625,192.74885714285713,613.5516129032259,501.61843749999997,198.24171428571427,192.80942857142858,L8
2022-09-09 08:31:48+00:00,468.1,550.6761111111111,181.55969696969697,192.63777777777779,613.5515625,501.7348484848485,198.1925,192.89444444444445,L7
2022-09-12 10:06:00+00:00,467.90166666666664,550.5221621621622,181.65735294117647,192.74729729729728,613.5621212121212,501.82117647058817,198.2372972972973,193.04324324324324,L9
2022-09-20 10:06:23+00:00,467.8429729729729,550.3573684210526,181.68914285714285,192.78526315789475,613.5282352941176,501.90914285714285,198.27157894736843,193.02973684210525,L8
2022-09-21 08:25:09+00:00,467.43315789473684,550.3573684210526,181.68914285714285,192.78526315789475,613.5282352941176,501.90914285714285,198.27157894736843,193.02973684210525,L7
2022-10-05 10:12:16+00:00,467.5394285714286,550.7194285714286,181.78125,192.56457142857144,613.5315625000001,501.0978125,198.08342857142858,193.25857142857143,L9
2022-10-06 10:06:20+00:00,467.32750000000004,550.3591666666666,181.83212121212122,192.72805555555556,613.560606060606,500.8045454545454,198.20916666666665,193.455,L8
2022-10-22 10:06:20+00:00,467.36972222222226,550.3375000000001,181.61272727272728,192.57,613.6049999999999,501.28666666666663,198.28555555555556,193.36805555555554,L8
2022-10-29 10:12:33+00:00,467.4171428571429,550.574,181.57,192.4802857142857,613.5664516129033,501.195,198.26228571428572,193.204,L8
2022-10-30 08:25:51+00:00,467.5344444444445,550.7191666666666,181.53727272727275,192.37416666666667,613.5664516129033,501.195,198.23833333333334,193.2541666666667,L7
2022-10-30 10:06:10+00:00,467.52810810810814,550.5313513513513,181.49764705882353,192.4391891891892,613.531875,501.3254545454546,198.2918918918919,193.37891891891894,L9
2022-11-06 10:12:20+00:00,467.59473684210525,550.9565789473684,181.32885714285715,192.32973684210526,613.510303030303,501.0385294117647,198.22605263157894,193.0484210526316,L9
2022-11-07 10:06:22+00:00,467.62128205128204,550.8184615384615,181.30666666666667,192.29076923076923,613.4708823529412,501.17742857142855,198.27205128205128,193.13564102564104,L8
2022-11-14 10:12:28+00:00,468.09368421052636,550.4632432432433,181.01029411764708,192.41135135135136,613.3490625000001,502.4918181818182,198.32378378378377,192.84216216216217,L8
2022-12-01 10:06:08+00:00,467.82694444444445,550.2742857142857,181.0051515151515,192.81571428571428,613.3096551724137,502.8403125,198.51114285714286,192.8557142857143,L9
2022-12-03 08:21:22+00:00,467.3548648648649,550.2742857142857,181.0051515151515,192.81571428571428,613.3096551724137,502.83272727272725,198.62333333333333,192.8557142857143,L7
2022-12-16 10:12:23+00:00,467.5117142857143,550.9569696969697,180.46,192.17575757575756,613.2574074074074,503.0433333333333,198.76617647058825,192.33939393939394,L8
2023-01-01 10:12:20+00:00,467.5274999999999,551.0605882352942,180.50125,192.2164705882353,613.2674999999999,503.1151612903226,198.79628571428572,192.455,L8
2023-01-02 10:06:11+00:00,467.5356756756757,550.818,180.5160606060606,192.3065714285714,613.226896551724,503.2028125,198.84055555555557,192.56514285714286,L9
2023-02-03 10:06:13+00:00,466.2042307692308,550.1725,180.00739130434783,192.17333333333332,613.1657894736842,504.15227272727276,199.44119999999998,192.64124999999999,L9
2023-02-11 10:06:03+00:00,466.33,550.1795652173913,180.21545454545455,192.10565217391306,613.2388888888888,504.7814285714286,199.53708333333336,192.56913043478258,L8
2023-02-14 08:13:24+00:00,466.33,550.515,179.55826086956523,192.10565217391306,613.2388888888888,504.7814285714286,199.34400000000002,192.50875,L7
2023-02-18 10:12:07+00:00,466.31615384615384,550.0115999999999,179.79,192.43916666666667,613.2388888888888,504.7814285714286,199.34400000000002,192.66119999999998,L8
2023-03-07 10:06:19+00:00,466.39090909090913,549.6519047619048,179.76333333333332,192.759,613.4086666666667,504.6783333333334,199.52047619047616,193.47714285714287,L9
2023-03-08 08:14:09+00:00,466.90173913043486,549.3386363636364,179.64772727272728,192.04571428571427,613.3475000000001,504.7647368421053,199.49545454545452,193.6381818181818,L7
2023-03-14 10:12:04+00:00,467.39045454545453,549.497619047619,179.1404761904762,191.59750000000003,613.2935714285715,505.6027777777777,199.56142857142856,192.76142857142858,L9
2023-03-23 10:05:49+00:00,467.6942857142857,549.3290476190477,179.16904761904763,191.80450000000002,613.3615384615385,507.4472222222222,199.69571428571427,193.1095238095238,L9
2023-03-25 08:09:15+00:00,467.8695454545454,549.0681818181819,179.27772727272728,191.63619047619048,613.3615384615385,507.4472222222222,199.7027272727273,193.36409090909092,L7
2023-03-30 10:11:52+00:00,467.9734782608695,549.0960869565217,179.38565217391303,191.7790909090909,613.4114285714286,506.6021052631579,199.64217391304345,193.49434782608697,L9
2023-04-07 10:11:34+00:00,468.45363636363635,549.3454545454545,179.10590909090908,191.1938095238095,613.0753846153846,508.2433333333334,199.4868181818182,193.1290909090909,L8
2023-04-08 10:05:40+00:00,468.34043478260867,549.1256521739131,179.24565217391302,191.38772727272726,613.0892857142857,507.3515789473684,199.50260869565219,193.26782608695652,L9
2023-04-11 08:03:49+00:00,468.8845833333333,547.3237499999999,178.755,190.41478260869565,584.8340000000001,509.59350000000006,199.50260869565219,193.26782608695652,L7
2023-04-15 10:11:46+00:00,469.448,548.3903999999999,178.21399999999997,189.83333333333334,560.2418749999999,511.637619047619,199.14874999999998,192.21291666666664,L9
2023-04-16 08:07:33+00:00,469.9676923076923,548.6484615384614,177.48423076923078,188.97439999999997,538.4188235294117,513.5086363636364,199.03240000000002,191.3948,L7
2023-04-16 10:05:40+00:00,470.1685185185185,549.5266666666666,176.7837037037037,188.62692307692308,519.3466666666667,515.1778260869565,198.7723076923077,190.59,L8
2023-04-24 10:05:33+00:00,470.1592592592592,549.1644444444445,176.88703703703703,188.9469230769231,519.3466666666667,514.5060869565217,198.7803846153846,191.07653846153846,L9
2023-05-02 10:05:36+00:00,470.2966666666666,549.7632,176.40124999999998,188.43347826086958,507.69875,516.0009523809524,198.59666666666666,189.7125,L8
2023-05-03 08:01:55+00:00,470.2966666666666,549.7632,176.40124999999998,188.43347826086958,507.69875,514.4150000000001,198.59666666666666,189.7125,L7
2023-05-09 10:11:16+00:00,470.7682608695652,549.6716666666667,176.0804347826087,188.05272727272725,472.706,516.2066666666667,198.42347826086956,189.43043478260867,L8
2023-05-10 10:05:23+00:00,471.84875000000005,550.6496,175.11041666666665,187.38260869565218,454.99687500000005,516.2066666666667,198.2179166666667,188.57500000000002,L9
2023-05-17 10:11:30+00:00,473.2320833333334,551.9192,174.20666666666668,186.3821739130435,428.471875,516.7685,197.47,187.26125000000002,L9
2023-05-25 10:11:13+00:00,473.75200000000007,552.355,174.2204,186.24,414.48058823529414,516.9485714285714,197.25079999999997,186.9856,L8
2023-05-26 10:05:36+00:00,473.74230769230775,552.3737037037037,174.2907692307692,186.4984,414.48058823529414,516.4313636363636,197.2476923076923,187.3319230769231,L9
2023-05-30 08:03:09+00:00,474.1144444444445,552.8414285714287,174.08666666666667,186.31615384615387,414.48058823529414,515.3795652173912,197.10777777777778,187.27370370370372,L7
2023-06-10 10:11:20+00:00,475.8107692307692,553.1332142857143,173.6996296296296,185.63,402.0427777777778,515.9336363636364,196.6330769230769,187.0774074074074,L8
2023-06-11 10:05:07+00:00,475.68555555555554,553.1251724137932,173.7642857142857,185.81777777777782,402.0427777777778,515.4717391304348,196.64370370370372,187.4,L9
2023-06-16 07:56:13+00:00,475.0581481481481,552.5572413793103,174.23857142857142,186.38037037037034,390.91315789473686,515.4717391304348,196.57555555555555,188.0207142857143,L7
2023-06-18 10:11:14+00:00,474.8721428571429,552.6036666666666,174.40275862068964,186.54821428571427,390.91315789473686,515.0504166666666,196.5992857142857,188.29379310344825,L9
2023-06-26 08:03:12+00:00,475.10896551724136,552.6793548387097,174.64966666666666,186.73931034482757,380.87800000000004,513.2036,196.5644827586207,188.23466666666667,L7
2023-06-26 10:11:27+00:00,475.60699999999997,553.245,174.47032258064516,186.439,371.7509523809524,513.4957692307692,196.35333333333332,187.7616129032258,L8
2023-07-05 10:05:23+00:00,475.8775862068966,553.296129032258,174.20633333333336,186.0755172413793,346.3757894736842,513.7751999999999,196.16275862068963,187.51366666666667,L8
2023-07-12 10:11:37+00:00,476.1836666666667,553.87625,174.11451612903227,185.85466666666665,338.352,514.0603846153846,195.89933333333332,187.00451612903228,L8
2023-07-13 10:05:44+00:00,476.08903225806455,554.009696969697,174.140625,185.96612903225807,338.352,513.7325925925926,195.88387096774193,186.819375,L9
2023-07-18 07:59:18+00:00,476.4034375,554.114705882353,174.2030303030303,185.70468749999998,331.2504761904762,513.7325925925926,195.8290625,186.64939393939395,L7
2023-07-20 10:11:31+00:00,476.7887878787879,554.6165714285714,174.04882352941175,185.41060606060603,324.7140909090909,514.0024999999999,195.6181818181818,186.17029411764705,L9
2023-07-21 10:05:26+00:00,476.7329411764706,554.6291666666667,173.99828571428574,185.3835294117647,337.1978260869565,513.7093103448276,195.6141176470588,186.058,L8
2023-07-28 10:11:43+00:00,476.6891428571428,554.8927027027026,173.9611111111111,185.4482857142857,348.6408333333334,513.4573333333333,195.55285714285714,185.94555555555556,L8
2023-07-29 10:05:24+00:00,476.41888888888894,554.6355263157895,174.13297297297296,185.7547222222222,359.2576,512.7403225806452,195.68027777777777,186.2554054054054,L9
2023-08-09 07:54:52+00:00,476.6431428571429,555.0694736842105,173.9145945945946,185.44057142857142,348.70625,512.241935483871,195.56055555555554,186.29162162162163,L7
2023-08-13 10:11:48+00:00,477.00942857142854,555.3805405405404,174.03027777777777,185.23514285714288,348.62375,512.2367741935484,195.40914285714285,186.0413888888889,L8
2023-08-14 10:05:54+00:00,476.52916666666664,555.0855263157895,174.2927027027027,185.52583333333334,359.2608,511.57,195.51333333333332,186.35783783783782,L9
2023-08-21 10:11:44+00:00,476.59333333333336,555.5881578947368,174.1540540540541,185.31916666666666,368.9942307692308,511.399393939394,195.53,186.1110810810811,L9
2023-08-22 10:05:43+00:00,476.3762162162163,555.3346153846154,174.3297368421053,185.56540540540541,378.0525925925926,510.80852941176477,195.63394736842102,186.37842105263158,L8
2023-08-30 10:05:40+00:00,476.41763157894746,555.7529999999999,174.0817948717949,185.41710526315788,378.0525925925926,511.5365714285714,195.48128205128205,186.04692307692306,L9
2023-08-31 07:50:16+00:00,476.41763157894746,555.7529999999999,174.0817948717949,185.41710526315788,378.0525925925926,512.0786111111112,195.48128205128205,186.00975,L7
2023-09-05 07:53:32+00:00,476.99243243243234,555.9941025641026,174.2821052631579,185.4418918918919,369.0615384615385,512.6785714285714,195.4671052631579,185.71051282051283,L7
2023-09-06 10:11:55+00:00,476.808947368421,556.00325,174.47128205128206,185.56394736842105,378.0762962962963,512.4644444444444,195.505641025641,185.82250000000002,L9
2023-09-07 10:05:42+00:00,476.38538461538457,555.7075609756098,174.69725,185.80923076923077,386.4810714285714,512.2667567567568,195.6355,186.10804878048782,L8
2023-09-15 10:05:49+00:00,476.17128205128205,555.4187804878048,174.817,186.08666666666667,394.30758620689653,511.8489189189189,195.6655,186.47268292682926,L9
2023-09-27 07:47:28+00:00,476.9754054054053,555.9692307692309,174.37315789473686,185.18702702702703,386.4592857142857,511.93472222222226,195.4428947368421,185.8548717948718,L7
2023-09-30 10:12:02+00:00,476.7460526315789,555.7760000000001,174.5297435897436,185.39815789473684,394.2868965517241,511.74837837837845,195.5179487179487,186.1175,L8
2023-10-01 10:05:47+00:00,476.27230769230766,555.4780487804878,174.76475,185.6497435897436,401.58500000000004,511.5636842105264,195.6175,186.3851219512195,L9
2023-10-02 07:50:57+00:00,476.27230769230766,555.4780487804878,174.76475,185.6497435897436,401.58500000000004,511.9771794871795,195.6175,186.3851219512195,L7
2023-10-08 10:12:02+00:00,476.45189189189193,557.2551282051282,174.77421052631576,185.8675675675676,401.67821428571426,511.4475675675676,195.50128205128203,186.11200000000002,L9
2023-10-09 10:05:53+00:00,476.16605263157896,556.9159999999999,174.97487179487177,186.1107894736842,408.98448275862074,511.2765789473685,195.60375,186.36243902439023,L8
2023-10-29 07:46:42+00:00,476.5942857142857,555.8556756756757,176.094,186.60914285714284,440.08,508.6797142857143,195.70305555555555,187.15894736842105,L7
2023-11-17 10:12:08+00:00,475.4081818181818,554.4361764705883,177.36696969696968,187.29181818181817,471.2729166666666,510.43176470588236,196.3190909090909,188.476,L8
2023-11-18 10:05:57+00:00,475.2282352941176,554.4131428571429,177.5329411764706,187.40117647058824,476.8968,510.43176470588236,196.36323529411763,188.26166666666666,L9
2023-11-25 10:12:13+00:00,474.9748484848485,554.8011764705883,176.90727272727275,186.9721212121212,488.825,511.53393939393936,196.18575757575758,187.72457142857144,L9
2023-12-11 10:12:11+00:00,474.24666666666667,554.323870967742,176.96387096774194,187.33366666666663,501.7913043478261,512.9403225806451,196.422,187.76531250000002,L9
2023-12-19 10:12:08+00:00,474.07724137931035,554.1173333333334,177.19366666666667,187.60344827586206,520.1952173913044,512.9390322580646,196.52,187.72451612903225,L8
2024-01-04 10:11:59+00:00,473.2711111111111,553.7803571428572,177.36642857142854,187.4651851851852,554.3981818181818,514.2468965517241,196.84814814814814,188.13137931034484,L8
2024-01-21 10:05:58+00:00,471.2726086956522,551.3104166666666,178.54458333333332,189.21956521739128,612.421052631579,514.046923076923,198.11739130434782,190.7636,L9
2024-01-28 10:12:11+00:00,471.0436363636364,551.0847826086956,178.94565217391303,189.3109090909091,612.4916666666667,514.9159999999999,198.28045454545455,191.07833333333335,L9
2024-01-29 10:05:46+00:00,471.01956521739135,550.8354166666667,179.05583333333334,189.6017391304348,612.501052631579,514.5488461538462,198.3960869565217,191.37400000000002,L8
2024-02-14 10:05:48+00:00,471.1790909090909,550.1963636363636,179.1981818181818,189.37818181818182,612.3666666666666,515.9516666666667,198.62666666666667,190.91739130434783,L8
2024-02-21 10:11:58+00:00,471.43571428571425,550.3204761904761,179.16809523809525,189.06666666666666,612.3947058823529,516.3895652173914,198.701,191.07272727272724,L8
2024-03-24 10:11:36+00:00,470.53764705882355,549.9835294117647,178.4364705882353,189.1141176470588,612.1135714285714,516.396111111111,199.00187499999998,190.6,L8
2024-04-02 10:05:21+00:00,471.07933333333335,551.846,177.94133333333332,188.79533333333336,611.9230769230769,517.2246666666667,198.77571428571426,188.24466666666666,L8
2024-04-10 10:05:41+00:00,473.39500000000004,553.775,175.62642857142856,186.7535714285714,575.15,522.6642857142857,197.4353846153846,185.5692857142857,L9
2024-04-17 10:11:45+00:00,474.954,555.3673333333334,174.01733333333334,185.65066666666664,544.4738461538461,524.706,196.67357142857142,185.5692857142857,L9
2024-04-18 10:05:36+00:00,474.92875000000004,556.065625,173.474375,185.394375,519.495,525.464375,196.56599999999997,184.63733333333332,L8
2024-04-25 10:11:21+00:00,475.8170588235294,557.1658823529411,172.4364705882353,184.76882352941175,497.6273333333333,527.0794117647059,195.89937499999996,183.601875,L8
2024-04-26 10:05:22+00:00,474.12823529411764,557.6964705882353,172.92111111111112,185.88588235294117,490.505,525.1288235294118,196.10882352941172,184.700625,L9
2024-05-03 10:11:31+00:00,474.445,557.9577777777778,172.76105263157896,185.57333333333332,470.67266666666666,525.8055555555555,195.89388888888888,183.8505882352941,L9
2024-05-04 10:05:27+00:00,474.0831578947368,557.2936842105263,173.1325,186.2178947368421,479.58875,524.7073684210527,196.10210526315788,184.5411111111111,L8
2024-05-11 10:11:09+00:00,473.822,556.6555000000001,173.62142857142857,186.8375,487.5517647058824,523.025,196.386,185.29999999999998,L8
2024-05-28 10:05:29+00:00,473.5827777777778,555.0266666666666,174.66894736842104,188.23888888888888,487.6823529411765,518.2526315789474,196.8238888888889,187.77176470588236,L9
2024-06-05 10:05:13+00:00,473.25157894736844,554.4942105263158,175.0125,188.7394736842105,494.7083333333333,516.8905,196.92263157894735,188.305,L8
2024-06-12 10:10:59+00:00,473.84400000000005,555.3889999999999,175.426,188.19699999999997,478.57894736842104,515.9855,196.42999999999998,187.7142105263158,L8
2024-06-13 10:05:00+00:00,473.79619047619053,555.307619047619,175.46761904761905,188.21761904761902,464.427,516.4504761904763,196.42142857142855,187.4255,L9
2024-06-20 10:11:01+00:00,474.7228571428571,556.4571428571429,174.7295238095238,187.41238095238094,443.14349999999996,517.55,195.8061904761905,185.993,L9
2024-06-28 10:11:12+00:00,475.10681818181814,556.8518181818182,174.64363636363635,187.14636363636365,431.1290476190476,517.6881818181818,195.50318181818182,185.28142857142856,L8
2024-06-29 10:04:51+00:00,475.31565217391295,557.3891304347826,174.48347826086956,186.79347826086956,420.185,517.8465217391304,195.19260869565218,184.53727272727272,L9
2024-07-06 10:11:13+00:00,475.64608695652174,557.9578260869565,174.10565217391303,186.77,401.0768181818182,518.4769565217391,194.80173913043475,183.9309090909091,L9
2024-07-14 10:11:22+00:00,475.5820833333334,558.1225000000001,174.11958333333334,186.48000000000002,410.22913043478263,518.5654166666667,194.69458333333333,183.93782608695656,L8
2024-07-15 10:05:34+00:00,474.584,557.5592,174.5128,187.03799999999998,418.7183333333334,518.0175999999999,194.92039999999997,184.51583333333335,L9
2024-07-30 10:11:32+00:00,475.14956521739134,559.0378260869564,173.5326086956522,185.80173913043475,400.95909090909083,519.1300000000001,194.14782608695654,183.1213636363636,L8
2024-07-31 10:05:37+00:00,474.9579166666667,558.6033333333334,173.8395833333333,186.18458333333334,410.2152173913043,517.9816666666667,194.31500000000003,183.70478260869567,L9
2024-08-07 10:11:25+00:00,474.68120000000005,558.434,174.04840000000002,186.4588,418.6779166666667,517.4556,194.418,184.18375,L9
2024-08-08 10:05:40+00:00,474.45884615384614,557.9192307692308,174.31346153846152,186.79884615384614,426.46799999999996,516.9676923076923,194.63807692307694,184.72639999999998,L8
2024-08-16 10:05:20+00:00,474.9511538461539,558.4888461538461,174.01230769230767,186.4696153846154,426.39719999999994,516.9623076923076,194.3996153846154,184.1144,L9
2024-08-23 10:11:40+00:00,474.74192307692306,558.2184615384615,174.03692307692307,186.64576923076928,426.39560000000006,516.9453846153846,194.43384615384613,184.1252,L9
2024-08-24 10:05:29+00:00,474.06222222222226,557.7166666666667,174.3711111111111,187.00703703703707,433.6269230769231,515.9729629629629,194.61037037037036,184.67038461538462,L8
2024-09-01 10:05:29+00:00,473.86035714285714,557.2539285714286,174.60535714285714,187.32464285714286,440.30444444444447,515.1039285714286,194.7610714285714,185.1311111111111,L9
2024-09-24 10:11:41+00:00,473.8210714285715,557.3482142857142,174.875,187.52857142857144,440.34333333333336,514.5492857142857,194.67785714285714,185.83222222222224,L9
2024-09-25 10:06:00+00:00,473.4093103448276,556.8979310344828,175.10758620689657,187.6906896551724,446.49071428571426,514.2320689655173,194.82379310344828,186.18892857142856,L8
2024-10-02 10:11:46+00:00,473.3344827586207,556.5510344827586,175.03103448275863,187.9648275862069,446.4975,513.6686206896552,194.8403448275862,186.75357142857143,L8
2024-10-11 10:06:07+00:00,472.38620689655176,555.906551724138,175.71241379310345,188.28310344827585,462.0932142857143,512.1772413793103,195.42275862068965,187.2607142857143,L8
2024-10-26 10:12:05+00:00,470.7980769230769,554.2607692307691,177.4746153846154,189.53538461538463,499.5319230769231,507.5684615384615,195.97692307692307,187.94576923076923,L9
2024-11-03 10:11:53+00:00,470.4648,554.0732,177.71480000000003,189.84799999999998,511.82559999999995,505.8452,196.11599999999999,188.65919999999997,L8
2024-11-04 10:05:50+00:00,470.2892307692308,553.671923076923,177.77423076923077,190.0573076923077,515.686923076923,505.80923076923074,196.27653846153845,189.03,L9
2024-11-12 10:05:44+00:00,470.3464,553.6696153846153,177.62923076923076,189.86076923076922,515.64,506.3473076923077,196.09884615384615,187.85769230769228,L8
2024-11-27 10:12:11+00:00,470.528,554.2896153846153,177.20499999999998,189.60346153846152,511.702,507.48230769230764,196.05076923076922,187.2280769230769,L9
2024-12-05 10:12:03+00:00,470.66291666666666,553.9830769230769,177.0316,189.27759999999998,507.43333333333334,508.1412,196.2157692307692,187.2803846153846,L8
2024-12-13 10:12:02+00:00,470.0052173913043,553.4532,177.29434782608695,189.84583333333333,539.4695652173913,506.15708333333333,196.60679999999996,187.68040000000002,L9
2024-12-14 10:06:08+00:00,470.0052173913043,553.0830769230769,177.29434782608695,189.84583333333333,539.4695652173913,506.15708333333333,196.80076923076922,188.11384615384617,L8
2024-12-21 10:11:57+00:00,469.4313043478261,552.7938461538462,177.0765217391304,189.83416666666668,555.4363636363637,505.1895652173913,197.18846153846152,188.57,L8
2024-12-29 10:12:04+00:00,468.2413636363637,551.9151999999999,177.75681818181818,190.87869565217392,593.0361904761905,503.1304545454545,197.81519999999998,189.9952,L9
2024-12-30 10:06:11+00:00,468.2413636363637,551.9151999999999,177.75681818181818,191.9825,593.8904545454545,503.24652173913046,197.81519999999998,190.73576923076922,L8
2025-01-07 10:05:50+00:00,468.015,552.058,177.37227272727273,191.62541666666667,613.0609523809524,503.9395652173913,198.074,190.4903846153846,L9
2025-01-14 10:12:06+00:00,468.6590476190476,552.43875,177.34047619047618,191.7726086956522,613.125,502.5704545454546,198.19499999999996,190.30879999999996,L9
2025-01-15 10:05:49+00:00,468.52818181818185,551.9452,177.59727272727272,192.02875000000003,613.1247619047618,502.6978260869566,198.4264,190.70923076923074,L8
2025-01-23 10:06:19+00:00,468.7808695652174,551.7561538461539,177.7486956521739,191.60479999999998,613.0568181818181,503.4554166666667,198.53230769230765,190.74777777777777,L9
2025-01-30 10:12:01+00:00,469.3872727272728,552.5592,177.06227272727273,190.81166666666664,613.0240000000001,505.31391304347824,198.35559999999998,189.76384615384615,L9
2025-02-07 10:11:58+00:00,469.29285714285714,552.50375,177.04809523809521,190.9204347826087,613.1463157894738,505.33909090909094,198.43416666666667,189.4952,L8
2025-02-15 10:12:06+00:00,469.04952380952375,552.5691666666667,177.10285714285715,191.2569565217391,613.2563157894738,505.3095454545455,198.50291666666666,189.9432,L9
2025-02-16 10:06:07+00:00,468.2831818181818,552.0012,177.455,191.64083333333335,613.284,505.2891304347827,198.72,190.3392307692308,L8
2025-02-23 10:11:49+00:00,468.94571428571425,552.5645833333333,177.24333333333334,191.39913043478262,613.1747368421053,506.5804545454546,198.6470833333333,189.944,L8
2025-03-03 10:11:59+00:00,469.1333333333333,553.2858333333332,177.26333333333335,191.21391304347827,613.1531578947369,507.17272727272734,198.53916666666666,189.2968,L9
2025-03-04 10:05:59+00:00,468.9913636363636,552.9508,177.5009090909091,191.44291666666666,613.17,507.08869565217395,198.5972,189.59884615384615,L8
2025-03-11 10:11:45+00:00,469.1930434782608,553.3669230769231,177.29913043478263,190.88440000000003,613.17,507.6720833333334,198.4680769230769,188.92592592592592,L8
2025-03-19 10:11:49+00:00,469.2595833333333,553.3444444444444,177.52583333333334,191.08730769230772,613.2109523809524,507.01959999999997,198.47925925925924,189.19607142857143,L9
2025-03-20 10:05:25+00:00,469.3696,552.9560714285714,177.632,191.21888888888887,613.2018181818182,506.94769230769236,198.54928571428567,189.4496551724138,L8
2025-03-27 10:11:34+00:00,469.61875000000003,553.0481481481481,177.5704166666667,191.3323076923077,613.2357142857143,506.9788,198.5922222222222,189.33714285714288,L8
2025-04-29 10:05:52+00:00,468.8668181818182,552.1756,178.32136363636366,192.4629166666667,613.5694736842105,506.2234782608696,198.93959999999998,190.4923076923077,L9
2025-05-06 10:11:36+00:00,469.5695238095238,552.7879166666667,177.78857142857143,191.52999999999997,613.6141176470588,507.8427272727273,198.79583333333335,189.55759999999998,L9
2025-05-14 10:11:19+00:00,469.1181818181818,552.9154166666666,177.90952380952382,191.54347826086956,613.4858823529412,507.87590909090903,198.81458333333333,190.63400000000001,L8
2025-05-23 10:05:35+00:00,467.12913043478255,553.6928,177.14863636363637,191.23333333333332,613.4858823529412,507.87590909090903,198.66119999999998,190.185,L8
2025-05-30 10:11:23+00:00,467.35521739130434,553.5476,177.2722727272727,191.22,613.4858823529412,507.20909090909095,198.5824,189.935,L8
2025-05-31 10:05:34+00:00,467.03125,553.1800000000001,177.48782608695652,191.428,613.5111111111112,507.11260869565217,198.5976923076923,190.25222222222223,L9
2025-06-07 10:11:21+00:00,467.3016,553.9507692307692,177.42875,191.29461538461538,613.5111111111112,507.69666666666666,198.30269230769227,189.60888888888888,L9
2025-06-08 10:05:16+00:00,467.31538461538463,553.5637037037037,177.6084,191.35666666666668,613.4836842105263,507.5912,198.29629629629628,189.88357142857143,L8
2025-06-15 10:11:33+00:00,467.65615384615387,554.0438461538462,177.45115384615383,191.08851851851853,613.5,508.786,198.02923076923074,189.05703703703708,L8
2025-06-23 10:11:35+00:00,467.6007692307693,553.6838461538462,177.9719230769231,191.46444444444444,613.4778947368421,508.6815384615384,198.00884615384615,189.40807692307695,L9
2025-06-24 10:05:51+00:00,467.4144444444445,553.6974074074074,178.1337037037037,191.52142857142854,613.4399999999999,508.5522222222222,197.98777777777778,189.6174074074074,L8
2025-07-02 10:05:27+00:00,467.4751851851852,553.2029629629629,178.1248148148148,190.54333333333332,613.3878947368421,509.1676923076923,198.04592592592593,189.1880769230769,L9
2025-07-09 10:11:38+00:00,467.75074074074075,553.2881481481481,178.43259259259256,190.6188888888889,613.3878947368421,508.64884615384614,197.65037037037035,188.8876923076923,L9
2025-07-10 10:05:30+00:00,467.6867857142857,553.0035714285715,178.51642857142858,190.78142857142856,613.376,508.5018518518518,197.7792857142857,189.23925925925926,L8
2025-07-17 10:11:45+00:00,468.1133333333333,553.7,177.8940740740741,189.9511111111111,613.3683333333333,509.83230769230767,197.3111111111111,188.1423076923077,L8
2025-07-18 10:05:33+00:00,468.1875,553.4207142857143,177.9832142857143,189.97964285714284,613.3142105263158,509.68518518518516,197.35714285714286,188.4125925925926,L9
2025-07-25 10:11:47+00:00,468.38107142857143,554.1685714285715,177.6375,189.92249999999999,613.4077777777778,509.71074074074073,196.9964285714286,187.9348148148148,L9
