dates,sar0461-0000,sar0461-0001,sar0461-0002,sar0461-0003,sar0461-0004,sar0461-0005,sar0461-0006,sar0461-0007,satname
1984-06-07 09:34:18+00:00,184.69,191.04,192.79,206.49,222.08,504.55,497.3,219.09,L5
1984-09-11 09:36:14+00:00,182.87,184.2,181.64,198.98000000000002,214.575,504.82,495.565,217.375,L5
1985-05-25 09:36:15+00:00,176.92,182.04,184.22,198.18,217.17,502.94,500.42,221.17,L5
1985-07-28 09:35:58+00:00,188.45,191.675,189.975,209.47,225.47,496.345,490.07500000000005,222.555,L5
1985-08-13 09:35:48+00:00,188.35333333333332,192.92666666666665,189.35999999999999,208.4766666666667,223.92333333333332,497.07,490.51666666666665,225.39,L5
1985-08-29 09:35:38+00:00,187.7425,193.2225,187.69,206.8325,222.76,496.6775,491.1075,225.1125,L5
1985-12-03 09:34:19+00:00,190.0625,196.7525,191.39249999999998,208.935,221.7375,494.59,488.00333333333333,221.77,L5
1986-01-04 09:33:44+00:00,187.882,194.96200000000002,191.94199999999998,207.38400000000001,218.76000000000005,494.59,488.00333333333333,214.77000000000004,L5
1986-01-20 09:33:24+00:00,185.18999999999997,189.04166666666666,187.23833333333332,207.38400000000001,218.76000000000005,494.59,488.8275,213.55833333333337,L5
1986-02-21 09:32:40+00:00,188.804,193.344,184.89249999999998,203.22333333333336,213.06666666666672,495.5,486.6833333333334,214.574,L5
1986-05-12 09:30:53+00:00,191.302,194.74200000000002,188.51999999999998,207.17666666666665,214.85333333333332,492.9,483.5733333333333,214.596,L5
1986-05-28 09:30:26+00:00,190.4283333333333,194.36333333333334,189.254,205.125,213.9575,496.615,484.0875,215.13166666666666,L5
1986-07-15 09:28:53+00:00,191.41400000000002,195.43,186.175,204.92333333333332,219.25333333333333,498.27,485.6,224.622,L5
1986-07-31 09:28:19+00:00,194.892,202.35,194.165,206.445,219.82750000000001,498.2775,483.76000000000005,225.29000000000002,L5
1986-09-17 09:26:37+00:00,187.882,194.994,194.84,207.03000000000003,220.06,497.54200000000003,485.25200000000007,220.288,L5
1987-03-28 09:28:28+00:00,177.48,184.43,183.44,209.47,216.02,500.45,494.35,214.54,L5
1987-04-29 09:29:30+00:00,181.865,184.59,187.755,203.075,213.48000000000002,499.43,493.32000000000005,213.45,L5
1987-05-31 09:30:21+00:00,180.75333333333333,183.98333333333335,186.54666666666665,200.92333333333332,213.62666666666667,502.91333333333336,494.34,215.07666666666668,L5
1987-06-16 09:30:43+00:00,179.2025,182.3825,182.845,197.0375,210.4025,503.935,494.7425,214.48000000000002,L5
1987-07-02 09:31:03+00:00,180.712,184.264,184.502,197.73,212.04000000000002,502.66,494.52799999999996,214.808,L5
1987-08-03 09:31:49+00:00,181.65666666666667,185.38833333333332,185.74,197.83666666666667,213.80999999999997,501.9483333333333,492.93833333333333,217.21833333333333,L5
1987-08-19 09:32:18+00:00,181.48714285714286,185.50428571428571,186.93571428571428,196.95000000000002,213.6185714285714,502.05571428571426,491.9357142857143,218.5557142857143,L5
1987-09-04 09:32:43+00:00,181.7525,185.275,187.14625,196.6975,213.76625,501.72249999999997,491.49375,218.46625,L5
1987-09-20 09:33:05+00:00,182.6211111111111,186.51,188.12555555555556,197.39555555555555,214.55555555555554,501.35333333333335,490.37222222222226,219.80666666666667,L5
1987-11-07 09:34:02+00:00,183.42,188.12875,189.4125,197.93124999999998,215.92249999999999,501.27,488.6925,219.69875,L5
1988-01-10 09:35:05+00:00,187.625,191.89999999999998,195.07500000000002,200.48333333333335,218.36333333333332,499.14399999999995,484.70799999999997,218.32666666666668,L5
1988-02-11 09:35:41+00:00,186.89166666666665,191.84666666666666,195.88666666666666,200.60500000000002,216.145,499.3325,484.63749999999993,215.06000000000003,L5
1988-03-14 09:36:03+00:00,187.38400000000001,192.746,196.034,201.78199999999998,216.07,497.62,482.1149999999999,213.156,L5
1988-04-15 09:36:14+00:00,186.578,191.84599999999998,195.794,201.126,216.286,496.59,486.725,213.73000000000002,L5
1988-06-18 09:36:43+00:00,184.752,189.26,193.382,199.578,216.152,502.01,495.90999999999997,216.996,L5
1988-07-04 09:36:48+00:00,184.15166666666664,187.91333333333333,191.115,200.79166666666666,215.29999999999998,503.7966666666666,496.50666666666666,216.46166666666667,L5
1988-08-21 09:36:53+00:00,182.06,186.524,187.594,202.9,216.77399999999997,504.5375,493.81,222.94400000000002,L5
1988-09-22 09:36:50+00:00,183.61200000000002,188.48600000000002,188.85,204.93,217.08199999999997,503.39799999999997,492.29200000000003,223.012,L5
1988-10-08 09:36:45+00:00,183.25833333333335,186.5,188.33333333333334,202.38333333333333,215.0583333333333,504.4066666666667,492.79333333333335,220.9366666666667,L5
1988-12-11 09:36:33+00:00,181.47833333333332,183.83666666666667,187.655,202.45833333333334,213.45833333333334,455.00499999999994,443.43,216.2783333333333,L5
1988-12-27 09:36:27+00:00,182.92,186.24666666666667,189.86833333333334,204.0666666666667,212.58833333333334,405.04833333333335,392.3733333333333,213.6483333333333,L5
1989-01-12 09:36:20+00:00,183.22166666666666,189.12,194.64166666666668,202.92499999999998,211.62333333333333,357.2866666666667,342.16833333333335,209.17166666666665,L5
1989-01-28 09:36:07+00:00,184.14142857142858,190.13000000000002,194.39000000000001,202.65714285714284,211.98714285714286,338.57000000000005,323.26000000000005,209.17166666666665,L5
1989-03-17 09:35:16+00:00,182.38000000000002,188.19714285714286,193.8685714285714,201.1257142857143,211.44714285714286,338.25857142857143,324.57142857142856,208.14499999999998,L5
1989-04-02 09:35:12+00:00,183.28285714285715,189.29142857142855,194.53714285714287,202.90142857142857,212.81571428571428,339.53285714285715,329.5442857142857,207.08666666666667,L5
1989-04-18 09:35:07+00:00,182.68285714285713,190.58285714285714,194.07714285714286,204.27571428571426,213.3957142857143,338.5628571428571,329.8285714285715,208.48999999999998,L5
1989-05-20 09:34:32+00:00,184.0075,191.555,193.66125,205.46875,215.19125,358.39750000000004,348.7625,210.85999999999999,L5
1989-06-21 09:33:55+00:00,185.41125,193.7825,193.46875,206.08375,216.4525,396.44374999999997,386.29375,212.76428571428573,L5
1989-07-07 09:33:39+00:00,183.21374999999998,189.68375,190.44125,202.66625,214.82875,423.3728571428571,413.64142857142855,214.30714285714288,L5
1989-07-23 09:33:21+00:00,183.5525,188.74375,187.30124999999998,204.35875000000001,215.79000000000002,463.32428571428574,456.04857142857145,220.03571428571428,L5
1989-08-24 09:32:39+00:00,183.05875,189.275,187.28375,205.675,217.45374999999999,501.4942857142857,494.5885714285714,221.95375,L5
1989-09-09 09:32:15+00:00,183.05875,189.275,187.28375,202.99888888888893,214.24777777777777,501.38,493.3625,221.95375,L5
1989-09-25 09:31:52+00:00,184.52,189.61875,187.10500000000002,203.25444444444443,214.92444444444445,501.315,493.28625,222.85125,L5
1989-10-11 09:31:29+00:00,181.7475,186.79125,185.08875,201.7566666666667,214.50666666666666,499.84375,488.48375000000004,223.6125,L5
1989-10-27 09:30:51+00:00,184.00875,188.30874999999997,186.8875,202.92999999999998,215.73777777777778,497.21375,486.22999999999996,223.51000000000002,L5
1989-11-12 09:30:31+00:00,185.19555555555556,190.14666666666665,188.33,204.099,216.80599999999998,495.5633333333333,485.31777777777774,222.28444444444446,L5
1989-12-14 09:29:38+00:00,182.7811111111111,188.64555555555555,188.98999999999998,203.077,214.26100000000002,478.8577777777777,471.3688888888889,218.72444444444443,L5
1989-12-30 09:29:08+00:00,183.16444444444446,188.29555555555555,190.10777777777778,202.904,213.98899999999998,447.3522222222222,438.1222222222222,217.48999999999998,L5
1990-01-15 09:28:33+00:00,184.7255555555556,191.85222222222222,192.2888888888889,203.41299999999998,213.267,424.546,414.666,217.47875,L5
1990-01-31 09:28:06+00:00,183.99444444444444,191.2388888888889,193.83555555555554,202.53,213.791,395.09499999999997,384.877,214.22625,L5
1990-04-21 09:26:22+00:00,184.04571428571427,192.51285714285717,195.24714285714285,203.96714285714285,213.04285714285717,312.05,301.37142857142857,207.64333333333332,L5
1990-05-07 09:26:19+00:00,181.84714285714287,191.08714285714288,194.6914285714286,201.53714285714287,210.87285714285713,314.4542857142857,302.9942857142857,206.95833333333334,L5
1990-05-23 09:26:20+00:00,179.08714285714288,189.51857142857145,193.82833333333335,199.35666666666665,208.28166666666667,286.46999999999997,306.2557142857143,208.65666666666664,L5
1990-06-24 09:26:18+00:00,180.08714285714288,190.49857142857144,193.23833333333334,200.71833333333333,211.8983333333333,312.07166666666666,325.68571428571425,211.97833333333332,L5
1990-07-10 09:26:16+00:00,178.66000000000003,189.33142857142857,190.0666666666667,201.71166666666667,212.87833333333333,358.335,366.90714285714284,213.44333333333336,L5
1990-07-26 09:26:12+00:00,179.36000000000004,189.45714285714286,190.16666666666666,205.16666666666666,217.53499999999997,405.62999999999994,406.71000000000004,213.28,L5
1990-08-11 09:26:07+00:00,179.14285714285714,188.7042857142857,188.585,204.17999999999998,217.15,453.7716666666667,447.84,215.93142857142857,L5
1990-08-27 09:26:01+00:00,179.765,189.315,188.38285714285715,204.51000000000002,218.87142857142857,460.1228571428572,451.89625,217.19375000000002,L5
1990-09-12 09:25:59+00:00,180.59,190.15888888888887,189.08375,205.70000000000002,220.32,464.63625,455.2077777777778,218.89333333333335,L5
1990-09-28 09:25:50+00:00,181.317,190.847,190.40555555555557,206.4788888888889,221.35333333333335,468.0222222222222,457.87299999999993,219.679,L5
1990-10-14 09:25:44+00:00,180.7409090909091,189.99545454545452,189.501,205.6,220.189,472.24899999999997,461.36999999999995,219.02,L5
1990-10-30 09:25:35+00:00,180.84727272727275,189.11363636363637,188.708,205.359,219.44,499.44444444444446,487.297,217.11727272727273,L5
1991-01-02 09:26:01+00:00,180.64555555555555,188.3625,187.56666666666666,205.72111111111113,220.68750000000003,499.43571428571425,484.2471428571429,217.325,L5
1991-03-23 09:27:43+00:00,177.21800000000002,185.7625,186.7,202.002,212.98,499.40000000000003,489.74333333333334,214.675,L5
1991-04-08 09:27:54+00:00,175.50600000000003,183.6575,185.748,197.92000000000002,207.20749999999998,503.09,493.6766666666667,212.475,L5
1991-05-26 09:28:46+00:00,177.65750000000003,187.90333333333334,190.98999999999998,198.3425,209.76999999999998,500.67333333333335,492.2833333333333,220.5233333333333,L5
1991-06-27 09:29:13+00:00,179.714,188.79,192.298,200.43400000000003,211.165,501.09250000000003,492.485,218.8625,L5
1991-07-13 09:29:21+00:00,179.282,185.042,190.416,197.75799999999998,212.38600000000002,501.09250000000003,492.485,221.71999999999997,L5
1991-07-29 09:29:36+00:00,177.98000000000002,183.45333333333335,189.82500000000002,197.17666666666665,211.87,501.09250000000003,492.485,220.82500000000002,L5
1991-08-14 09:29:39+00:00,178.17714285714285,184.6357142857143,190.16857142857143,197.23857142857145,212.0614285714286,499.684,492.192,220.92000000000002,L5
1991-08-30 09:29:49+00:00,177.88125000000002,184.3575,189.8725,196.9125,211.955,502.04333333333335,493.0316666666667,220.7375,L5
1991-10-17 09:30:18+00:00,179.28857142857143,186.16714285714286,190.35999999999999,199.91428571428568,214.48857142857145,500.91,491.48400000000004,219.99142857142854,L5
1991-11-02 09:30:16+00:00,180.18625,187.32125,190.8675,201.01749999999998,213.66125,500.91,491.48400000000004,219.38875,L5
1991-12-04 09:30:36+00:00,179.44500000000002,187.625,190.95625,201.60875000000001,213.00875000000002,500.37750000000005,491.31500000000005,216.375,L5
1992-01-05 09:30:23+00:00,179.635,188.07750000000001,190.84625,200.99,211.83875,499.72,490.72333333333336,216.73142857142855,L5
1992-02-22 09:30:17+00:00,186.125,195.88666666666666,195.54,206.29,211.92499999999998,499.07666666666665,490.70666666666665,209.538,L5
1992-03-09 09:30:19+00:00,186.585,195.65499999999997,194.615,208.622,212.06799999999998,491.695,487.44499999999994,208.706,L5
1992-05-28 09:29:42+00:00,185.67000000000002,192.84199999999998,192.704,205.12,210.205,501.23,495.95000000000005,205.8,L5
1992-06-29 09:29:20+00:00,187.1,193.08,192.286,206.0575,214.495,498.61999999999995,492.2633333333333,214.33,L5
1992-07-15 09:29:08+00:00,187.43200000000002,193.098,191.76,210.37,221.57500000000002,497.90749999999997,489.0325,215.96800000000002,L5
1992-07-31 09:28:56+00:00,187.27166666666668,193.01999999999998,192.33333333333334,208.49200000000002,221.748,497.20199999999994,487.014,215.995,L5
1992-09-01 09:28:26+00:00,183.97166666666666,187.46666666666667,187.25,204.648,218.97200000000004,496.67600000000004,487.216,217.97166666666666,L5
1992-11-04 09:27:22+00:00,182.58166666666668,186.87,188.80000000000004,201.47833333333332,214.6016666666667,496.67600000000004,487.216,214.61666666666665,L5
1993-01-23 09:27:51+00:00,179.7925,184.24249999999998,186.98000000000002,194.3875,206.46749999999997,491.93500000000006,485.46,208.95,L5
1993-02-24 09:28:05+00:00,176.6875,182.26999999999998,187.18,195.555,206.5475,489.49,491.98,206.505,L5
1993-03-12 09:28:18+00:00,179.03,188.15,192.32250000000002,200.33249999999998,211.8825,496.38,493.22,211.6375,L5
1993-05-15 09:28:37+00:00,181.62750000000003,189.66500000000002,190.5725,205.34249999999997,219.075,496.38,493.22,216.04500000000002,L5
1993-05-31 09:28:40+00:00,181.942,189.768,188.25,206.91,220.06,499.05,492.88,215.63600000000002,L5
1993-07-18 09:28:32+00:00,183.58333333333334,191.01666666666668,189.295,207.03166666666667,220.67333333333332,495.68,488.5,217.73333333333335,L5
1993-08-03 09:28:32+00:00,183.76666666666665,189.1916666666667,189.58666666666667,207.68500000000003,222.45166666666668,497.99,489.7075,219.69500000000002,L5
1993-08-19 09:28:32+00:00,184.0142857142857,190.70285714285714,190.80857142857144,207.42142857142858,222.4385714285714,498.25600000000003,488.434,221.81,L5
1994-03-31 09:26:30+00:00,179.33,191.77,183.59,195.43,215.33,,,231.56,L5
1994-06-19 09:24:58+00:00,176.78,187.4,186.615,197.48000000000002,215.955,509.11,495.85,221.7,L5
1994-07-05 09:24:34+00:00,179.26999999999998,187.79999999999998,185.03,200.64000000000001,216.25666666666666,503.145,489.855,221.29,L5
1994-07-21 09:24:07+00:00,177.9925,185.9125,186.0525,199.285,214.72250000000003,504.09666666666664,491.56333333333333,218.77,L5
1994-08-22 09:23:17+00:00,179.406,186.946,187.402,201.32,215.606,504.48,491.345,221.996,L5
1994-09-07 09:22:53+00:00,180.31166666666664,188.24833333333333,188.62333333333333,202.11833333333334,214.66833333333332,503.38,490.34800000000007,221.135,L5
1994-10-25 09:21:28+00:00,180.535,186.70333333333335,190.46166666666667,202.65333333333334,215.13333333333335,502.65333333333336,491.7066666666667,217.8216666666667,L5
1994-12-12 09:19:52+00:00,180.97714285714284,187.09285714285716,190.98285714285717,202.69285714285712,213.8457142857143,502.65333333333336,491.7066666666667,214.6757142857143,L5
1995-01-13 09:18:46+00:00,177.95166666666668,183.9466666666667,190.77166666666668,199.94166666666663,209.36166666666668,502.4075,492.63250000000005,208.53166666666667,L5
1995-04-19 09:14:54+00:00,174.3575,179.9,191.57,197.6775,207.66500000000002,503.35,497.185,200.73250000000002,L5
1995-05-05 09:14:11+00:00,178.66,183.715,192.0825,199.13,208.675,501.145,489.675,202.88750000000002,L5
1995-05-21 09:13:28+00:00,178.066,182.99200000000002,189.698,196.47,208.89600000000002,504.3066666666667,491.15000000000003,207.852,L5
1995-07-24 09:10:32+00:00,182.0525,187.86499999999998,191.9275,197.1025,214.415,501.6175,491.1075,220.9425,L5
1995-09-10 09:08:19+00:00,181.81400000000002,187.79,191.906,199.464,216.344,499.79400000000004,490.3,220.656,L5
1996-02-17 09:11:43+00:00,168.77,178.585,188.875,199.23000000000002,213.6,494.505,487.66999999999996,213.76999999999998,L5
1996-03-04 09:12:46+00:00,173.77666666666667,184.24,190.38333333333333,201.61,212.5533333333333,499.5366666666667,490.4266666666667,214.1933333333333,L5
1996-04-05 09:14:50+00:00,172.6,181.87,192.57000000000002,197.7166666666667,208.12,504.34,494.32,213.64666666666668,L5
1996-05-23 09:17:41+00:00,175.33,184.2525,192.81,199.57750000000001,211.1075,502.665,494.27250000000004,217.41,L5
1996-06-08 09:18:34+00:00,178.388,186.324,192.26,198.454,211.28400000000002,501.01000000000005,494.25600000000003,220.43400000000003,L5
1996-07-10 09:20:15+00:00,177.86333333333334,184.64166666666665,189.47,196.48666666666668,210.41333333333333,502.6616666666667,494.55,221.535,L5
1996-07-26 09:21:07+00:00,178.73857142857145,185.20428571428573,189.34,196.71857142857144,210.53857142857143,502.4057142857143,494.5857142857143,223.3657142857143,L5
1996-08-11 09:21:57+00:00,179.845,185.9725,190.1475,197.49875,212.07625,501.37,493.0875,223.31125,L5
1996-09-28 09:24:33+00:00,182.73285714285717,185.89285714285714,188.7571428571429,196.22142857142856,211.83,500.7042857142857,493.75,225.28285714285715,L5
1996-11-15 09:26:56+00:00,181.7657142857143,185.1685714285714,186.57571428571427,196.55571428571426,211.61857142857144,499.67,492.9166666666667,222.0885714285714,L5
1996-12-17 09:28:27+00:00,180.37833333333333,184.65833333333333,187.11166666666668,197.37833333333333,210.11666666666665,501.4975,492.295,218.67799999999997,L5
1997-02-19 09:31:22+00:00,175.65000000000003,179.7875,184.7475,195.1925,204.6475,500.08,495.76,201.80999999999997,L5
1997-03-23 09:32:37+00:00,177.70600000000002,181.78199999999998,186.522,198.76000000000002,208.502,500.28,490.225,205.805,L5
1997-04-08 09:33:12+00:00,177.28400000000002,184.18400000000003,186.996,200.614,210.752,501.475,488.63,207.9425,L5
1997-04-24 09:33:46+00:00,178.91666666666666,185.85833333333335,188.385,201.1016666666667,213.93500000000003,498.07666666666665,486.41333333333336,210.31199999999998,L5
1997-05-10 09:34:19+00:00,178.74571428571429,187.04714285714286,189.11714285714285,201.76857142857145,214.52,500.8625,488.3175,211.67166666666665,L5
1997-07-13 09:36:33+00:00,180.73666666666668,188.78166666666667,189.455,201.86166666666668,217.49833333333333,500.424,488.756,217.9466666666667,L5
1997-07-29 09:37:05+00:00,181.4057142857143,189.50571428571428,189.53571428571428,201.54714285714286,217.38000000000002,501.72499999999997,489.8516666666667,218.55714285714288,L5
1997-08-14 09:37:35+00:00,182.1475,189.33375,189.89,202.11875,218.695,501.54285714285714,489.95,220.2,L5
1997-08-30 09:38:05+00:00,184.05624999999998,191.54000000000002,191.5325,204.08875,220.32000000000002,501.83375,490.04875,222.64,L5
1997-10-01 09:39:00+00:00,184.01500000000001,192.37875,191.74375,202.615,219.08875,500.7975,490.885,222.2925,L5
1997-11-02 09:39:52+00:00,183.37285714285713,192.16,193.07857142857142,202.57999999999998,217.8885714285714,500.21285714285716,491.39142857142855,221.77857142857144,L5
1997-11-18 09:40:14+00:00,184.64714285714285,192.7,193.71285714285713,202.92285714285714,218.45142857142855,498.8857142857143,491.0442857142857,220.19571428571427,L5
1998-01-21 09:41:44+00:00,180.01142857142855,192.07499999999996,190.33285714285714,199.0885714285714,212.95285714285714,498.9216666666667,491.1333333333334,213.4042857142857,L5
1998-02-06 09:42:06+00:00,177.69285714285712,190.22166666666666,190.99142857142857,199.53571428571428,210.6585714285714,497.06000000000006,490.294,211.93499999999997,L5
1998-03-10 09:42:39+00:00,173.00166666666667,188.73,188.15499999999997,196.4366666666667,206.5,493.66,490.06333333333333,206.192,L5
1998-03-26 09:42:52+00:00,173.89000000000001,188.66333333333333,188.6057142857143,197.68714285714285,207.5442857142857,496.93,491.57250000000005,209.76333333333332,L5
1998-05-13 09:43:32+00:00,173.08,188.01,187.00166666666667,198.82666666666668,207.97833333333332,500.5133333333333,491.3433333333333,211.37600000000003,L5
1998-06-14 09:44:01+00:00,170.59,184.134,184.37833333333333,196.45666666666668,206.5666666666667,500.80499999999995,494.7633333333333,213.346,L5
1998-08-01 09:44:28+00:00,175.11166666666668,183.9,188.79833333333332,202.16333333333333,213.76,501.6033333333333,493.7825,220.152,L5
1998-08-17 09:44:36+00:00,177.58,185.355,188.35,202.35833333333335,216.1783333333333,501.2875,492.13,220.92666666666665,L5
1998-09-02 09:44:48+00:00,177.6042857142857,184.6157142857143,189.09714285714287,203.24285714285716,216.18285714285713,501.832,492.72166666666664,218.00285714285715,L5
1998-09-18 09:44:56+00:00,179.48857142857142,185.18714285714285,191.96142857142857,205.5742857142857,218.06285714285713,502.0833333333333,492.4342857142857,219.3685714285714,L5
1998-10-04 09:44:58+00:00,179.14142857142858,184.14714285714285,192.26,205.1442857142857,217.21428571428572,501.7766666666667,491.6485714285714,217.60999999999999,L5
1998-10-20 09:44:58+00:00,178.47250000000003,182.32375000000002,190.745,202.73375,214.87875,501.7766666666667,493.26375,214.8625,L5
1998-11-05 09:45:03+00:00,178.11,181.97333333333333,189.60777777777778,202.96666666666667,215.4177777777778,502.76714285714286,493.65777777777777,213.5511111111111,L5
1998-11-21 09:45:10+00:00,177.62555555555556,181.36333333333334,190.05888888888887,202.13888888888889,213.78333333333333,504.08333333333326,494.57375,209.61333333333334,L5
1998-12-23 09:45:11+00:00,179.0711111111111,184.61111111111111,192.36333333333334,203.77666666666667,214.73333333333332,504.08333333333326,493.53285714285715,208.3977777777778,L5
1999-01-24 09:45:11+00:00,178.46499999999997,184.594,193.427,203.654,215.075,501.38999999999993,493.315,208.3977777777778,L5
1999-03-13 09:45:10+00:00,177.54375,184.68375,192.51125,201.47375,213.8125,501.316,494.52333333333337,207.20285714285714,L5
1999-04-14 09:44:51+00:00,176.15428571428575,183.36142857142858,189.74142857142857,198.06571428571428,211.84,500.54,496.4,205.80166666666665,L5
1999-04-30 09:44:50+00:00,177.61285714285714,186.79999999999998,191.26857142857142,201.04285714285717,215.49714285714285,500.46400000000006,494.45799999999997,211.23499999999999,L5
1999-06-01 09:44:14+00:00,177.13,186.16833333333332,191.80166666666665,200.08833333333334,216.3066666666667,499.50200000000007,494.122,217.69400000000002,L5
1999-07-03 09:43:56+00:00,177.29,183.45833333333334,189.93833333333336,198.245,214.76833333333332,501.51500000000004,494.25333333333333,219.91,L5
1999-07-19 09:43:52+00:00,177.75285714285715,184.24142857142857,189.52,198.48142857142855,215.59714285714284,502.46714285714285,494.8228571428572,219.91,L5
1999-08-04 09:43:50+00:00,178.33285714285714,184.09428571428572,187.09714285714287,197.88714285714286,214.71,505.5828571428571,495.2528571428572,219.16714285714286,L5
1999-08-12 09:59:01+00:00,178.37375,183.1275,187.0975,197.87625,215.725,506.71375,494.87750000000005,218.28625,L7
1999-08-20 09:43:39+00:00,178.3211111111111,183.0822222222222,186.80444444444444,197.31333333333336,214.90111111111113,506.71375,495.70444444444445,217.70222222222222,L5
1999-08-28 09:59:04+00:00,178.59099999999998,183.43900000000002,187.404,197.47899999999998,215.538,508.3566666666667,495.831,217.16500000000002,L7
1999-09-05 09:43:10+00:00,179.57454545454544,184.85363636363638,187.61454545454546,198.65727272727273,216.77545454545455,507.264,494.88909090909095,218.36818181818182,L5
1999-09-13 09:58:59+00:00,180.21636363636364,185.7009090909091,188.52545454545452,199.8345454545455,217.53545454545454,508.24000000000007,494.45000000000005,218.2318181818182,L7
1999-10-07 09:42:45+00:00,180.59416666666667,186.4425,189.285,199.88,217.56500000000003,506.7127272727273,493.83500000000004,218.95000000000002,L5
1999-11-08 09:42:06+00:00,180.67909090909092,186.99909090909094,189.99454545454546,200.60727272727271,218.05454545454543,507.573,494.43545454545455,216.0181818181818,L5
1999-11-16 09:59:01+00:00,180.955,187.65416666666667,190.9991666666667,201.8216666666667,218.86416666666665,506.96181818181816,493.9208333333333,215.03666666666666,L7
1999-12-02 09:58:56+00:00,181.54272727272726,188.47181818181815,191.68000000000004,201.94818181818184,218.97500000000002,505.86909090909097,493.1816666666667,214.01833333333332,L7
1999-12-18 09:59:04+00:00,181.74416666666664,188.7508333333333,191.99846153846153,201.80083333333334,218.2046153846154,505.15500000000003,493.29846153846154,213.05999999999997,L7
2000-01-03 09:58:57+00:00,181.885,189.9766666666667,192.44615384615386,203.00583333333336,218.42846153846156,504.57090909090914,493.16416666666663,212.69999999999996,L7
2000-01-11 09:41:07+00:00,182.05923076923077,190.72923076923078,194.49214285714288,203.18692307692305,218.01571428571427,504.57090909090914,493.16416666666663,210.04230769230767,L5
2000-01-19 09:58:54+00:00,181.17846153846156,189.36153846153846,194.37714285714284,202.66384615384615,217.11499999999998,504.21000000000004,492.70272727272726,208.69615384615386,L7
2000-02-04 09:58:54+00:00,181.5323076923077,189.77076923076922,195.31071428571428,202.12307692307692,216.8607142857143,504.13100000000003,492.7845454545455,207.74923076923076,L7
2000-02-20 09:58:47+00:00,180.67333333333332,189.79916666666665,194.45615384615382,201.83166666666668,215.0230769230769,502.9644444444445,491.7844444444445,205.83833333333334,L7
2000-03-07 09:58:42+00:00,180.39818181818183,190.30363636363634,195.04916666666668,200.94909090909093,212.56999999999996,502.1725,492.5075,203.36545454545455,L7
2000-03-23 09:58:44+00:00,179.27727272727273,188.09000000000003,193.65666666666664,199.58090909090907,211.70083333333335,502.89000000000004,494.34125,202.39636363636365,L7
2000-04-24 09:58:27+00:00,178.7718181818182,186.54,192.46833333333333,198.50454545454542,210.33166666666668,506.10125000000005,495.25624999999997,200.8590909090909,L7
2000-06-19 09:42:35+00:00,179.25777777777776,185.43666666666667,191.44444444444446,197.5611111111111,208.81111111111113,510.47800000000007,496.90199999999993,204.22875,L5
2000-06-27 09:57:49+00:00,178.964,185.10999999999999,190.542,196.93,209.47200000000004,512.0916666666667,498.0083333333334,205.55444444444444,L7
2000-08-30 09:57:02+00:00,180.66,184.34833333333336,187.72166666666666,198.69833333333335,214.37666666666667,513.1516666666666,497.25,214.5683333333333,L7
2000-09-15 09:56:43+00:00,179.70666666666668,182.76833333333332,186.67666666666665,199.60833333333335,217.68000000000004,513.7133333333333,496.39000000000004,214.32333333333335,L7
2000-10-17 09:56:17+00:00,181.12,185.27666666666664,187.03666666666666,198.60333333333332,211.71500000000003,512.4759999999999,495.168,213.74166666666665,L7
2000-12-20 09:56:33+00:00,181.048,189.19599999999997,188.60999999999999,200.51600000000002,213.47600000000003,515.2566666666665,495.3233333333333,209.32200000000003,L7
2001-02-14 09:46:08+00:00,181.294,188.572,191.686,203.22,214.308,512.8049999999998,491.21500000000003,207.158,L5
2001-03-18 09:46:17+00:00,181.25750000000002,186.725,191.4875,199.63,208.635,509.75,493.65,212.97750000000002,L5
2001-05-13 09:56:03+00:00,181.07000000000002,188.48,193.2,199.945,218.60500000000002,506.04499999999996,494.06,217.44,L7
2001-05-29 09:55:55+00:00,182.16600000000003,189.86599999999999,193.218,201.144,219.91400000000004,507.57,492.7,216.32399999999998,L7
2001-06-06 09:46:30+00:00,180.96000000000004,188.97,192.36166666666668,201.26,219.10500000000002,507.475,494.255,215.84166666666667,L5
2001-06-14 09:55:43+00:00,180.80285714285716,188.06,191.39714285714285,200.5742857142857,219.81285714285715,508.256,495.326,215.21571428571428,L7
2001-06-30 09:55:29+00:00,180.51142857142858,186.95142857142855,189.8842857142857,199.66714285714286,220.69857142857146,508.355,495.44,217.91000000000003,L7
2001-08-01 09:55:16+00:00,180.30625,187.25375,189.72125,199.21875,219.8675,509.78000000000003,495.84000000000003,217.25,L7
2001-08-17 09:54:57+00:00,181.09875000000002,188.3725,189.4225,200.56875000000002,221.0025,509.60375,494.92625,218.125,L7
2001-08-25 09:46:22+00:00,180.93444444444447,189.17888888888888,190.27444444444444,201.66222222222223,221.21444444444444,508.27666666666664,493.74777777777774,217.96444444444444,L5
2001-09-18 09:54:35+00:00,180.56444444444443,188.2888888888889,190.36222222222221,201.32666666666668,221.5511111111111,509.03222222222223,494.0888888888889,215.31125,L7
2001-10-04 09:54:23+00:00,180.825,188.369,191.003,201.76799999999997,222.13600000000002,509.168,493.74399999999997,214.55,L7
2001-11-05 09:54:31+00:00,180.38454545454545,188.59909090909093,191.58727272727273,201.61727272727273,221.72,508.7518181818181,493.3945454545455,212.998,L7
2001-12-07 09:54:41+00:00,180.17777777777778,187.7488888888889,192.09000000000003,201.1277777777778,220.49222222222224,508.7311111111111,493.0733333333333,211.82,L7
2002-01-08 09:54:52+00:00,181.42125,190.0025,194.88375,201.255,219.16625000000002,508.3357142857143,491.71999999999997,209.82799999999997,L7
2002-02-17 09:44:36+00:00,181.19285714285712,190.5742857142857,194.5557142857143,199.1757142857143,217.23000000000002,506.33000000000004,491.054,208.39,L5
2002-04-14 09:54:56+00:00,180.11599999999999,188.65800000000002,193.484,195.942,213.08,509.01666666666665,495.06333333333333,204.58333333333334,L7
2002-04-30 09:54:58+00:00,180.045,187.42666666666665,193.76500000000001,195.92499999999998,214.88500000000002,511.0775,496.8875,205.57500000000002,L7
2002-06-01 09:54:45+00:00,180.53166666666667,186.85666666666665,192.48000000000002,196.81499999999997,215.94499999999996,512.49,498.46000000000004,208.67999999999998,L7
2002-06-17 09:54:38+00:00,180.41666666666666,186.5633333333333,193.06333333333336,197.595,217.965,516.4025,498.9875,208.82999999999998,L7
2002-07-03 09:54:34+00:00,179.53571428571428,184.89857142857142,192.39142857142858,196.97285714285712,218.75857142857143,517.3720000000001,500.004,208.89666666666665,L7
2002-07-19 09:54:27+00:00,177.79714285714286,183.35142857142858,188.7514285714286,196.74857142857144,219.96,516.9183333333334,499.42333333333335,209.93,L7
2002-08-04 09:54:19+00:00,178.4025,184.42125,188.52875,198.03500000000003,221.01624999999999,515.4671428571429,497.9414285714286,211.095,L7
2002-08-20 09:54:16+00:00,178.70625,184.45625,188.89749999999998,200.42499999999998,222.965,515.03125,496.89750000000004,211.4725,L7
2002-09-05 09:54:07+00:00,179.20333333333332,185.20111111111112,190.05333333333334,201.33555555555554,223.3722222222222,514.4444444444445,496.1555555555555,211.4177777777778,L7
2002-09-21 09:53:54+00:00,179.355,185.66400000000002,190.672,201.91799999999998,223.169,514.051,495.543,211.002,L7
2002-10-07 09:53:50+00:00,179.35090909090908,184.9709090909091,190.19727272727275,201.05,221.52363636363634,513.9709090909091,495.42454545454547,210.4018181818182,L7
2003-01-27 09:54:37+00:00,181.17333333333332,187.08166666666668,191.79333333333332,203.60666666666668,218.23499999999999,510.434,490.62600000000003,210.85999999999999,L7
2003-02-12 09:54:48+00:00,182.875,188.415,193.90499999999997,204.26666666666665,217.59500000000003,509.25200000000007,491.06800000000004,210.308,L7
2003-03-16 09:54:51+00:00,182.95600000000002,187.686,192.31,200.196,213.406,508.17666666666673,491.8433333333334,212.15750000000003,L7
2003-04-17 09:54:53+00:00,183.68,189.81,193.1025,200.38,214.9825,502.27,492.365,216.15666666666667,L7
2003-05-19 09:54:48+00:00,184.804,192.06400000000002,191.998,203.618,218.38799999999998,503.0,491.94,217.36249999999998,L7
2003-06-28 09:42:14+00:00,182.55166666666665,189.49166666666667,190.10833333333335,202.3083333333333,217.00666666666666,504.275,493.90250000000003,216.95999999999998,L5
2003-07-14 09:42:31+00:00,182.6142857142857,188.92142857142858,190.03857142857143,202.90285714285713,217.70999999999998,504.54400000000004,494.29200000000003,218.74,L5
2003-08-31 09:43:23+00:00,181.125,189.51333333333332,188.67499999999998,203.60500000000002,220.58666666666667,504.10600000000005,494.642,219.05499999999998,L5
2003-09-16 09:43:40+00:00,180.75833333333333,188.52833333333334,189.14166666666665,205.09833333333333,221.52,504.23,494.42,218.48333333333332,L5
2003-12-13 09:54:54+00:00,179.606,188.322,192.83599999999998,206.142,220.04000000000002,445.61,433.226,211.558,L7
2004-01-22 09:44:57+00:00,177.495,187.9375,195.3225,204.58999999999997,216.88,353.87,340.72749999999996,199.59,L5
2004-01-30 09:55:12+00:00,177.78,187.2,194.082,202.11399999999998,213.43200000000002,323.922,311.752,198.798,L7
2004-03-26 09:45:14+00:00,174.86,183.7575,191.72500000000002,197.9575,206.3675,209.5025,195.4225,193.14,L5
2004-05-29 09:47:04+00:00,176.728,184.06400000000002,191.642,197.648,209.39000000000001,268.826,256.192,198.454,L5
2004-06-06 09:55:14+00:00,175.765,183.455,190.24,196.49166666666667,211.73000000000002,310.7716666666667,297.5183333333334,200.63333333333333,L7
2004-06-14 09:47:32+00:00,174.10833333333335,179.35999999999999,185.71,191.11166666666668,208.94666666666663,360.98499999999996,350.295,207.27,L5
2004-06-30 09:48:01+00:00,175.52857142857144,180.46571428571428,186.35857142857142,193.66,210.5885714285714,381.40000000000003,371.04571428571427,208.35999999999999,L5
2004-07-16 09:48:28+00:00,176.8175,182.68125,187.54500000000002,195.32875,211.71499999999997,396.02125,385.16499999999996,210.4575,L5
2004-08-17 09:49:12+00:00,177.80142857142854,184.11142857142858,187.06,197.7642857142857,216.4542857142857,467.52857142857147,455.3942857142857,216.91428571428574,L5
2004-09-02 09:49:38+00:00,178.17374999999998,184.95125,187.905,198.47499999999997,216.9525,471.97875000000005,460.44875,216.9125,L5
2004-09-18 09:50:02+00:00,179.24111111111108,185.28333333333333,188.5977777777778,199.51333333333332,217.0522222222222,473.94777777777784,464.0877777777778,217.07111111111112,L5
2004-11-05 09:51:03+00:00,179.86666666666667,186.72333333333333,190.63222222222223,200.67444444444448,218.2811111111111,505.45250000000004,495.9425,214.25333333333333,L5
2005-03-21 09:55:50+00:00,182.64999999999998,196.515,198.24,206.17000000000002,220.77999999999997,500.45,491.1,206.985,L7
2005-04-06 09:55:46+00:00,186.10999999999999,197.46,202.28666666666666,209.63666666666666,224.33666666666667,501.855,487.84000000000003,212.76,L7
2005-04-22 09:55:40+00:00,184.505,194.8175,195.5,210.29,223.0,504.3966666666667,489.48,212.82999999999998,L7
2005-05-16 09:53:25+00:00,184.3925,191.6175,192.15,210.12,222.4775,506.3975,492.1475,219.23250000000002,L5
2005-07-03 09:53:45+00:00,184.3925,199.95999999999998,189.554,210.12,222.4775,503.6139999999999,492.1475,219.23250000000002,L5
2005-09-05 09:54:15+00:00,184.422,199.1016666666667,189.83666666666667,209.06800000000004,222.802,503.2916666666667,492.58000000000004,220.984,L5
2005-10-31 09:55:28+00:00,181.79,200.29250000000002,186.7475,200.83666666666667,216.10333333333332,505.60749999999996,495.8333333333333,214.87,L7
2005-11-08 09:54:22+00:00,183.2475,200.1,189.10399999999998,201.83,216.20749999999998,502.63599999999997,492.9275,212.07,L5
2005-11-24 09:54:46+00:00,183.8725,201.518,191.166,203.29000000000002,217.04000000000002,500.195,490.52000000000004,208.57999999999998,L5
2005-12-18 09:55:45+00:00,184.534,201.518,192.28833333333333,201.042,212.598,501.034,491.795,208.57999999999998,L7
2006-01-03 09:55:54+00:00,184.534,193.565,194.912,198.9716666666667,210.21666666666667,503.1725,491.795,203.548,L7
2006-01-19 09:56:03+00:00,182.83333333333334,189.35999999999999,193.835,197.36714285714288,208.8414285714286,503.1725,491.795,203.548,L7
2006-01-27 09:56:13+00:00,183.21,190.29999999999998,194.08571428571426,198.38250000000002,209.715,499.796,491.746,203.93166666666664,L5
2006-02-12 09:56:36+00:00,183.5725,191.19714285714284,194.26749999999998,198.9688888888889,210.09222222222223,499.796,491.746,204.03714285714287,L5
2006-06-04 09:58:32+00:00,182.24200000000002,187.17,192.63400000000001,195.30499999999998,205.08,500.34999999999997,494.5933333333333,202.96,L5
2006-06-12 09:56:09+00:00,181.20000000000002,186.822,190.98833333333334,196.0557142857143,206.25714285714284,504.295,496.785,203.61,L7
2006-06-20 09:58:48+00:00,179.24333333333334,184.745,186.71166666666667,197.31,208.7971428571429,505.1325,499.5025,205.43333333333337,L5
2006-07-14 09:55:56+00:00,177.81571428571428,182.61714285714285,186.34285714285713,198.01,212.1614285714286,505.1325,499.5025,209.41833333333332,L7
2006-07-30 09:55:49+00:00,177.64499999999998,182.94833333333335,184.59333333333333,197.885,215.415,511.365,498.9575,209.94000000000003,L7
2006-08-23 09:59:39+00:00,176.24666666666667,180.67666666666665,183.87,196.58833333333334,215.24333333333334,510.718,499.436,211.73000000000002,L5
2006-10-10 10:00:13+00:00,177.57285714285715,183.18714285714285,185.29857142857142,198.66857142857143,216.8942857142857,507.19166666666666,498.06333333333333,213.07714285714286,L5
2006-10-26 10:00:24+00:00,178.43625,184.00625,186.54375,200.18,216.70499999999998,505.5757142857143,497.51000000000005,212.925,L5
2006-11-03 09:55:55+00:00,179.02444444444444,186.09888888888887,188.11222222222221,201.85888888888888,217.91111111111113,504.55375,496.20875,212.16333333333333,L7
2006-11-19 09:56:06+00:00,179.259,186.781,190.202,201.88,217.85700000000003,503.7988888888888,495.41999999999996,210.814,L7
2006-12-05 09:56:15+00:00,178.961,186.297,190.573,202.72555555555556,218.97333333333336,502.4866666666667,494.90111111111105,208.464,L7
2006-12-29 10:00:54+00:00,182.1577777777778,190.32222222222222,195.06777777777776,203.67,219.1775,499.7871428571429,492.03714285714284,207.98499999999999,L5
2007-01-30 10:01:05+00:00,183.65,193.87125,198.165,207.27571428571426,218.35,497.88166666666666,492.4816666666666,206.20142857142855,L5
2007-03-27 09:56:40+00:00,184.295,195.54000000000002,198.82375,209.61285714285714,220.6042857142857,498.59499999999997,491.55166666666673,207.0514285714286,L7
2007-07-01 09:56:22+00:00,182.71,194.4766666666667,198.40666666666667,212.67666666666665,227.11666666666667,510.52,492.855,215.01000000000002,L7
2007-07-09 09:59:51+00:00,183.3725,191.51749999999998,196.11,210.815,225.16,510.45666666666665,494.03,216.3125,L5
2007-07-17 09:56:19+00:00,181.678,190.52,193.934,208.44400000000002,224.21999999999997,512.5625,496.1225,214.344,L7
2007-08-02 09:56:15+00:00,181.48,189.53199999999998,191.554,209.064,225.622,514.118,496.896,217.24,L7
2007-12-24 09:56:28+00:00,180.514,187.19400000000002,191.76399999999998,206.49,221.23600000000002,514.5450000000001,497.1775,212.06599999999997,L7
2008-01-25 09:56:28+00:00,179.53333333333333,190.5333333333333,194.41333333333333,207.57000000000002,216.21666666666667,520.34,499.99,202.92,L7
2008-02-10 09:56:26+00:00,181.39333333333335,191.5633333333333,195.33333333333334,207.1866666666667,215.59,501.28,485.25,202.2733333333333,L7
2008-02-26 09:56:21+00:00,182.115,192.3025,196.3975,207.04250000000002,217.8325,507.385,490.33000000000004,204.58999999999997,L7
2008-04-06 09:55:39+00:00,181.46200000000002,191.006,195.866,206.06,217.80599999999998,506.75666666666666,493.5466666666667,209.192,L5
2008-05-08 09:54:49+00:00,179.7216666666667,188.58666666666667,193.0566666666667,205.29,216.56500000000003,506.75666666666666,496.07,208.64,L5
2008-06-25 09:53:32+00:00,179.585,189.04666666666665,192.43000000000004,205.44499999999996,218.01999999999998,507.4825,496.834,211.48,L5
2008-07-11 09:53:05+00:00,179.57285714285715,189.41428571428574,191.34285714285716,206.04571428571427,218.74714285714285,507.738,496.47,211.79,L5
2008-08-04 09:55:22+00:00,178.4042857142857,188.16857142857143,191.32142857142858,204.73857142857145,219.97142857142856,509.98499999999996,496.29714285714283,212.89142857142855,L7
2008-09-29 09:50:46+00:00,177.34,187.75166666666667,191.2266666666667,204.82000000000002,218.09500000000003,508.2900000000001,495.83,213.73833333333334,L5
2008-11-08 09:55:12+00:00,179.032,192.54000000000002,194.808,206.108,221.01999999999998,506.67600000000004,492.1,210.91800000000003,L7
2009-01-11 09:55:48+00:00,179.3275,195.755,199.425,207.385,221.4175,504.9866666666667,488.65333333333336,209.47000000000003,L7
2009-02-04 09:51:44+00:00,179.385,194.89,198.215,205.54250000000002,216.3025,496.87,485.35,208.20333333333335,L5
2009-02-28 09:56:10+00:00,181.182,196.28,198.542,207.1,218.31599999999997,500.3,487.8233333333333,208.04250000000002,L7
2009-03-08 09:52:31+00:00,178.84666666666666,190.54,195.04333333333332,203.32666666666668,214.275,500.3,487.8233333333333,203.316,L5
2009-05-03 09:56:32+00:00,178.52333333333334,189.28,193.52666666666667,201.76500000000001,215.48000000000002,502.86000000000007,490.30999999999995,205.61999999999998,L7
2009-05-11 09:53:49+00:00,177.75666666666666,186.67166666666665,191.63666666666666,202.11666666666667,215.51666666666665,507.09,495.01666666666665,208.13000000000002,L5
2009-05-19 09:56:34+00:00,177.71571428571428,187.15285714285713,190.9842857142857,202.3657142857143,217.42142857142858,505.96500000000003,494.015,209.80166666666665,L7
2009-06-04 09:56:34+00:00,177.88125,187.855,190.98874999999998,203.01625,218.6925,507.196,494.334,211.53,L7
2009-06-12 09:54:24+00:00,177.17999999999998,187.42999999999998,191.02333333333334,203.06888888888886,218.8311111111111,508.2166666666667,495.1366666666666,212.0675,L5
2009-06-28 09:54:41+00:00,176.94400000000002,187.60999999999999,191.06199999999998,202.93699999999998,218.804,508.45714285714286,495.78999999999996,212.79777777777778,L5
2009-07-30 09:55:12+00:00,176.89299999999997,186.501,188.852,202.622,218.718,507.91,495.92125,213.215,L5
2009-08-15 09:55:27+00:00,178.132,187.42000000000002,189.368,203.30200000000002,220.719,506.7811111111111,495.6388888888889,214.652,L5
2009-08-31 09:55:41+00:00,177.21999999999997,186.01600000000002,188.204,202.16500000000002,220.56199999999998,506.2677777777778,495.3877777777777,215.969,L5
2009-10-26 09:56:27+00:00,178.743,189.917,190.533,205.253,224.003,505.567,494.41,218.238,L7
2009-11-19 09:56:30+00:00,179.455,191.63875000000002,192.3325,205.2525,222.23749999999998,503.4275,494.0425,216.255,L5
2009-12-05 09:56:39+00:00,178.47,188.16625000000002,191.55499999999998,203.16,218.43,502.1857142857143,493.81857142857143,212.54749999999999,L5
2010-01-22 09:56:58+00:00,179.44142857142856,187.8314285714286,191.5914285714286,202.76857142857142,218.27857142857144,500.37999999999994,493.0816666666667,211.39714285714285,L5
2010-02-23 09:57:04+00:00,177.75,184.76666666666668,192.0666666666667,202.2266666666667,216.46333333333328,501.308,492.784,207.12499999999997,L5
2010-03-11 09:57:05+00:00,175.71166666666667,181.32333333333335,190.63666666666666,199.83333333333334,212.33833333333334,501.0,493.3525000000001,205.17499999999998,L5
2010-04-20 09:58:20+00:00,176.89714285714285,183.46285714285713,191.31571428571428,199.59285714285716,213.85714285714286,504.1940000000001,493.23400000000004,207.9042857142857,L7
2010-05-22 09:58:14+00:00,175.56000000000003,178.9316666666667,187.81500000000003,195.43500000000003,209.63833333333332,511.08666666666676,496.3433333333333,208.53833333333333,L7
2010-06-23 09:58:18+00:00,175.51166666666666,181.26333333333332,188.2733333333333,197.14333333333332,213.54166666666666,513.0575,497.3975,211.39,L7
2010-09-03 09:56:24+00:00,177.64399999999998,185.092,188.548,197.80400000000003,215.606,513.2533333333333,495.37999999999994,215.32,L5
2010-11-06 09:55:56+00:00,180.16,189.51999999999998,191.875,203.51999999999998,219.6725,508.05,495.07,211.7975,L5
2011-01-25 09:56:04+00:00,183.65333333333334,196.17999999999998,195.95666666666668,206.64666666666665,221.74666666666667,502.59000000000003,492.32500000000005,211.35666666666668,L5
2011-02-10 09:56:06+00:00,187.555,196.1575,195.7425,206.7025,223.655,502.59000000000003,486.4866666666667,211.35666666666668,L5
2011-02-26 09:56:05+00:00,187.63600000000002,196.1575,196.62199999999999,206.902,220.074,502.59000000000003,486.4866666666667,211.35666666666668,L5
2011-03-14 09:56:02+00:00,187.466,193.2225,196.064,206.984,218.61599999999999,499.12,486.16,208.54666666666665,L5
2011-03-22 09:59:41+00:00,187.535,194.882,195.57833333333335,205.98666666666668,218.37,502.0566666666667,487.81,213.5225,L7
2011-04-07 09:59:45+00:00,188.43285714285713,196.1866666666667,195.78714285714287,206.93142857142857,219.20857142857145,502.83500000000004,487.73199999999997,214.73200000000003,L7
2011-05-01 09:55:46+00:00,187.09,194.53285714285715,195.69,206.275,219.32125000000002,504.60600000000005,489.83666666666664,214.68666666666664,L5
2011-05-17 09:55:42+00:00,185.82,193.0557142857143,193.95,204.8625,219.47875,505.71999999999997,490.9533333333334,218.9033333333333,L5
2011-08-13 09:59:32+00:00,183.92428571428573,192.53333333333333,194.42857142857142,205.64714285714285,220.36714285714285,506.60999999999996,492.94000000000005,221.19500000000002,L7
2011-08-29 09:59:30+00:00,183.75857142857143,193.6614285714286,194.56428571428572,207.00142857142856,223.9257142857143,506.27714285714285,491.77714285714285,219.8385714285714,L7
2011-09-06 09:54:45+00:00,183.09875,192.10125,193.99625,205.89249999999998,223.5075,506.01374999999996,492.3075,219.51125,L5
2011-09-14 09:59:24+00:00,183.31125,193.285,194.94375000000002,206.99749999999997,224.30125,507.25124999999997,491.8275,218.93374999999997,L7
2011-09-22 09:54:31+00:00,182.94125,192.30875,195.26749999999998,207.23125000000002,225.0975,505.04499999999996,490.83875,217.2675,L5
2011-10-16 09:59:25+00:00,180.86125,190.70000000000002,194.085,205.21125,222.86375,506.66125,491.365,215.32874999999999,L7
2011-12-03 09:59:53+00:00,182.85142857142858,192.96571428571428,195.8557142857143,206.1757142857143,222.31714285714287,503.6271428571428,487.46714285714285,211.92142857142858,L7
2012-02-21 10:00:16+00:00,182.70142857142858,192.44285714285712,195.6914285714286,204.36714285714285,219.77857142857144,503.00428571428574,488.61285714285714,210.17714285714285,L7
2012-04-25 10:00:26+00:00,181.66,191.36,196.99333333333334,203.14333333333335,218.3466666666667,505.4133333333334,490.65000000000003,209.84666666666666,L7
2012-05-11 10:00:49+00:00,182.63250000000002,193.10000000000002,194.315,203.14333333333335,221.97750000000002,505.74250000000006,489.3475,213.2375,L7
2012-05-27 10:00:40+00:00,182.17000000000002,192.374,192.68800000000002,204.55,221.584,507.122,490.328,213.118,L7
2012-08-15 10:01:16+00:00,182.322,191.632,192.608,206.6925,224.47400000000002,509.66400000000004,491.36800000000005,219.586,L7
2012-09-16 10:01:34+00:00,182.754,191.544,191.11999999999998,208.24,226.67399999999998,509.84,490.07,221.196,L7
2012-10-02 10:01:45+00:00,182.785,191.885,192.21333333333334,209.446,226.37,510.9216666666667,490.6016666666667,220.11166666666668,L7
2013-01-06 10:02:18+00:00,182.405,191.42000000000002,195.64999999999998,205.3575,219.8125,509.1133333333334,488.9866666666667,216.2575,L7
2013-04-12 10:02:09+00:00,179.515,191.13,196.10000000000002,201.22,214.2,517.03,495.39,206.47,L7
2013-05-06 10:07:57+00:00,178.29666666666665,185.64000000000001,192.23333333333335,199.20666666666668,214.22333333333336,517.29,500.805,208.45666666666668,L8
2013-06-07 10:08:10+00:00,178.5,186.26,191.5925,198.78,215.51,517.29,500.805,207.4875,L8
2013-06-15 10:01:47+00:00,178.52,185.858,190.472,198.224,217.89000000000001,519.18,501.2133333333333,208.14600000000002,L7
2013-07-09 10:08:07+00:00,179.494,186.58,190.14399999999998,200.67800000000003,223.35,519.3175,498.97749999999996,211.48200000000003,L8
2013-07-25 10:08:06+00:00,179.81333333333336,186.87666666666667,190.47666666666666,202.06833333333336,224.29833333333332,519.146,497.784,211.15833333333333,L8
2013-08-02 10:01:23+00:00,180.66285714285712,187.95428571428573,191.94142857142856,203.8242857142857,225.36714285714285,517.2633333333333,495.75666666666666,213.03857142857143,L7
2013-08-18 10:01:27+00:00,181.0275,188.51,192.80874999999997,205.09375,225.62375,516.3671428571429,495.3671428571428,215.86,L7
2013-08-26 10:08:11+00:00,180.78333333333333,186.8322222222222,192.9011111111111,203.83777777777777,225.05333333333334,516.75,496.27125,214.98111111111112,L8
2013-09-03 10:01:39+00:00,180.989,187.614,193.112,204.326,225.346,515.42,495.3588888888888,214.80300000000003,L7
2013-09-11 10:08:08+00:00,180.989,187.614,193.112,204.326,225.08999999999997,515.316,494.99799999999993,214.31909090909093,L8
2013-09-27 10:08:00+00:00,181.19454545454548,188.67909090909095,193.72272727272727,205.42818181818183,225.13250000000002,515.1836363636364,494.2372727272727,214.245,L8
2013-10-29 10:07:51+00:00,181.31545454545454,188.3109090909091,193.94909090909093,205.71636363636364,224.75166666666667,514.6081818181818,493.38090909090903,213.355,L8
2013-11-06 10:02:16+00:00,180.52363636363637,187.98545454545456,192.55454545454543,204.43454545454543,222.37833333333333,514.3140000000001,492.09700000000004,212.73166666666668,L7
2013-11-14 10:07:50+00:00,180.38750000000002,188.55666666666664,193.06083333333333,203.6808333333333,221.2323076923077,513.7927272727273,491.90090909090907,211.32692307692307,L8
2013-12-16 10:07:39+00:00,180.87,189.8318181818182,194.6981818181818,205.48363636363638,220.19750000000002,512.876,490.8879999999999,210.85416666666666,L8
2014-01-01 10:07:31+00:00,180.76416666666668,189.78166666666667,195.18416666666667,204.5825,219.5023076923077,512.876,490.8879999999999,209.86615384615382,L8
2014-01-09 10:02:34+00:00,180.80166666666665,191.17166666666665,196.55500000000004,205.44916666666668,218.62615384615384,509.7580000000001,491.21100000000007,209.5433333333333,L7
2014-01-25 10:02:54+00:00,180.5875,190.60083333333333,196.83249999999998,204.08833333333334,217.14692307692306,508.7911111111112,491.0111111111112,209.3133333333333,L7
2014-02-26 10:02:51+00:00,179.87555555555556,191.88666666666668,196.52666666666667,202.99222222222227,215.42636363636365,506.53285714285715,489.6471428571428,205.131,L7
2014-03-06 10:06:42+00:00,179.80111111111108,190.9011111111111,195.96333333333334,201.7288888888889,214.73636363636362,507.0485714285714,490.6842857142857,205.09900000000002,L8
2014-03-22 10:06:31+00:00,180.21099999999998,190.98,195.728,202.076,214.97636363636366,506.3242857142858,490.2257142857143,205.875,L8
2014-04-07 10:06:16+00:00,180.301,190.07999999999998,194.975,200.13,214.9772727272727,505.34857142857146,490.81142857142856,206.814,L8
2014-04-23 10:06:00+00:00,180.22363636363636,189.28727272727272,195.02454545454546,200.02363636363637,215.91083333333333,507.05,491.70625,207.98727272727274,L8
2014-05-09 10:05:44+00:00,181.251,191.508,197.05599999999998,200.456,218.4390909090909,508.1,493.77250000000004,208.80899999999997,L8
2014-05-17 10:03:28+00:00,181.25799999999998,191.275,195.967,201.654,220.1590909090909,508.73125000000005,495.4075,210.32200000000003,L7
2014-06-02 10:03:32+00:00,179.75818181818184,189.6390909090909,194.23545454545456,201.654,220.1590909090909,508.73125000000005,495.4075,210.32200000000003,L7
2014-06-10 10:05:49+00:00,179.94416666666666,190.29583333333332,194.1825,201.58454545454543,220.665,509.6233333333334,495.5355555555555,210.72818181818184,L8
2014-06-26 10:05:50+00:00,179.07333333333335,188.28250000000003,192.83083333333332,199.72272727272727,219.70416666666665,511.064,496.54499999999996,211.71727272727273,L8
2014-07-28 10:06:03+00:00,178.64299999999997,185.85500000000002,190.159,199.18111111111114,222.836,513.729,496.941,214.137,L8
2014-08-13 10:06:11+00:00,178.9090909090909,185.69636363636366,190.67454545454547,200.376,223.42454545454547,513.9963636363636,496.5236363636364,214.5881818181818,L8
2014-08-21 10:03:46+00:00,179.1975,185.89083333333335,190.905,201.49727272727276,223.79083333333335,514.0233333333334,496.0133333333333,214.215,L7
2014-08-29 10:06:12+00:00,179.42000000000002,186.17384615384617,191.46538461538464,202.32416666666666,224.04916666666665,514.5491666666667,496.12833333333333,215.295,L8
2014-09-06 10:03:47+00:00,179.4276923076923,186.59999999999997,191.96538461538464,203.26416666666668,224.39,514.8575,495.49083333333334,215.38,L7
2014-09-14 10:06:16+00:00,179.75,186.85999999999999,192.44285714285712,204.17307692307693,224.8923076923077,514.4076923076923,494.9207692307692,215.78615384615387,L8
2014-09-30 10:06:17+00:00,179.57928571428573,186.63285714285715,192.76571428571427,204.10076923076923,224.91,515.08,495.13692307692304,215.04,L8
2014-10-08 10:04:04+00:00,179.51285714285717,187.1542857142857,193.08714285714288,205.21923076923076,224.92538461538464,515.0130769230769,494.8638461538461,214.07384615384615,L7
2014-10-24 10:04:13+00:00,179.45499999999998,187.06571428571428,192.32785714285714,204.83384615384617,223.9346153846154,514.4138461538462,494.24230769230775,212.9776923076923,L7
2014-11-01 10:06:19+00:00,179.77266666666665,187.49533333333335,192.88000000000002,204.92714285714285,224.05928571428572,513.9535714285714,493.6564285714286,212.52214285714285,L8
2014-12-03 10:06:19+00:00,180.85384615384615,187.31615384615387,194.99615384615387,204.14615384615385,222.01307692307694,513.5516666666666,492.13916666666665,211.75615384615384,L8
2014-12-19 10:06:15+00:00,180.7591666666667,186.46583333333334,195.19000000000003,203.68769230769232,221.88615384615383,510.82666666666665,491.0416666666667,211.50333333333333,L8
2015-01-04 10:06:10+00:00,181.10083333333333,186.1625,194.6676923076923,203.57,221.57923076923075,509.6263636363637,489.7154545454545,211.04583333333335,L8
2015-01-12 10:04:42+00:00,179.94307692307694,186.02384615384614,194.13785714285714,202.7642857142857,220.22785714285715,509.2008333333333,489.99916666666667,210.44230769230768,L7
2015-01-28 10:04:46+00:00,179.92999999999998,185.68615384615384,193.16642857142855,202.20071428571427,218.41714285714286,508.6554545454546,489.1390909090909,209.16846153846154,L7
2015-04-18 10:05:21+00:00,177.28428571428572,183.24857142857144,190.30375,195.64249999999998,211.36875,501.64399999999995,489.744,205.70142857142858,L7
2015-05-12 10:05:10+00:00,176.5666666666667,184.55499999999998,190.14714285714288,194.67714285714285,210.41714285714286,500.57000000000005,492.68,207.18500000000003,L8
2015-05-28 10:05:12+00:00,176.74,183.85999999999999,190.03375,194.60375,211.23125,503.56000000000006,494.54799999999994,207.70428571428573,L8
2015-06-05 10:05:41+00:00,175.22714285714287,182.8557142857143,188.54375000000002,196.85125,214.48125,506.70000000000005,495.4166666666667,209.5542857142857,L7
2015-06-29 10:05:31+00:00,175.4575,183.0775,187.97125,197.51875,213.41625000000002,511.22800000000007,497.822,209.27124999999998,L8
2015-07-07 10:05:50+00:00,175.78250000000003,185.2575,189.22125,199.60500000000002,217.065,511.3066666666667,498.51666666666665,210.40750000000003,L7
2015-07-23 10:05:53+00:00,177.38625,184.67875,189.10375000000002,201.33749999999998,220.09375,512.8216666666667,498.2316666666666,211.37125,L7
2015-08-08 10:05:57+00:00,179.02,187.74999999999997,191.17624999999998,204.5325,223.93125,512.0857142857143,496.4828571428571,214.38625000000002,L7
2015-08-16 10:05:51+00:00,178.80888888888887,185.82,191.25555555555556,202.76777777777775,222.29666666666668,513.14125,497.42999999999995,214.0966666666667,L8
2015-10-03 10:06:09+00:00,179.09,186.91299999999998,192.022,202.673,222.35700000000003,512.7877777777778,496.96333333333337,213.73600000000002,L8
2015-10-11 10:06:15+00:00,179.11454545454546,187.40272727272725,192.51909090909092,203.1890909090909,222.89454545454547,512.566,497.23,213.6209090909091,L7
2015-10-19 10:06:10+00:00,179.20818181818183,186.74363636363634,192.77818181818182,203.55272727272725,222.56909090909087,514.3120000000001,496.945,211.9936363636364,L8
2015-11-04 10:06:15+00:00,179.38,187.6925,193.2975,203.65166666666667,222.4775,513.7381818181819,496.6445454545455,211.45916666666668,L8
2015-12-22 10:06:16+00:00,181.033,189.986,194.804,204.205,222.23700000000002,512.5000000000001,461.5544444444444,209.79700000000003,L8
2016-02-08 10:06:08+00:00,179.11714285714285,188.28285714285715,194.42142857142858,200.6442857142857,217.18714285714285,513.4040000000001,409.06,205.54428571428573,L8
2016-02-16 10:08:00+00:00,179.45000000000002,191.26666666666665,194.84333333333333,202.64333333333335,218.515,511.6225000000001,363.9485714285715,204.94571428571427,L7
2016-03-03 10:08:07+00:00,175.1,185.50142857142856,190.05285714285714,198.85,213.70000000000002,511.6225000000001,341.59875,204.61875,L7
2016-03-19 10:08:15+00:00,175.57125000000002,186.45999999999998,190.45374999999999,200.0225,215.08625,512.082,359.29111111111115,205.4311111111111,L7
2016-03-27 10:05:50+00:00,176.46333333333334,186.99666666666667,191.17777777777778,200.8977777777778,216.37666666666667,511.62833333333333,372.363,206.402,L8
2016-04-12 10:05:44+00:00,175.50125000000003,183.6075,189.26999999999998,199.36625,214.05749999999998,513.5959999999999,358.75444444444446,205.51333333333332,L8
2016-04-20 10:08:26+00:00,175.67625,184.7875,189.56,199.42000000000002,214.30124999999998,513.0899999999999,358.66999999999996,206.15666666666664,L7
2016-05-06 10:08:31+00:00,176.07,184.19375000000002,188.89625,200.65125,215.54625,514.156,358.92333333333335,208.01444444444445,L7
2016-05-22 10:08:34+00:00,176.20666666666668,184.19222222222223,188.9911111111111,202.21777777777777,216.91333333333333,514.1183333333332,372.46799999999996,207.77400000000003,L7
2016-05-30 10:05:47+00:00,176.269,183.45700000000002,189.251,201.121,217.26999999999998,515.0142857142856,384.3554545454545,208.03181818181818,L8
2016-06-07 10:08:39+00:00,176.52272727272728,183.8709090909091,188.97727272727272,201.54545454545453,218.1709090909091,515.8425,393.9925,208.07500000000002,L7
2016-06-15 10:05:50+00:00,176.59666666666666,183.2266666666667,188.99833333333333,201.08083333333335,218.80666666666664,516.4466666666666,402.4184615384615,208.28692307692307,L8
2016-06-23 10:08:42+00:00,176.17083333333335,181.99333333333334,188.06083333333333,201.58333333333334,219.69083333333333,516.92,426.55538461538464,209.40846153846152,L7
2016-07-01 10:05:59+00:00,176.6769230769231,182.62846153846155,188.59538461538463,202.1946153846154,220.44230769230768,516.9290909090909,431.1114285714286,209.6864285714286,L8
2016-07-17 10:06:06+00:00,176.84071428571428,182.25428571428571,188.83214285714286,201.53142857142856,220.665,517.3183333333333,435.592,209.98933333333335,L8
2016-07-25 10:08:44+00:00,176.49933333333334,182.11266666666668,188.40200000000002,201.15866666666668,220.56733333333332,517.493076923077,439.590625,209.90875,L7
2016-08-02 10:06:09+00:00,176.6525,182.00875,188.72625000000002,200.385625,219.80374999999998,517.7278571428571,443.5323529411765,210.4529411764706,L8
2016-08-18 10:06:13+00:00,177.335,183.524375,189.886875,201.355,221.35625,517.8933333333333,478.65125,211.52249999999998,L8
2016-08-26 10:08:48+00:00,177.81588235294117,184.64705882352942,190.28411764705882,202.43882352941176,222.00411764705882,517.1743749999999,479.07235294117646,211.63117647058823,L7
2016-09-03 10:06:20+00:00,179.7364705882353,186.98470588235296,192.4558823529412,204.52941176470588,224.51470588235293,516.675294117647,497.01823529411763,212.6129411764706,L8
2016-09-11 10:08:50+00:00,179.98055555555555,187.59833333333333,192.465,205.28055555555554,224.86499999999998,516.1216666666666,496.42055555555555,212.56555555555553,L7
2016-09-27 10:08:53+00:00,180.01529411764704,187.64235294117648,192.2829411764706,205.2464705882353,224.73529411764707,516.0611764705883,496.57058823529417,212.49941176470588,L7
2016-10-05 10:06:24+00:00,180.1611111111111,188.07611111111112,192.73388888888888,205.68222222222224,224.9561111111111,515.4072222222222,496.03000000000003,212.6638888888889,L8
2016-10-21 10:06:29+00:00,179.38117647058823,187.03882352941176,192.59058823529412,205.3705882352941,224.7864705882353,514.934705882353,496.0835294117647,213.05125,L8
2016-10-29 10:08:49+00:00,180.09055555555557,187.81333333333333,193.17444444444445,206.16277777777776,225.20999999999998,514.4411111111111,495.34722222222223,212.7764705882353,L7
2016-11-22 10:06:28+00:00,180.74176470588236,188.23058823529414,193.355625,205.41470588235296,224.03058823529412,514.5425,495.3725,212.026875,L8
2016-11-30 10:08:38+00:00,181.25764705882352,189.86529411764707,194.22687499999998,206.8235294117647,224.5229411764706,513.36625,494.19125,211.74625,L7
2016-12-08 10:06:26+00:00,181.52529411764704,190.49176470588236,195.149375,206.33,223.46588235294118,512.8146666666667,493.80400000000003,211.1675,L8
2016-12-16 10:08:34+00:00,181.62470588235294,191.23235294117646,195.725,206.87764705882353,222.98764705882354,512.21,493.10928571428576,209.3475,L7
2016-12-24 10:06:22+00:00,182.1041176470588,191.62235294117647,196.13625000000002,206.15411764705885,221.72941176470587,511.08,492.36499999999995,209.19866666666667,L8
2017-01-01 10:08:25+00:00,182.1529411764706,192.1670588235294,196.515,205.84588235294117,221.21176470588236,508.6264285714286,491.57428571428574,207.78933333333333,L7
2017-01-09 10:06:19+00:00,182.12555555555554,192.1670588235294,196.76235294117646,205.03333333333333,220.01888888888888,508.6264285714286,491.57428571428574,207.78933333333333,L8
2017-01-25 10:06:14+00:00,182.73176470588234,193.69,198.19437499999998,205.50411764705882,218.66647058823528,506.63166666666666,490.34583333333336,207.22384615384618,L8
2017-02-02 10:08:08+00:00,182.8770588235294,194.55125,198.37124999999997,206.2152941176471,219.2258823529412,505.55833333333334,489.19083333333333,205.08692307692306,L7
2017-02-10 10:06:05+00:00,182.66277777777776,194.55125,198.09764705882353,205.51166666666666,218.46555555555557,505.55833333333334,489.19083333333333,204.30928571428572,L8
2017-02-18 10:08:07+00:00,183.45333333333332,195.20250000000001,198.03764705882352,205.23000000000002,217.02944444444447,504.2263636363636,488.61999999999995,203.7976923076923,L7
2017-03-14 10:05:52+00:00,183.34625,194.49928571428572,198.574,202.866875,215.074375,504.2311111111111,489.3033333333333,201.54545454545453,L8
2017-03-22 10:08:20+00:00,183.1770588235294,193.23666666666668,197.81125,202.31529411764706,214.4052941176471,504.2311111111111,489.3033333333333,202.15916666666666,L7
2017-03-30 10:05:43+00:00,183.2164705882353,193.28933333333333,198.1475,202.37,214.53470588235294,504.70666666666665,488.6133333333333,202.86083333333332,L8
2017-04-15 10:05:35+00:00,182.86352941176472,191.7086666666667,197.764375,201.37588235294118,213.87470588235294,506.54333333333335,490.37777777777774,202.23416666666665,L8
2017-04-23 10:08:32+00:00,183.49941176470588,192.97933333333333,197.2475,201.06529411764706,213.67,506.99777777777786,491.1611111111111,202.91230769230768,L7
2017-05-17 10:05:35+00:00,182.75764705882352,192.26133333333334,196.685,199.88294117647058,213.09470588235294,508.6744444444444,493.00222222222226,203.12461538461537,L8
2017-05-25 10:08:39+00:00,181.68235294117648,190.91533333333334,195.81470588235294,198.97,213.21588235294118,509.485,492.967,203.4323076923077,L7
2017-06-02 10:05:45+00:00,181.16352941176473,189.15599999999998,194.91117647058826,197.9194117647059,212.52588235294115,511.605,494.73199999999997,203.99846153846153,L8
2017-06-18 10:05:51+00:00,181.064375,188.15,194.143125,197.80874999999997,213.1775,512.7018181818182,495.26727272727277,206.9325,L8
2017-06-26 10:08:47+00:00,180.6825,187.68714285714285,193.891875,198.178125,214.28875000000002,514.2354545454546,496.38090909090903,207.0884615384615,L7
2017-07-04 10:05:55+00:00,180.39875,186.80642857142857,192.974375,197.61249999999998,214.4825,517.7181818181818,498.9381818181819,208.54538461538462,L8
2017-07-12 10:08:48+00:00,179.353125,185.92333333333335,191.97937499999998,197.953125,215.615,518.1850000000001,499.3925,208.31642857142856,L7
2017-07-20 10:06:00+00:00,179.3394117647059,186.018125,191.87470588235294,198.4929411764706,216.24470588235295,518.4653846153847,499.81307692307695,208.572,L8
2017-07-28 10:08:47+00:00,179.34176470588233,186.04999999999998,191.29705882352943,198.88647058823528,217.75294117647059,517.735,499.35714285714283,208.66875,L7
2017-08-05 10:06:07+00:00,179.1994117647059,185.12937499999998,191.17529411764707,198.74529411764703,218.12882352941176,518.5335714285715,499.7692857142857,210.16125,L8
2017-08-21 10:06:12+00:00,178.369375,184.16,191.26749999999998,198.654375,220.65124999999998,518.6373333333333,499.3646666666666,211.29500000000002,L8
2017-09-14 10:08:43+00:00,178.71125,184.681875,191.239375,199.59875,221.00375,517.8233333333334,499.1813333333333,212.073125,L7
2017-09-22 10:06:18+00:00,178.80937500000002,185.8775,191.94625,200.756875,222.3825,517.92375,498.59812500000004,212.134375,L8
2017-09-30 10:08:44+00:00,178.7825,186.091875,191.85999999999999,201.011875,222.431875,517.82375,498.635625,211.66,L7
2017-10-16 10:08:46+00:00,179.48062499999997,187.583125,192.249375,201.188125,222.83625,516.650625,497.52,211.76,L7
2017-10-24 10:06:26+00:00,179.258125,186.32875,192.64000000000001,200.88625,222.410625,516.984375,497.09375,211.23,L8
2017-11-01 10:08:46+00:00,179.44941176470587,187.15764705882353,193.10705882352943,201.53235294117644,222.6464705882353,516.23,496.3258823529412,210.91176470588235,L7
2017-11-17 10:08:43+00:00,179.80411764705883,187.49941176470588,193.5070588235294,201.93352941176474,222.42529411764707,515.1682352941177,495.63058823529417,210.3758823529412,L7
2017-11-25 10:06:19+00:00,180.01117647058823,187.51999999999998,194.4835294117647,202.15117647058824,222.39117647058825,515.2829411764706,496.76882352941175,209.79941176470587,L8
2017-12-03 10:08:36+00:00,179.98294117647058,187.06764705882352,194.67235294117646,201.8735294117647,221.58294117647057,514.815,496.443125,208.79235294117646,L7
2018-01-04 10:08:15+00:00,179.7533333333333,186.82666666666668,195.45333333333332,201.794,219.91866666666667,513.0892307692308,494.526923076923,207.9253333333333,L7
2018-01-20 10:08:01+00:00,180.40642857142856,186.83571428571432,195.47142857142856,200.99714285714285,218.17,511.36454545454546,492.69090909090903,207.0192857142857,L7
2018-02-05 10:07:45+00:00,179.23999999999998,186.32000000000002,195.33076923076925,200.79538461538462,217.37923076923076,510.39,491.363,205.99384615384616,L7
2018-03-09 10:07:24+00:00,179.32999999999998,187.36615384615382,195.8130769230769,202.6623076923077,217.65769230769232,508.992,491.13100000000003,206.37769230769229,L7
2018-03-17 10:05:41+00:00,176.3161538461538,183.83615384615385,194.01615384615386,199.87384615384613,214.5253846153846,510.4289999999999,491.70799999999997,204.71846153846153,L8
2018-04-02 10:05:34+00:00,175.6025,181.74166666666667,193.51166666666668,197.285,213.61083333333332,509.691111111111,492.34777777777776,204.14666666666665,L8
2018-04-18 10:05:25+00:00,174.97,180.32416666666666,192.59,197.16416666666666,213.76333333333332,511.4588888888889,493.91444444444437,204.90916666666666,L8
2018-05-12 10:06:23+00:00,175.06545454545451,180.35545454545456,191.9272727272727,197.79090909090908,214.76090909090908,511.38125,494.76375,206.3709090909091,L7
2018-06-05 10:04:54+00:00,173.23874999999998,180.04250000000002,189.80374999999998,197.40555555555557,216.82,512.5071428571429,494.51142857142855,210.0922222222222,L8
2018-06-21 10:05:05+00:00,173.88888888888889,179.89666666666668,189.67222222222222,197.821,217.644,512.94,495.48249999999996,210.613,L8
2018-06-29 10:05:34+00:00,174.301,180.574,188.993,197.92818181818183,217.25999999999996,514.2544444444444,496.9844444444444,210.59636363636363,L7
2018-07-15 10:05:15+00:00,174.531,180.37,188.46099999999998,198.77,219.2072727272727,514.596,497.256,211.29909090909095,L7
2018-07-31 10:04:59+00:00,175.523,182.01600000000002,189.606,200.8727272727273,222.03363636363636,515.3163636363637,498.06,213.24818181818182,L7
2018-08-08 10:05:30+00:00,177.349,182.61700000000002,190.01,201.63545454545456,222.3290909090909,516.0263636363636,499.0063636363637,213.69272727272727,L8
2018-08-16 10:04:41+00:00,177.09909090909093,183.0809090909091,189.95454545454547,201.84916666666666,222.1208333333333,516.0658333333333,498.7241666666667,213.49333333333334,L7
2018-08-24 10:05:38+00:00,177.52083333333334,184.25083333333336,190.505,202.0323076923077,221.62461538461537,516.2646153846155,498.41230769230776,213.57923076923075,L8
2018-09-17 10:04:00+00:00,178.67272727272726,185.5781818181818,190.4318181818182,201.92416666666668,222.2125,517.2536363636365,499.4318181818182,213.70250000000001,L7
2018-10-11 10:05:57+00:00,178.54818181818183,185.31454545454545,190.28272727272727,202.91,221.97333333333336,517.8763636363636,499.0890909090909,213.125,L8
2018-10-19 10:03:14+00:00,178.6418181818182,187.11727272727273,190.7709090909091,203.19583333333333,222.1916666666667,517.0136363636365,498.42545454545456,212.07583333333332,L7
2018-10-27 10:06:02+00:00,178.66250000000002,187.30666666666664,191.78083333333333,202.79846153846154,221.89923076923077,517.3575000000001,498.6616666666667,211.40307692307695,L8
2018-12-22 10:01:39+00:00,178.5,187.77545454545452,192.40090909090907,202.54636363636365,220.04363636363632,516.454,497.997,209.33636363636361,L7
2019-01-07 10:01:10+00:00,178.33727272727273,187.886,195.44272727272727,201.5563636363636,218.30363636363637,515.5300000000001,496.7744444444445,206.37181818181818,L7
2019-01-15 10:05:58+00:00,177.38545454545454,187.267,195.09272727272727,200.46818181818182,215.7290909090909,515.2625,496.40875,205.12545454545452,L8
2019-02-16 10:05:52+00:00,177.71444444444444,188.46375,196.8422222222222,199.33555555555554,213.57888888888888,511.93,493.925,202.86,L8
2019-03-28 09:58:38+00:00,179.22375,189.32999999999998,198.54625,200.53,215.79375,508.76666666666665,492.9916666666666,203.19750000000002,L7
2019-04-05 10:05:39+00:00,179.54444444444445,189.24875,198.76666666666665,200.21333333333334,217.27777777777777,509.1657142857143,493.32714285714286,203.87,L8
2019-04-13 09:58:04+00:00,179.7888888888889,190.13875,198.77555555555557,200.00444444444443,217.37555555555556,507.50714285714287,493.1771428571429,204.4011111111111,L7
2019-05-07 10:05:37+00:00,178.81625,187.40142857142857,198.03125,199.645,214.8925,507.46166666666664,494.52666666666664,204.9,L8
2019-05-23 10:05:47+00:00,179.39555555555555,189.5075,198.1988888888889,200.6511111111111,216.13,508.2757142857143,494.42999999999995,206.76555555555558,L8
2019-05-31 09:56:16+00:00,180.18400000000003,190.3322222222222,198.248,201.774,217.52400000000003,508.72749999999996,495.5775,208.484,L7
2019-06-08 10:05:55+00:00,179.97454545454545,188.855,197.50181818181818,201.27181818181816,217.80454545454543,510.2733333333333,496.4777777777778,208.6290909090909,L8
2019-06-16 09:55:42+00:00,179.8841666666667,188.51272727272726,196.5716666666667,201.70833333333334,218.46333333333334,511.066,496.65,209.14333333333335,L7
2019-07-02 09:55:06+00:00,179.91416666666666,189.04636363636365,195.7225,201.92249999999999,219.245,512.951,497.01599999999996,209.3175,L7
2019-07-18 09:54:29+00:00,181.4209090909091,190.71454545454546,194.9290909090909,205.03181818181818,224.3709090909091,512.7872727272727,496.44272727272727,213.83363636363637,L7
2019-07-26 10:06:09+00:00,181.21333333333334,190.11833333333334,194.63250000000002,204.84916666666666,224.5825,513.0475,496.6683333333333,214.40166666666664,L8
2019-08-03 09:53:50+00:00,181.01230769230767,190.29,194.2023076923077,204.12923076923076,224.5946153846154,513.2,497.10846153846154,214.28846153846155,L7
2019-08-11 10:06:15+00:00,180.86642857142857,190.29,194.155,203.60214285714284,223.7971428571429,513.5864285714285,497.4814285714286,214.14357142857142,L8
2019-08-19 09:53:10+00:00,180.61642857142857,189.9346153846154,193.80214285714285,203.60142857142858,223.865,514.0707142857143,497.55571428571426,215.34142857142857,L7
2019-09-04 09:52:29+00:00,180.65133333333333,189.80928571428572,193.972,204.234,224.0,513.5866666666666,495.76266666666663,214.9393333333333,L7
2019-09-12 10:06:23+00:00,180.68375,189.68066666666667,194.17,203.73375,224.22000000000003,513.6999999999999,495.89,214.60375,L8
2019-09-20 09:51:46+00:00,180.57823529411763,189.701875,193.83647058823527,203.43764705882353,223.98764705882354,513.7505882352941,495.57823529411763,214.91529411764705,L7
2019-09-28 10:06:28+00:00,180.49588235294118,189.086875,193.83705882352942,203.51823529411763,224.03823529411764,514.6782352941176,495.73470588235296,214.17058823529413,L8
2019-10-06 09:51:06+00:00,179.4088235294118,188.16,192.84823529411761,202.86529411764707,222.14764705882354,515.0570588235294,495.9547058823529,213.6894117647059,L7
2019-10-14 10:06:31+00:00,179.37647058823526,187.970625,192.9435294117647,203.19470588235293,222.2435294117647,515.08,495.97117647058826,213.6135294117647,L8
2019-10-22 09:50:26+00:00,179.38166666666666,187.72764705882352,193.1261111111111,203.2827777777778,221.98444444444445,514.4366666666667,496.2005555555556,213.25777777777776,L7
2019-10-30 10:06:31+00:00,179.4915789473684,188.14055555555558,193.55052631578948,203.06,221.65526315789472,514.3489473684211,496.0,212.80263157894737,L8
2019-11-07 09:49:43+00:00,179.77473684210526,188.45499999999998,193.5178947368421,202.7842105263158,220.87263157894736,513.1457894736842,495.0736842105263,212.81894736842105,L7
2019-12-01 10:06:27+00:00,179.34166666666667,187.31941176470588,193.30888888888887,202.38944444444445,220.28833333333333,513.2188235294117,494.64352941176463,211.14833333333334,L8
2019-12-25 09:47:22+00:00,179.40941176470588,187.896875,193.79529411764705,202.00529411764705,219.07058823529414,511.75625,494.474375,210.58294117647057,L7
2020-01-02 10:06:21+00:00,179.44117647058823,187.65466666666669,194.59529411764706,201.4652941176471,218.25823529411767,492.855625,475.35625,210.75125,L8
2020-01-10 09:46:33+00:00,179.5066666666667,188.19875000000002,194.66555555555553,201.18944444444446,218.13388888888892,476.66352941176467,459.14764705882357,210.75125,L7
2020-01-26 09:45:46+00:00,179.72764705882352,189.29399999999998,195.1,201.2364705882353,217.39294117647057,455.843125,437.75500000000005,209.396,L7
2020-02-11 09:44:57+00:00,179.809375,189.028,195.67749999999998,201.5925,216.328125,432.05,413.11,208.69428571428574,L7
2020-02-19 10:06:09+00:00,179.265625,188.42999999999998,194.15375,200.16125,214.580625,432.5513333333334,413.53133333333335,207.24571428571429,L8
2020-04-07 10:05:47+00:00,180.28250000000003,190.48999999999998,194.65166666666667,200.48666666666668,213.46833333333333,402.3036363636364,385.93727272727267,206.66099999999997,L8
2020-04-15 09:41:26+00:00,180.3016666666667,191.19636363636363,194.04833333333332,199.4475,213.2408333333333,402.34090909090907,386.1790909090909,206.3922222222222,L7
2020-05-17 09:39:30+00:00,179.99200000000002,191.35333333333335,192.29500000000002,200.204,215.158,380.9288888888889,363.50333333333333,206.0842857142857,L7
2020-06-18 09:37:37+00:00,179.554,190.54555555555555,190.625,199.031,213.385,394.816,376.566,209.55285714285714,L7
2020-06-26 10:05:52+00:00,179.589,191.31555555555553,190.614,200.299,215.45999999999998,396.70099999999996,376.51300000000003,210.88285714285715,L8
2020-07-12 10:05:59+00:00,178.9488888888889,189.5066666666667,189.11333333333334,200.60111111111112,216.88333333333333,450.5811111111111,431.21444444444444,210.68,L8
2020-07-20 09:35:41+00:00,179.11,188.839,189.002,201.454,217.73000000000002,450.5811111111111,437.00100000000003,210.6577777777778,L7
2020-07-28 10:06:04+00:00,178.528,186.548,188.259,200.921,218.156,483.8222222222222,468.21899999999994,211.61333333333334,L8
2020-08-13 10:06:07+00:00,178.577,186.004,187.838,201.78900000000002,220.30299999999997,517.4177777777778,498.80099999999993,211.90999999999997,L8
2020-08-21 09:33:40+00:00,179.01399999999998,185.623,190.19,203.731,222.85666666666665,517.0644444444445,497.89099999999996,212.725,L7
2020-08-29 10:06:16+00:00,179.2027272727273,185.64181818181817,190.69000000000003,204.65545454545455,223.567,516.637,497.47272727272724,212.81444444444443,L8
2020-09-06 09:32:37+00:00,179.74666666666667,186.455,191.26166666666666,205.59333333333333,223.86272727272726,516.637,497.62416666666667,212.81,L7
2020-09-14 10:06:22+00:00,179.92923076923077,187.0423076923077,191.4746153846154,205.20153846153846,223.90833333333333,515.5354545454545,497.4884615384615,213.05090909090907,L8
2020-09-30 10:06:26+00:00,180.03285714285715,187.22857142857143,191.97857142857143,204.67785714285716,223.6592307692308,515.3641666666666,497.25928571428574,212.775,L8
2020-10-08 09:30:33+00:00,179.83357142857145,185.79285714285714,191.4857142857143,203.3542857142857,223.50333333333336,516.0990909090909,497.64846153846156,212.60000000000002,L7
2020-10-16 10:06:28+00:00,180.1185714285714,184.19785714285717,190.4085714285714,202.5964285714286,221.43666666666664,517.550909090909,497.7030769230769,211.9841666666667,L8
2020-10-24 09:29:30+00:00,179.79466666666664,184.68333333333337,190.60133333333334,201.81866666666667,221.43666666666664,516.7391666666666,497.485,211.9841666666667,L7
2020-11-01 10:06:27+00:00,180.03249999999997,185.294375,191.28375,202.425,221.78615384615384,515.7007692307692,496.78999999999996,211.4292307692308,L8
2020-11-09 09:28:25+00:00,179.45235294117646,185.37411764705882,190.4047058823529,202.425,221.5035714285714,515.2964285714286,496.955625,211.4292307692308,L7
2020-11-17 10:06:26+00:00,179.87176470588236,185.21294117647062,191.0364705882353,201.73875,220.11642857142854,515.0371428571428,496.31062499999996,210.68769230769232,L8
2020-12-19 10:06:28+00:00,179.64705882352942,185.15437500000002,191.9135294117647,201.55687500000002,219.7357142857143,514.6707692307692,496.45599999999996,209.32583333333332,L8
2020-12-27 09:24:56+00:00,179.69187499999998,184.8646666666667,191.95624999999998,199.67812500000002,216.00642857142856,513.9708333333333,495.9171428571428,206.05833333333337,L7
2021-01-20 10:06:16+00:00,179.91066666666666,186.18357142857144,192.60466666666667,199.10933333333332,213.9569230769231,512.9654545454546,495.5249999999999,205.296,L8
2021-02-21 10:06:10+00:00,180.3146153846154,188.44833333333335,193.2076923076923,197.90384615384616,212.24666666666667,511.3588888888888,495.33299999999997,204.21555555555557,L8
2021-03-01 09:20:16+00:00,180.5553846153846,189.5391666666667,193.2007692307692,197.96846153846155,211.14916666666667,511.17999999999995,495.56,203.88777777777779,L7
2021-03-25 10:05:56+00:00,180.1483333333333,189.5472727272727,193.2775,196.28750000000002,209.05363636363634,511.99750000000006,494.75124999999997,202.74625000000003,L8
2021-04-02 09:17:43+00:00,180.1158333333333,189.56272727272727,192.54583333333335,196.0325,207.92363636363635,511.7857142857143,494.81857142857143,202.1325,L7
2021-04-26 10:05:43+00:00,180.184,191.51444444444445,194.92800000000003,198.31300000000002,210.12272727272727,512.5483333333333,496.355,202.48875,L8
2021-05-12 10:05:41+00:00,180.47555555555556,188.96249999999998,194.58333333333334,195.499,206.50500000000002,515.5025,497.9075,202.96875,L8
2021-05-20 09:13:41+00:00,179.58555555555554,187.59,191.08444444444447,194.324,207.08666666666667,515.9725,497.79499999999996,203.88285714285715,L7
2021-06-05 09:12:19+00:00,179.154,186.11333333333334,191.08444444444447,196.14363636363635,209.348,514.266,496.216,204.445,L7
2021-06-13 10:05:57+00:00,179.01363636363638,186.142,191.28400000000002,196.53083333333333,210.22363636363636,515.8066666666667,496.7233333333333,205.14555555555555,L8
2021-06-21 09:11:01+00:00,178.81,184.97363636363636,189.173,195.885,210.04363636363632,471.5857142857143,452.6928571428571,204.939,L7
2021-06-29 10:06:01+00:00,178.31916666666666,183.88750000000002,189.1472727272727,197.63916666666663,213.48,440.32875,420.02124999999995,207.91799999999998,L8
2021-07-07 09:09:41+00:00,178.5476923076923,184.36076923076922,189.73333333333335,198.78923076923076,214.68999999999997,415.6033333333333,396.1633333333333,208.28727272727272,L7
2021-07-15 10:06:02+00:00,178.57714285714286,183.91857142857143,189.94153846153847,198.2742857142857,213.8676923076923,396.474,376.00699999999995,208.6833333333333,L8
2021-07-23 09:08:18+00:00,178.92071428571427,184.5585714285714,189.48000000000002,199.5157142857143,215.5723076923077,396.474,376.00699999999995,208.8276923076923,L7
2021-08-08 09:06:54+00:00,178.96933333333334,184.82266666666663,189.2607142857143,199.886,215.5723076923077,396.474,376.00699999999995,208.8276923076923,L7
2021-09-01 10:06:22+00:00,178.455,183.36714285714285,188.69538461538463,199.02857142857144,216.29166666666666,383.53222222222223,362.29777777777775,209.4425,L8
2021-09-09 09:04:06+00:00,179.50133333333332,185.58133333333336,189.14857142857142,201.02666666666667,216.29166666666666,383.53222222222223,362.29777777777775,209.4425,L7
2021-09-25 09:02:41+00:00,178.478,184.54857142857145,188.3676923076923,201.73333333333332,216.65416666666667,367.59124999999995,345.945,208.57166666666663,L7
2021-10-03 10:06:30+00:00,178.6506666666667,185.29642857142858,189.25384615384613,203.14066666666668,218.17166666666665,367.59124999999995,345.945,209.16583333333332,L8
2021-10-11 09:01:16+00:00,179.319375,186.51533333333333,189.95214285714286,204.11625,219.06153846153848,350.89666666666665,328.80555555555554,208.3692307692308,L7
2021-10-19 10:06:34+00:00,179.4858823529412,186.948125,190.62866666666665,204.64352941176472,219.69785714285715,350.89666666666665,328.80555555555554,208.51142857142855,L8
2021-11-13 10:04:47+00:00,179.948125,188.71,191.96,206.56,221.4276923076923,329.28625,307.01374999999996,208.11923076923074,L9
2021-11-18 10:07:15+00:00,180.329375,188.86999999999998,193.76000000000002,207.185625,220.1214285714286,289.62375000000003,268.68874999999997,207.17071428571427,L9
2021-11-20 10:06:28+00:00,180.4823529411765,189.673125,194.54533333333336,207.39588235294116,220.096,282.10333333333335,259.8888888888889,207.17071428571427,L8
2022-01-07 10:06:22+00:00,182.05846153846156,193.81583333333333,196.72916666666666,207.9923076923077,219.38636363636363,213.256,190.626,206.91,L8
2022-01-15 08:52:08+00:00,180.90692307692308,195.2381818181818,197.11909090909091,207.79615384615383,220.925,210.4925,191.51999999999998,202.24888888888893,L7
2022-01-15 10:06:22+00:00,181.07500000000002,195.96416666666664,197.77499999999998,207.89142857142858,219.94636363636366,212.502,190.92666666666665,201.63500000000002,L9
2022-01-23 10:06:18+00:00,180.88285714285715,195.06833333333336,198.48416666666665,206.6078571428571,218.19818181818184,213.51833333333335,191.2057142857143,200.64333333333332,L8
2022-02-08 10:06:15+00:00,181.1357142857143,195.19416666666666,199.58916666666667,205.71857142857144,217.17416666666668,214.46285714285713,192.03625,200.881,L8
2022-02-16 10:06:19+00:00,180.996,193.8869230769231,199.33153846153846,204.764,216.14846153846156,211.64875,191.36222222222221,199.93545454545455,L9
2022-03-28 10:05:53+00:00,180.91538461538462,192.25749999999996,199.04250000000002,201.6753846153846,213.84333333333333,212.69222222222223,192.202,198.773,L8
2022-05-13 08:40:44+00:00,180.72199999999998,191.00444444444443,198.5522222222222,198.086,209.75777777777776,244.75555555555553,221.775,199.01285714285714,L7
2022-05-15 10:06:04+00:00,180.85,191.563,198.14499999999998,199.1727272727273,211.391,272.04799999999994,247.08181818181814,201.46375,L8
2022-05-30 08:39:59+00:00,180.6677777777778,192.88,198.415,199.403,213.48333333333335,312.1077777777778,283.918,204.78375,L7
2022-05-31 10:06:07+00:00,180.20999999999998,190.27444444444444,197.7311111111111,198.65090909090907,212.671,333.297,304.2327272727273,205.0811111111111,L8
2022-06-08 10:05:40+00:00,180.29363636363635,189.89000000000001,197.365,198.36749999999998,213.97545454545454,350.1727272727273,320.8225,206.238,L9
2022-06-11 08:33:32+00:00,180.20833333333334,190.2409090909091,197.22272727272727,199.57,215.3516666666667,350.1727272727273,320.8225,207.89363636363635,L7
2022-06-16 08:39:03+00:00,180.36769230769232,190.81083333333333,197.07666666666668,200.86714285714285,216.2276923076923,350.1727272727273,320.8225,209.13083333333336,L7
2022-06-16 10:06:19+00:00,179.9664285714286,190.81083333333333,196.44538461538463,200.54333333333335,216.23714285714286,350.1727272727273,320.8225,209.27923076923076,L8
2022-07-10 10:05:57+00:00,180.13000000000002,191.285,196.08153846153846,201.428,218.08428571428573,378.89363636363635,347.1741666666667,209.36857142857144,L9
2022-07-15 08:31:18+00:00,181.34615384615384,190.13363636363638,195.33916666666664,201.78923076923076,219.18714285714285,404.8472727272727,388.35909090909087,213.66333333333333,L7
2022-07-18 10:06:23+00:00,181.2257142857143,190.37666666666667,195.19,201.76285714285714,219.534,414.47666666666663,397.9683333333333,213.49076923076922,L8
2022-07-20 08:36:43+00:00,181.5426666666667,191.0223076923077,194.92785714285714,202.42399999999998,219.534,414.47666666666663,397.9683333333333,213.49076923076922,L7
2022-07-26 10:06:07+00:00,181.54066666666665,190.47,194.61214285714286,202.89266666666666,220.80999999999997,439.74083333333334,423.35999999999996,213.4585714285714,L9
2022-08-01 08:29:56+00:00,181.54066666666665,190.47,194.61214285714286,203.586875,221.46124999999998,445.03000000000003,428.036923076923,214.17333333333332,L7
2022-08-03 10:06:35+00:00,181.44875,190.44714285714286,194.776,203.95647058823528,221.89823529411765,450.2307142857143,433.28999999999996,214.435,L8
2022-08-06 08:35:20+00:00,182.0670588235294,191.13733333333337,195.144375,204.5244444444444,222.55888888888887,450.2307142857143,433.28999999999996,214.06823529411764,L7
2022-08-11 10:06:18+00:00,182.03764705882352,191.10533333333333,195.08125,205.6988888888889,223.82333333333332,471.075,454.37571428571425,214.98941176470586,L9
2022-08-23 08:33:49+00:00,182.225,192.02714285714288,195.004,206.54,224.99882352941174,492.54615384615386,475.99642857142857,216.52124999999998,L7
2022-08-27 10:06:22+00:00,182.23529411764707,192.16,195.14999999999998,207.01611111111112,225.16555555555553,494.05000000000007,477.164,216.64117647058822,L9
2022-09-04 08:26:53+00:00,182.23529411764707,192.16,195.14999999999998,206.42105263157896,224.22684210526313,494.05000000000007,477.164,216.05666666666667,L7
2022-09-04 10:06:40+00:00,182.26222222222222,191.96562500000002,195.38529411764705,206.86949999999996,224.513,495.1,477.906875,216.00684210526316,L8
2022-09-12 10:06:23+00:00,182.31052631578945,191.94470588235296,195.68166666666667,207.30095238095237,224.78190476190477,495.805625,478.5735294117647,216.2765,L9
2022-09-21 08:25:09+00:00,181.78199999999998,191.56222222222223,195.13105263157894,206.92181818181817,224.15681818181818,495.805625,478.5735294117647,215.64285714285714,L7
2022-10-06 10:06:44+00:00,182.0395,191.76222222222222,195.57315789473685,207.88454545454545,225.24727272727276,513.568125,495.5147058823529,216.03333333333333,L8
2022-10-13 08:28:24+00:00,181.91714285714284,191.81105263157895,195.17000000000002,207.49826086956523,225.13434782608695,513.568125,495.5147058823529,215.46818181818182,L7
2022-10-25 08:21:05+00:00,181.7718181818182,191.56900000000002,194.8490476190476,207.10833333333335,225.13434782608695,513.568125,495.5147058823529,215.46818181818182,L7
2022-10-30 08:26:15+00:00,182.2982608695652,192.06761904761905,194.8418181818182,207.612,225.23208333333332,513.568125,495.5147058823529,215.46818181818182,L7
2022-10-30 10:06:34+00:00,182.3166666666667,192.0340909090909,195.16565217391306,207.77192307692306,225.3152,513.0529411764705,495.25222222222226,215.0069565217391,L9
2022-12-17 10:06:34+00:00,182.23555555555555,192.505625,195.5988235294118,208.11736842105265,224.80888888888887,512.1376923076923,494.4192857142857,211.973125,L9
2022-12-25 10:06:31+00:00,182.31157894736842,192.49176470588236,196.27166666666665,208.4565,224.51,490.7642857142858,473.798,211.973125,L8
2023-01-02 10:06:35+00:00,182.3935,192.9427777777778,196.57105263157894,208.47190476190477,224.07599999999996,472.95200000000006,455.973125,211.53411764705882,L9
2023-01-10 10:06:31+00:00,181.155,191.44,195.45578947368423,207.11714285714285,221.98250000000002,450.7846666666666,435.42875000000004,210.53235294117644,L8
2023-02-03 10:06:37+00:00,180.226,190.74857142857144,195.716,205.77812500000002,218.444,401.02454545454543,390.0616666666667,208.27,L9
2023-02-09 08:09:06+00:00,180.04999999999998,190.84076923076924,194.7853333333333,204.6125,215.86999999999998,374.40363636363634,365.1616666666667,204.49692307692308,L7
2023-02-11 10:06:27+00:00,180.274,191.74571428571429,194.989375,204.1935294117647,215.63437499999998,362.20250000000004,352.3523076923077,204.71285714285713,L8
2023-02-14 08:13:48+00:00,180.274,192.53933333333333,194.989375,204.1935294117647,215.63437499999998,362.20250000000004,352.3523076923077,204.71285714285713,L7
2023-02-19 10:06:30+00:00,180.795,193.299375,195.34058823529412,203.96833333333333,215.4370588235294,362.20250000000004,340.9933333333333,204.99200000000002,L9
2023-02-27 10:06:11+00:00,180.50562499999998,192.30125,195.08176470588236,202.66111111111113,214.26058823529414,336.34,315.64000000000004,204.03133333333335,L8
2023-03-07 10:06:19+00:00,179.12875,190.975,194.1605882352941,201.7164705882353,214.923125,312.11499999999995,290.1925,202.865,L9
2023-03-20 08:04:56+00:00,178.45250000000001,191.31125,193.86882352941177,201.32823529411763,213.59625,288.24833333333333,266.2341666666667,201.43923076923076,L7
2023-03-23 10:06:13+00:00,179.068125,192.290625,194.71176470588236,201.6370588235294,214.235625,288.24833333333333,266.2341666666667,202.12,L9
2023-03-25 08:09:15+00:00,179.08470588235295,192.5311764705882,194.46166666666667,201.5988888888889,214.56941176470588,283.3769230769231,260.8292307692308,202.31142857142854,L7
2023-04-11 08:03:49+00:00,178.761875,192.390625,194.18176470588236,200.23833333333334,212.88764705882355,264.8883333333334,241.91833333333332,201.82928571428573,L7
2023-04-16 08:07:56+00:00,177.12187500000002,190.170625,193.04764705882351,199.37166666666667,212.2775,264.8883333333334,241.91833333333332,201.69307692307694,L7
2023-04-16 10:05:40+00:00,176.35764705882355,188.8564705882353,191.6438888888889,198.75157894736842,211.65,259.56230769230774,237.52,201.19285714285715,L8
2023-05-03 08:01:55+00:00,174.30133333333333,187.99200000000002,190.85375000000002,196.80235294117648,209.8475,238.61846153846153,215.39153846153846,201.37785714285715,L7
2023-05-25 07:59:20+00:00,174.29,187.684375,190.55882352941177,196.8977777777778,209.93588235294118,237.13285714285712,213.56285714285715,202.18466666666666,L7
2023-05-26 10:05:36+00:00,174.72764705882352,188.07588235294116,190.72,197.36526315789476,210.55499999999998,237.13285714285712,213.56285714285715,202.776875,L9
2023-06-11 10:05:31+00:00,174.93388888888887,187.39111111111112,190.79105263157896,197.59300000000002,211.2842105263158,237.13285714285712,213.56285714285715,203.17176470588237,L9
2023-06-16 07:56:13+00:00,174.99333333333334,186.71105263157895,189.2463157894737,197.67263157894735,211.56722222222223,216.01692307692306,191.12230769230771,203.47375,L7
2023-06-21 07:59:55+00:00,174.99333333333334,186.71105263157895,188.9285,197.4485,211.3815789473684,216.66214285714287,191.08642857142857,203.5405882352941,L7
2023-06-27 10:05:30+00:00,174.84166666666664,186.47473684210527,188.20800000000003,196.57049999999998,211.67631578947368,216.95076923076925,213.82214285714286,203.82944444444445,L9
2023-07-05 10:05:47+00:00,174.38444444444445,185.2657894736842,187.6605,196.038,212.08263157894734,216.39833333333334,236.47642857142856,204.06444444444446,L8
2023-07-29 10:05:47+00:00,175.9127777777778,187.03526315789472,188.97949999999997,197.9125,214.3963157894737,219.0427272727273,259.0828571428571,205.31166666666667,L9
2023-08-09 07:55:15+00:00,175.5264705882353,186.6,188.51388888888889,198.14055555555555,217.0438888888889,218.52100000000002,269.9291666666667,207.645,L7
2023-08-14 10:05:54+00:00,175.47235294117647,184.81823529411764,188.45666666666665,198.89333333333332,218.0227777777778,217.4688888888889,294.5858333333333,208.111875,L9
2023-08-22 10:06:07+00:00,175.08117647058825,183.87411764705882,188.1511111111111,199.66333333333333,218.99055555555555,217.4688888888889,309.9138461538461,208.825625,L8
2023-08-26 07:46:57+00:00,175.08117647058825,184.2266666666667,188.3857894736842,199.82684210526315,219.30684210526314,218.08,309.9138461538461,209.04470588235296,L7
2023-09-07 10:06:06+00:00,176.27,186.16470588235296,188.9661111111111,201.3388888888889,219.42333333333332,252.95777777777778,345.9266666666667,209.815,L8
2023-09-15 10:06:13+00:00,176.56411764705882,186.42222222222225,189.36578947368423,202.00105263157894,219.7694736842105,279.40099999999995,357.32153846153847,209.7323529411765,L9
2023-09-27 07:47:51+00:00,176.50733333333335,185.69812499999998,188.09,201.42882352941177,220.345,293.6375,386.1336363636364,209.92200000000003,L7
2023-10-01 10:06:11+00:00,176.85999999999999,185.85470588235293,188.74777777777777,201.8438888888889,220.7558823529412,318.1077777777778,394.91499999999996,209.75875000000002,L9
2023-10-09 10:06:17+00:00,177.29117647058823,186.23833333333334,189.33578947368423,202.9788888888889,222.35529411764705,337.351,401.9223076923077,209.6975,L8
2023-11-18 10:06:21+00:00,180.27533333333335,188.30124999999998,192.0564705882353,204.6825,222.865625,384.2055555555555,444.9541666666667,209.71533333333335,L9
2023-12-12 10:06:17+00:00,180.91923076923078,189.20461538461538,193.092,205.25214285714287,223.2592857142857,416.6933333333333,470.2033333333334,209.25833333333333,L8
2024-01-21 10:06:22+00:00,181.6418181818182,192.47272727272727,196.86666666666667,206.97666666666666,223.17500000000004,440.64875,493.62888888888887,208.60999999999999,L9
2024-01-29 10:06:10+00:00,181.18,192.30363636363637,196.9025,205.56833333333336,221.48749999999998,440.64875,493.78000000000003,207.507,L8
2024-02-14 10:06:12+00:00,181.07818181818183,192.34636363636363,197.22583333333333,204.27333333333334,219.34181818181816,477.385,494.1125,206.26999999999998,L8
2024-02-22 10:06:13+00:00,181.8109090909091,192.767,197.86399999999998,203.451,217.5622222222222,513.6428571428571,494.15000000000003,202.75444444444446,L9
2024-03-09 10:06:19+00:00,181.49545454545455,191.96499999999997,197.57999999999998,201.59,215.57999999999998,513.1785714285714,495.04285714285714,202.49555555555557,L9
2024-03-17 10:05:56+00:00,181.69272727272727,192.128,197.661,199.948,215.64,511.14428571428573,494.39285714285717,203.70777777777778,L8
2024-04-02 10:05:45+00:00,181.189,188.41,198.16111111111113,197.6577777777778,214.37888888888887,512.08,496.1885714285714,204.23,L8
2024-04-10 10:06:05+00:00,180.85555555555553,187.86625,195.01666666666668,194.54000000000002,211.13333333333333,512.3366666666666,497.885,203.70000000000002,L9
2024-04-18 10:05:36+00:00,180.00799999999998,185.74666666666667,192.224,193.41500000000002,209.865,512.3366666666666,497.885,203.40666666666667,L8
2024-05-04 10:05:27+00:00,180.09545454545454,185.96800000000002,192.12272727272727,194.67909090909095,211.36909090909091,512.8314285714285,497.51000000000005,204.978,L8
2024-05-12 10:05:42+00:00,180.28583333333333,186.99727272727276,192.3175,196.11833333333334,212.67666666666665,512.6787499999999,496.78375,205.89545454545453,L9
2024-05-28 10:05:29+00:00,180.17666666666665,187.04090909090908,192.0375,196.48166666666665,214.255,513.795,496.9025,207.24545454545452,L9
2024-06-05 10:05:13+00:00,180.09,186.39333333333332,191.78923076923076,197.16,215.1115384615385,514.3111111111111,497.98333333333335,207.4675,L8
2024-07-15 10:05:34+00:00,179.90153846153845,186.10000000000002,190.99461538461537,197.35153846153844,215.96615384615384,514.8122222222222,498.4177777777778,208.1546153846154,L9
2024-07-23 10:05:44+00:00,179.66538461538462,184.5492307692308,190.17384615384617,196.47846153846154,215.70230769230767,515.546,499.064,208.8676923076923,L8
2024-07-31 10:05:37+00:00,179.85076923076923,184.5,189.84076923076924,197.31076923076924,216.9092307692308,515.8536363636363,498.95363636363635,209.2553846153846,L9
2024-08-08 10:05:40+00:00,179.86785714285716,185.02142857142854,190.10142857142858,197.9085714285714,217.33285714285714,516.2683333333333,499.08500000000004,209.50928571428568,L8
2024-08-24 10:05:53+00:00,179.06615384615387,185.14846153846153,189.82642857142858,198.63857142857142,217.9257142857143,516.5791666666667,498.9058333333333,211.61076923076922,L8
2024-09-01 10:05:53+00:00,179.20142857142858,186.03500000000003,190.28400000000002,198.94066666666666,218.082,516.5892307692308,498.70846153846156,211.71857142857144,L9
2024-09-17 10:05:57+00:00,178.93307692307692,185.31846153846152,189.3614285714286,198.27357142857142,217.4542857142857,517.9627272727273,499.29636363636365,211.52615384615385,L9
2024-09-25 10:06:00+00:00,179.07857142857145,185.47857142857143,189.96800000000002,198.9606666666667,217.9573333333333,518.0108333333334,498.7,211.20428571428573,L8
2024-10-11 10:06:07+00:00,179.72571428571428,186.3842857142857,191.7792857142857,200.37642857142856,219.20357142857142,517.9466666666667,497.9791666666667,210.68285714285716,L8
2024-10-19 10:06:15+00:00,180.03714285714287,187.73769230769233,193.93357142857144,201.01785714285714,219.59571428571425,518.243076923077,498.8669230769231,210.9842857142857,L9
2024-10-27 10:06:09+00:00,180.11333333333332,187.7664285714286,194.3046666666667,201.57666666666668,219.97266666666664,517.9021428571428,498.47499999999997,210.63199999999998,L8
2024-11-04 10:06:14+00:00,180.21,187.90214285714288,194.98066666666668,201.7313333333333,219.828,517.2592857142857,497.9607142857143,209.54799999999997,L9
2024-11-28 10:06:20+00:00,180.3057142857143,188.6346153846154,195.85,202.32357142857146,219.58357142857145,517.38,498.03999999999996,208.23357142857145,L8
2024-12-30 10:06:11+00:00,180.48357142857142,189.56384615384619,197.10214285714287,202.70857142857145,219.40785714285715,517.2836363636363,497.25909090909096,208.10461538461539,L8
2025-01-15 10:06:13+00:00,180.62714285714287,190.39999999999998,197.64714285714285,202.65642857142856,218.92785714285714,517.54,497.316,206.97076923076924,L8
2025-01-31 10:06:12+00:00,180.4346153846154,189.74916666666664,198.1592307692308,202.6853846153846,219.20846153846153,516.6033333333332,497.09666666666664,205.84083333333334,L8
2025-02-16 10:06:07+00:00,180.57230769230767,189.55416666666667,198.69538461538465,202.5269230769231,219.38,515.0355555555556,496.4211111111111,205.19833333333335,L8
2025-02-24 10:06:15+00:00,180.6430769230769,189.47333333333336,198.92461538461538,202.3853846153846,218.7676923076923,513.33,496.46999999999997,204.48,L9
2025-03-04 10:05:59+00:00,180.50384615384613,189.11999999999998,199.0523076923077,201.94846153846157,218.07846153846154,513.5955555555556,496.6666666666667,204.07333333333335,L8
2025-03-20 10:05:49+00:00,180.51000000000002,189.07916666666665,199.59923076923076,203.79769230769233,219.4576923076923,513.837,496.65,204.03166666666664,L8
2025-04-29 10:05:52+00:00,180.368,189.82,199.73200000000003,204.22899999999998,220.02399999999997,512.0628571428572,496.4171428571429,204.68222222222224,L9
2025-05-23 10:05:35+00:00,179.91299999999998,187.96,196.291,201.475,217.291,514.1757142857143,498.5385714285714,205.2266666666667,L8
2025-05-31 10:05:34+00:00,179.651,186.601,195.606,199.822,216.488,515.05625,499.21750000000003,207.48444444444445,L9
2025-06-08 10:05:39+00:00,179.59,186.32090909090905,195.17818181818183,200.40363636363637,217.31909090909093,515.8144444444445,499.9088888888889,207.746,L8
2025-06-24 10:05:51+00:00,179.5375,185.65916666666666,195.04333333333332,200.72333333333333,218.085,516.178,500.20500000000004,208.5563636363636,L8
2025-07-02 10:05:51+00:00,179.43666666666664,185.595,194.225,200.74916666666664,218.26166666666666,516.6472727272727,500.39818181818185,208.56916666666666,L9
2025-07-18 10:05:57+00:00,179.21749999999997,184.52166666666668,193.8641666666667,199.77333333333334,218.59416666666667,516.9066666666666,500.74666666666667,209.4325,L9
