dates,satname,sar1378-0000,sar1378-0001,sar1378-0002,sar1378-0003,sar1378-0004,sar1378-0005,sar1378-0006,sar1378-0007
1984-04-29 09:27:29+00:00,L5,,,425.74,497.59,276.85,290.77,260.72,236.31
1984-05-06 09:33:51+00:00,L5,117.22,310.94,416.51,499.31,282.07,309.43,306.53,-46.72
1984-06-07 09:34:42+00:00,L5,117.74,72.86,430.48,496.77,283.71,306.27,284.34,-34.65
1984-07-02 09:28:52+00:00,L5,132.25,73.95,433.13,494.59,275.86,288.53,275.22,221.34
1984-07-18 09:29:10+00:00,L5,117.46,60.95,423.46,499.65,299.90,312.90,317.87,-50.45
1984-08-19 09:30:15+00:00,L5,121.90,72.67,389.60,492.15,455.63,320.33,325.44,-58.68
1984-08-26 09:36:33+00:00,L5,117.77,60.14,419.65,501.42,312.61,320.27,317.77,-64.04
1984-09-11 09:36:38+00:00,L5,119.50,61.60,424.81,497.38,299.13,326.38,314.91,-56.06
1984-09-20 09:30:28+00:00,L5,,,,161.15,467.62,248.19,173.41,386.04
1984-09-27 09:36:39+00:00,L5,,,412.78,502.00,300.72,342.60,326.53,-56.66
1984-10-13 09:36:37+00:00,L5,119.37,59.23,417.34,503.26,306.06,355.78,319.72,-60.87
1984-11-07 09:30:17+00:00,L5,,39.19,411.32,500.53,447.92,342.48,331.23,-59.29
1984-12-09 09:30:22+00:00,L5,132.20,62.32,414.27,496.70,308.21,366.44,323.38,-55.46
1985-03-31 09:30:43+00:00,L5,119.16,73.60,417.67,502.59,295.68,318.87,317.62,-39.62
1985-06-03 09:30:28+00:00,L5,,35.44,425.32,503.12,296.28,317.52,315.15,-46.20
1985-06-26 09:36:35+00:00,L5,,,422.93,501.22,281.68,319.15,323.37,-44.89
1985-07-05 09:30:21+00:00,L5,,25.74,416.74,502.80,283.11,323.13,328.12,-47.87
1985-07-12 09:36:29+00:00,L5,,,419.03,499.68,283.08,320.46,318.11,-47.52
1985-07-28 09:36:22+00:00,L5,59.88,60.74,416.26,498.45,284.36,315.33,317.21,-48.41
1985-08-13 09:36:12+00:00,L5,74.61,60.15,418.52,500.92,297.41,323.42,317.11,-49.94
1985-08-22 09:29:56+00:00,L5,,,414.17,502.94,303.75,371.23,325.95,-58.98
1985-08-29 09:36:02+00:00,L5,,37.04,414.16,503.36,450.73,338.32,326.25,-53.68
1985-09-14 09:35:49+00:00,L5,,,419.32,503.87,432.40,323.72,326.21,-50.20
1985-09-23 09:29:32+00:00,L5,117.50,62.44,417.30,502.29,447.56,346.95,326.69,-52.17
1985-10-09 09:29:23+00:00,L5,,44.06,419.14,499.69,448.86,334.96,325.74,-49.76
1985-11-10 09:28:57+00:00,L5,133.65,73.78,409.10,502.20,302.26,326.82,322.21,-54.71
1986-03-18 09:26:22+00:00,L5,132.25,61.38,413.89,502.65,314.05,329.83,331.64,-57.65
1986-03-25 09:32:25+00:00,L5,448.00,425.41,283.15,259.66,289.96,322.95,298.42,-39.11
1986-04-10 09:32:04+00:00,L5,82.16,443.51,-19.13,,227.30,252.67,314.28,206.33
1986-05-05 09:25:17+00:00,L5,117.30,59.29,414.13,499.00,300.34,319.38,305.35,-50.89
1986-05-12 09:31:17+00:00,L5,117.20,60.99,418.55,501.94,298.60,313.11,315.55,-48.71
1986-05-21 09:24:51+00:00,L5,,40.92,417.99,501.15,300.95,319.36,315.94,-49.42
1986-06-29 09:29:50+00:00,L5,123.17,75.10,432.85,501.55,293.28,312.46,305.54,206.35
1986-07-08 09:23:21+00:00,L5,,50.67,389.65,500.30,322.25,326.81,324.50,-55.58
1986-07-15 09:29:17+00:00,L5,-16.67,32.53,415.56,501.19,298.33,325.08,323.56,-50.46
1986-07-31 09:28:43+00:00,L5,-12.58,44.40,40.59,-21.48,-64.21,,315.56,
1986-08-09 09:22:13+00:00,L5,,,417.71,503.76,447.98,327.14,326.00,-55.04
1986-08-25 09:21:37+00:00,L5,,,413.05,500.13,308.21,361.33,330.45,-61.76
1986-09-01 09:27:32+00:00,L5,-16.35,28.76,414.32,501.16,302.92,325.45,317.30,-54.78
1986-09-17 09:27:01+00:00,L5,,41.48,411.88,504.06,306.26,327.18,318.23,-56.75
1986-10-28 09:19:29+00:00,L5,93.65,62.74,414.53,501.25,303.80,335.34,321.21,-53.38
1987-03-21 09:22:26+00:00,L5,,,291.32,276.15,297.74,,,
1987-03-28 09:28:52+00:00,L5,132.25,59.98,425.45,496.03,294.50,308.37,285.33,-41.11
1987-04-06 09:23:00+00:00,L5,,44.31,411.85,501.44,301.02,337.85,320.18,-57.34
1987-04-13 09:29:24+00:00,L5,117.44,61.85,388.31,496.36,432.04,339.45,319.42,-63.04
1987-04-29 09:29:54+00:00,L5,132.27,60.15,426.05,495.89,286.26,302.16,292.55,-33.22
1987-05-08 09:23:59+00:00,L5,,37.86,419.05,497.92,295.90,312.24,315.82,-42.09
1987-05-15 09:30:21+00:00,L5,117.39,56.19,425.60,495.51,294.43,305.91,304.35,221.32
1987-05-24 09:24:24+00:00,L5,117.17,64.58,421.98,500.32,281.94,307.67,304.60,221.35
1987-05-31 09:30:45+00:00,L5,,38.45,425.37,496.28,289.37,303.19,292.65,-36.07
1987-06-16 09:31:07+00:00,L5,,36.51,31.87,500.17,332.38,346.10,327.09,-66.42
1987-06-25 09:25:08+00:00,L5,-8.73,29.22,419.07,503.50,292.60,324.51,316.97,-49.93
1987-07-02 09:31:27+00:00,L5,0.33,38.44,422.06,497.09,292.88,305.14,303.92,-38.87
1987-07-11 09:25:27+00:00,L5,,,416.21,502.81,290.12,328.14,320.55,-50.23
1987-07-18 09:31:44+00:00,L5,47.46,38.63,409.79,499.11,282.87,304.22,296.15,221.32
1987-07-27 09:25:49+00:00,L5,,42.71,415.82,500.62,300.42,320.21,321.13,-50.79
1987-08-03 09:32:13+00:00,L5,,41.96,415.47,501.52,298.29,321.83,317.66,-50.80
1987-08-19 09:32:41+00:00,L5,-13.39,35.09,418.93,500.61,283.64,319.74,318.86,-50.33
1987-08-28 09:26:45+00:00,L5,,58.70,421.14,501.14,298.49,323.70,313.69,-49.78
1987-09-04 09:33:07+00:00,L5,,42.53,423.47,498.63,303.46,324.74,317.53,-52.08
1987-09-13 09:27:09+00:00,L5,,34.17,419.99,500.15,303.86,328.54,320.93,-51.94
1987-09-20 09:33:30+00:00,L5,,30.60,416.47,499.18,300.20,321.01,310.05,-51.51
1987-10-31 09:28:04+00:00,L5,,44.32,414.43,503.34,311.12,281.63,252.12,300.42
1987-11-07 09:34:26+00:00,L5,,,498.18,494.75,307.65,263.78,237.91,299.06
1987-11-16 09:28:26+00:00,L5,,35.76,411.73,498.69,312.05,271.28,251.96,297.78
1987-12-02 09:28:42+00:00,L5,,42.36,411.13,503.24,308.45,270.93,241.39,305.36
1987-12-25 09:35:13+00:00,L5,,,410.94,500.64,311.68,274.61,250.65,300.77
1988-01-10 09:35:29+00:00,L5,,40.21,406.37,502.59,306.32,270.41,248.01,305.36
1988-01-19 09:29:29+00:00,L5,459.78,309.52,419.88,503.87,299.87,269.88,241.16,214.49
1988-02-11 09:36:05+00:00,L5,,55.14,409.35,503.14,342.15,290.88,272.57,297.85
1988-02-20 09:30:02+00:00,L5,,45.44,413.64,499.28,312.20,284.30,253.33,302.23
1988-04-15 09:36:38+00:00,L5,,40.14,414.86,497.88,304.93,269.90,243.47,301.44
1988-05-01 09:36:45+00:00,L5,,37.46,499.74,496.38,304.15,269.81,240.10,311.30
1988-05-17 09:36:55+00:00,L5,,64.31,498.82,494.13,301.03,268.67,242.18,307.42
1988-05-26 09:30:48+00:00,L5,,34.98,414.69,496.84,306.15,269.42,241.79,305.11
1988-06-02 09:37:02+00:00,L5,,42.11,518.06,493.25,300.25,265.06,232.52,311.34
1988-06-11 09:30:53+00:00,L5,,38.48,513.59,494.00,304.42,265.30,233.97,307.57
1988-07-04 09:37:12+00:00,L5,,34.18,516.40,255.01,299.55,239.89,224.17,318.62
1988-07-13 09:31:03+00:00,L5,56.03,60.87,416.08,498.48,306.66,264.40,243.91,303.90
1988-07-29 09:31:06+00:00,L5,86.72,64.77,525.56,253.48,295.08,236.30,234.68,311.25
1988-08-05 09:37:16+00:00,L5,242.36,64.53,517.14,427.00,300.92,258.46,236.18,311.34
1988-08-14 09:31:04+00:00,L5,63.44,52.90,518.06,493.24,290.96,235.63,239.75,302.17
1988-08-21 09:37:17+00:00,L5,274.34,272.00,511.85,494.43,303.82,254.21,236.70,311.34
1988-09-15 09:31:05+00:00,L5,286.51,279.35,474.50,,234.02,221.41,241.27,289.76
1988-09-22 09:37:13+00:00,L5,281.29,277.68,488.05,428.15,228.44,218.94,239.49,296.70
1988-10-01 09:30:58+00:00,L5,,,479.89,426.37,218.35,211.92,243.48,300.29
1988-10-08 09:37:09+00:00,L5,276.64,268.78,485.53,411.40,217.78,208.42,237.89,303.58
1988-10-24 09:37:05+00:00,L5,285.72,280.75,495.08,448.51,218.97,210.30,251.35,300.60
1988-11-18 09:30:56+00:00,L5,277.77,269.04,489.14,443.34,223.71,211.53,257.40,298.36
1988-12-11 09:36:57+00:00,L5,,,479.88,428.84,216.33,209.37,254.72,302.56
1988-12-27 09:36:51+00:00,L5,270.23,273.85,483.76,442.96,225.77,198.26,226.16,320.78
1989-01-05 09:30:40+00:00,L5,277.16,264.32,489.96,428.27,232.98,212.73,241.53,301.47
1989-01-28 09:36:31+00:00,L5,279.36,272.14,487.32,443.25,226.14,219.80,251.41,300.14
1989-02-06 09:30:23+00:00,L5,277.52,266.66,488.45,444.50,223.60,219.91,250.87,307.12
1989-03-17 09:35:40+00:00,L5,280.12,290.33,481.21,428.96,218.06,206.51,239.46,311.35
1989-03-26 09:29:17+00:00,L5,271.56,266.44,481.57,427.94,231.84,220.42,248.83,296.28
1989-05-20 09:34:56+00:00,L5,277.46,273.74,483.63,429.00,217.49,210.69,249.52,301.41
1989-05-29 09:28:41+00:00,L5,282.49,296.17,476.67,209.46,223.41,212.16,235.70,304.14
1989-06-14 09:28:10+00:00,L5,272.63,268.48,477.31,426.65,221.38,210.95,241.75,301.60
1989-06-21 09:34:19+00:00,L5,279.23,309.81,470.28,214.02,224.69,213.07,234.35,301.34
1989-06-30 09:28:02+00:00,L5,273.26,272.50,486.55,429.34,228.58,219.24,249.70,296.32
1989-07-16 09:27:43+00:00,L5,270.85,278.87,485.65,428.34,235.93,230.65,249.19,296.34
1989-07-23 09:33:45+00:00,L5,282.20,310.38,468.74,203.02,215.24,207.79,224.92,308.13
1989-08-01 09:27:23+00:00,L5,273.87,295.45,485.74,427.18,231.33,214.39,245.21,300.32
1989-08-24 09:33:03+00:00,L5,270.42,278.07,477.71,426.32,218.18,208.00,234.55,307.15
1989-09-02 09:26:41+00:00,L5,283.64,279.84,486.59,204.73,221.23,211.15,247.19,300.17
1989-09-18 09:26:08+00:00,L5,290.75,310.16,458.27,200.15,211.22,204.28,229.96,311.33
1989-09-25 09:32:16+00:00,L5,279.49,271.48,487.06,428.44,235.37,214.88,247.26,300.01
1989-10-04 09:26:00+00:00,L5,288.82,303.79,477.22,206.62,220.70,210.05,240.78,301.69
1989-11-12 09:30:31+00:00,L5,300.64,302.82,469.37,211.37,225.56,212.82,247.23,296.33
1989-12-07 09:24:00+00:00,L5,287.09,284.98,486.33,429.85,234.12,208.54,248.31,308.10
1989-12-14 09:30:02+00:00,L5,308.76,301.88,455.47,198.70,206.39,173.45,218.48,322.84
1989-12-23 09:23:34+00:00,L5,273.04,269.03,478.14,426.41,214.70,207.74,244.43,311.27
1990-01-15 09:28:57+00:00,L5,280.36,266.55,487.65,409.94,221.27,212.01,237.69,304.21
1990-02-09 09:22:02+00:00,L5,285.46,295.80,467.45,207.75,215.80,205.16,242.04,320.31
1990-02-16 09:27:59+00:00,L5,290.54,280.52,487.61,427.49,233.04,219.25,243.29,296.35
1990-03-04 09:27:26+00:00,L5,270.50,268.82,478.64,411.73,217.51,211.86,246.18,311.33
1990-03-13 09:20:59+00:00,L5,273.91,269.61,481.17,428.85,225.90,218.62,250.38,299.00
1990-04-21 09:26:46+00:00,L5,275.68,295.02,474.75,205.06,217.96,206.74,236.58,298.75
1990-05-07 09:26:43+00:00,L5,275.81,296.05,474.91,210.67,225.79,221.17,238.64,302.70
1990-05-16 09:20:37+00:00,L5,273.89,276.52,475.39,208.51,224.42,213.77,239.76,303.63
1990-06-01 09:20:32+00:00,L5,274.18,268.14,493.92,444.50,226.34,224.07,259.09,293.21
1990-06-08 09:26:43+00:00,L5,277.44,298.71,472.56,207.95,219.20,207.60,238.72,306.25
1990-06-24 09:26:42+00:00,L5,290.58,300.27,455.13,211.49,223.68,200.52,236.80,296.29
1990-07-03 09:20:30+00:00,L5,265.00,279.13,477.05,210.53,218.04,212.53,238.08,299.13
1990-07-10 09:26:40+00:00,L5,280.70,302.35,470.77,204.85,210.07,193.71,230.44,303.08
1990-07-19 09:20:25+00:00,L5,275.07,300.64,471.86,215.35,233.00,210.89,231.83,304.43
1990-07-26 09:26:36+00:00,L5,330.47,317.45,211.84,199.85,171.80,99.95,63.16,312.67
1990-08-04 09:20:20+00:00,L5,295.32,311.95,475.19,216.39,209.37,199.58,241.81,311.46
1990-08-11 09:26:31+00:00,L5,315.61,313.87,450.94,208.05,187.09,188.29,237.63,334.22
1990-08-20 09:20:18+00:00,L5,309.59,310.52,453.35,208.59,186.89,197.08,236.19,326.83
1990-09-05 09:20:10+00:00,L5,333.20,340.42,431.59,190.27,155.86,88.10,54.65,
1990-09-12 09:26:23+00:00,L5,287.96,290.64,477.87,217.75,223.86,212.65,243.04,303.62
1990-09-28 09:26:14+00:00,L5,273.17,295.45,458.74,201.42,217.32,202.81,228.52,326.35
1990-10-07 09:19:54+00:00,L5,331.97,318.56,436.48,189.71,127.89,-43.22,15.34,331.47
1990-10-14 09:26:08+00:00,L5,281.99,304.17,457.62,194.66,205.28,184.09,222.22,316.66
1990-10-23 09:19:53+00:00,L5,362.56,369.68,211.07,194.05,137.52,,23.08,
1990-10-30 09:25:59+00:00,L5,306.57,312.05,452.53,198.45,201.55,185.70,220.31,331.28
1990-11-15 09:26:01+00:00,L5,315.50,311.05,467.52,203.33,204.81,185.40,231.52,324.40
1990-12-26 09:20:01+00:00,L5,275.91,279.58,478.10,430.02,212.79,205.11,258.08,326.26
1991-01-02 09:26:25+00:00,L5,281.17,277.81,487.55,428.18,220.19,209.92,246.14,301.47
1991-01-11 09:20:27+00:00,L5,280.38,276.09,489.26,429.00,224.59,227.49,236.59,303.92
1991-02-12 09:21:06+00:00,L5,275.63,292.35,478.84,212.49,217.94,205.79,234.79,303.79
1991-02-28 09:21:24+00:00,L5,316.84,340.25,216.42,197.08,140.71,188.59,213.88,355.88
1991-04-01 09:21:58+00:00,L5,280.99,300.50,457.75,200.74,204.99,194.32,230.59,320.44
1991-05-26 09:29:10+00:00,L5,277.31,295.93,475.11,206.85,220.59,214.69,228.73,314.45
1991-06-20 09:23:18+00:00,L5,276.65,278.54,476.97,211.89,222.48,219.13,237.36,305.94
1991-06-27 09:29:37+00:00,L5,274.81,276.82,454.14,204.18,202.61,200.13,227.28,318.70
1991-07-06 09:23:34+00:00,L5,269.37,300.60,434.43,199.23,201.41,192.00,213.58,322.62
1991-07-13 09:29:45+00:00,L5,281.84,290.83,450.56,207.58,212.95,198.09,212.54,311.26
1991-07-22 09:23:46+00:00,L5,287.10,310.26,221.16,202.11,186.18,187.08,210.77,311.28
1991-07-29 09:30:00+00:00,L5,328.81,499.47,220.31,200.01,142.92,154.51,195.33,318.44
1991-08-07 09:23:52+00:00,L5,284.03,290.43,231.92,214.85,223.60,208.69,226.81,300.94
1991-08-14 09:30:03+00:00,L5,270.90,279.24,222.75,205.23,213.67,196.15,217.45,307.26
1991-08-23 09:23:58+00:00,L5,304.68,500.80,222.11,204.07,156.87,148.51,207.65,297.10
1991-09-08 09:24:12+00:00,L5,292.25,309.57,219.73,205.01,186.79,180.50,214.87,302.62
1991-09-24 09:24:18+00:00,L5,293.08,310.79,221.88,204.53,189.95,178.45,212.74,296.31
1991-10-10 09:24:25+00:00,L5,212.69,501.62,225.09,207.28,141.36,126.38,178.47,301.09
1991-10-17 09:30:42+00:00,L5,299.47,310.33,223.37,208.20,204.35,178.72,211.26,296.77
1991-11-02 09:30:40+00:00,L5,276.28,276.23,471.41,204.50,202.55,198.52,214.88,326.25
1991-11-11 09:24:33+00:00,L5,282.62,290.95,487.38,220.29,223.24,214.73,236.94,298.10
1991-11-27 09:24:41+00:00,L5,276.77,270.38,478.81,428.14,215.43,207.72,237.10,303.86
1991-12-13 09:24:48+00:00,L5,279.36,266.15,485.61,429.85,219.65,205.07,230.56,311.34
1992-01-05 09:30:47+00:00,L5,268.72,296.52,457.30,199.23,214.54,203.03,218.31,319.52
1992-01-21 09:30:48+00:00,L5,450.50,310.15,476.08,205.93,188.03,205.87,230.07,311.28
1992-01-30 09:24:42+00:00,L5,275.39,270.26,480.29,413.66,221.15,209.77,245.54,309.13
1992-02-15 09:24:26+00:00,L5,276.11,279.14,476.10,409.98,226.21,220.25,236.87,304.25
1992-02-22 09:30:41+00:00,L5,279.98,269.88,476.90,417.11,214.96,205.84,238.97,307.24
1992-03-09 09:30:43+00:00,L5,298.01,295.28,471.15,203.91,209.82,201.37,233.36,314.31
1992-04-19 09:24:18+00:00,L5,282.47,297.26,476.95,219.26,220.46,211.57,244.99,301.00
1992-05-12 09:30:15+00:00,L5,273.92,310.12,473.35,208.18,209.31,204.46,231.94,305.85
1992-05-28 09:30:06+00:00,L5,450.87,385.58,214.02,191.40,128.22,,51.06,
1992-06-13 09:29:55+00:00,L5,291.83,339.62,467.69,197.42,171.69,189.82,213.11,318.12
1992-06-29 09:29:44+00:00,L5,299.78,374.53,222.43,202.22,187.99,199.78,217.44,326.28
1992-07-08 09:23:26+00:00,L5,284.85,309.06,474.06,208.77,207.22,205.10,229.69,313.44
1992-07-31 09:29:20+00:00,L5,351.76,474.91,210.28,184.06,156.12,155.60,187.63,371.36
1992-08-09 09:23:02+00:00,L5,291.16,374.61,220.25,201.58,198.17,191.60,219.97,326.28
1992-09-01 09:28:50+00:00,L5,435.71,475.29,219.23,197.83,186.56,116.99,178.15,355.81
1992-09-10 09:22:32+00:00,L5,,,,201.85,209.08,195.47,211.24,329.80
1992-09-17 09:28:36+00:00,L5,291.05,358.06,470.98,207.68,210.61,200.47,226.87,326.34
1992-11-13 09:21:24+00:00,L5,282.58,277.82,473.14,205.71,232.22,230.22,246.73,311.27
1992-11-29 09:21:28+00:00,L5,274.56,279.03,471.37,207.15,230.35,219.98,238.12,311.28
1992-12-06 09:27:46+00:00,L5,281.01,273.33,478.98,428.85,220.75,213.84,247.47,298.18
1993-01-07 09:28:04+00:00,L5,274.53,278.77,471.99,204.72,218.91,210.14,235.76,311.32
1993-02-17 09:22:18+00:00,L5,277.42,264.51,475.12,413.31,228.18,213.42,242.30,311.32
1993-02-24 09:28:29+00:00,L5,274.74,291.27,471.13,209.35,221.37,213.04,237.30,311.32
1993-03-05 09:22:27+00:00,L5,278.20,276.61,475.15,205.34,220.79,212.56,235.79,313.85
1993-03-12 09:28:42+00:00,L5,272.61,265.45,477.43,204.70,221.02,209.52,245.42,311.35
1993-04-06 09:22:36+00:00,L5,273.15,266.48,474.40,199.52,213.75,206.12,237.05,311.32
1993-05-08 09:22:49+00:00,L5,275.38,278.72,475.47,206.95,219.09,211.94,234.49,314.73
1993-05-15 09:29:01+00:00,L5,276.78,290.36,467.58,214.40,226.83,221.81,234.16,311.32
1993-05-24 09:22:51+00:00,L5,288.52,297.56,472.82,216.61,222.56,218.75,232.48,296.30
1993-05-31 09:29:04+00:00,L5,272.68,279.50,454.68,202.69,227.01,209.04,228.68,318.19
1993-06-16 09:29:02+00:00,L5,270.62,270.79,477.75,210.84,227.13,219.72,235.64,296.28
1993-06-25 09:22:48+00:00,L5,266.44,267.68,476.78,216.01,226.86,222.12,247.45,303.62
1993-07-11 09:22:45+00:00,L5,285.64,290.99,474.00,201.85,215.65,206.92,234.97,306.64
1993-07-18 09:28:56+00:00,L5,291.52,309.23,228.21,201.64,209.66,203.50,223.47,311.29
1993-07-27 09:22:44+00:00,L5,273.69,278.70,475.90,213.46,222.85,214.49,238.06,301.52
1993-08-03 09:28:56+00:00,L5,275.36,325.39,229.95,205.69,203.96,191.19,213.10,311.33
1993-08-12 09:22:45+00:00,L5,273.03,276.49,471.59,213.14,231.07,219.74,240.90,299.55
1993-08-19 09:28:55+00:00,L5,277.77,313.48,234.10,209.78,216.28,202.47,221.29,300.04
1993-09-20 09:28:50+00:00,L5,283.83,497.73,222.81,204.20,191.02,167.05,204.40,296.27
1993-10-06 09:28:47+00:00,L5,280.12,339.45,222.16,209.91,192.55,193.76,207.77,304.28
1993-11-07 09:28:34+00:00,L5,278.67,300.15,475.97,214.86,211.11,201.17,233.53,311.31
1993-11-16 09:22:17+00:00,L5,275.49,270.58,481.77,211.57,222.22,212.76,245.14,311.36
1993-12-02 09:22:15+00:00,L5,280.46,299.72,477.42,205.94,210.69,193.09,223.75,319.60
1994-01-03 09:21:56+00:00,L5,280.82,281.54,464.36,210.32,218.05,210.26,236.99,311.33
1994-03-08 09:21:04+00:00,L5,275.94,266.49,485.70,427.53,221.67,214.01,240.91,296.25
1994-03-24 09:20:50+00:00,L5,273.46,261.78,493.89,428.52,224.59,226.02,241.75,302.29
1994-04-25 09:20:14+00:00,L5,284.17,452.51,227.32,203.90,194.69,150.97,207.96,370.82
1994-05-02 09:26:17+00:00,L5,274.71,276.94,474.35,413.62,218.68,208.23,227.84,315.28
1994-05-11 09:19:55+00:00,L5,270.77,310.42,223.16,207.26,203.15,183.94,215.60,330.12
1994-05-27 09:19:39+00:00,L5,274.77,294.89,473.08,213.03,207.37,190.69,223.21,311.28
1994-07-05 09:24:58+00:00,L5,284.57,358.99,225.01,201.05,205.35,192.22,201.85,385.86
1994-07-14 09:18:32+00:00,L5,272.79,299.48,466.54,219.30,214.84,206.93,230.64,316.47
1994-07-21 09:24:31+00:00,L5,279.51,494.68,222.36,199.00,201.12,172.98,197.95,362.13
1994-07-30 09:18:04+00:00,L5,288.24,469.94,230.11,217.36,207.24,191.39,211.28,386.35
1994-08-22 09:23:41+00:00,L5,205.76,197.15,223.54,200.50,199.20,173.57,182.21,364.48
1994-08-31 09:17:17+00:00,L5,281.41,357.66,224.85,201.31,206.31,191.10,205.63,327.45
1994-09-07 09:23:17+00:00,L5,294.62,501.62,224.30,198.11,202.34,193.11,188.59,349.16
1994-09-16 09:16:52+00:00,L5,278.36,301.40,229.13,201.37,202.88,-22.40,,310.09
1994-12-05 09:14:18+00:00,L5,271.76,268.39,477.40,206.14,218.18,207.98,236.70,313.25
1995-01-13 09:19:10+00:00,L5,277.54,279.10,478.05,205.87,216.69,206.75,234.11,311.27
1995-01-22 09:12:39+00:00,L5,268.81,267.71,477.49,204.73,224.31,210.02,233.57,312.61
1995-01-29 09:18:34+00:00,L5,277.52,277.54,475.86,206.76,219.36,215.34,238.04,305.43
1995-02-07 09:12:02+00:00,L5,273.44,276.90,477.14,208.98,219.03,209.23,235.27,301.35
1995-02-14 09:17:55+00:00,L5,275.09,278.29,472.85,202.51,210.33,200.41,227.68,326.32
1995-03-11 09:10:45+00:00,L5,276.22,277.10,478.42,204.81,214.84,207.04,231.62,312.87
1995-04-12 09:09:25+00:00,L5,274.69,277.08,472.79,417.26,220.42,211.69,241.94,311.32
1995-04-19 09:15:18+00:00,L5,275.30,296.95,217.61,200.56,210.77,205.66,224.35,315.05
1995-05-05 09:14:35+00:00,L5,275.09,295.16,472.97,211.68,223.78,210.60,232.96,301.50
1995-05-30 09:07:16+00:00,L5,272.22,277.31,467.88,207.46,212.23,202.40,229.13,326.36
1995-06-06 09:13:07+00:00,L5,265.57,297.15,472.42,209.02,214.95,202.01,224.64,316.81
1995-06-15 09:06:32+00:00,L5,274.47,311.03,223.60,206.03,209.92,197.31,221.30,327.67
1995-07-01 09:05:49+00:00,L5,269.06,295.89,456.63,206.68,217.25,206.23,226.53,311.29
1995-07-08 09:11:41+00:00,L5,273.74,276.11,475.68,210.72,222.38,210.06,234.08,321.32
1995-07-17 09:05:03+00:00,L5,267.27,295.15,468.05,207.42,212.03,204.45,229.44,317.00
1995-07-24 09:10:56+00:00,L5,261.27,277.44,471.85,209.31,218.15,205.12,232.14,317.20
1995-08-02 09:04:22+00:00,L5,271.94,311.20,460.87,206.90,222.62,205.67,224.99,333.93
1995-08-09 09:10:13+00:00,L5,272.05,295.03,222.57,202.77,211.85,197.62,215.00,331.74
1995-09-03 09:02:52+00:00,L5,275.54,289.94,460.60,207.91,221.06,198.21,227.28,328.17
1995-09-10 09:08:43+00:00,L5,278.80,310.90,450.82,207.42,214.72,199.24,229.23,326.32
1995-10-21 09:00:24+00:00,L5,272.28,275.91,471.81,204.24,221.93,205.29,231.56,306.39
1995-11-06 08:59:51+00:00,L5,281.57,295.41,475.27,208.28,216.64,214.86,237.22,301.15
1996-02-17 09:12:07+00:00,L5,277.11,271.56,477.43,207.58,217.67,206.74,235.27,301.39
1996-03-04 09:13:10+00:00,L5,277.05,295.49,471.30,206.94,209.80,205.07,229.84,303.86
1996-03-29 09:08:37+00:00,L5,276.67,276.17,480.26,429.51,220.34,213.98,241.35,305.39
1996-04-14 09:09:37+00:00,L5,268.97,276.76,460.36,213.33,212.96,208.46,238.87,311.87
1996-04-21 09:16:13+00:00,L5,284.14,326.53,206.08,188.86,155.77,188.95,207.71,360.87
1996-05-16 09:11:30+00:00,L5,273.67,309.53,222.70,213.10,210.34,199.50,229.00,304.96
1996-05-23 09:18:04+00:00,L5,262.26,266.55,476.71,427.04,217.42,215.47,246.60,301.33
1996-06-01 09:12:24+00:00,L5,272.57,310.84,226.27,215.80,213.33,205.98,226.45,306.63
1996-07-03 09:14:07+00:00,L5,273.87,276.11,475.52,209.56,223.00,221.15,234.61,302.89
1996-07-10 09:20:39+00:00,L5,281.00,268.63,480.57,214.95,223.07,213.17,240.72,304.89
1996-07-19 09:14:58+00:00,L5,273.73,295.22,474.90,207.47,217.24,213.84,232.79,306.43
1996-07-26 09:21:31+00:00,L5,276.66,312.02,222.80,202.91,211.32,205.97,219.50,311.29
1996-08-04 09:15:48+00:00,L5,277.25,270.51,473.53,209.75,217.14,207.97,237.60,304.43
1996-08-20 09:16:38+00:00,L5,283.53,297.51,226.58,209.58,217.19,206.33,218.72,303.29
1996-09-05 09:17:31+00:00,L5,275.80,267.08,478.52,411.32,232.25,219.98,238.93,299.39
1996-10-23 09:20:04+00:00,L5,274.19,295.74,471.71,216.16,219.29,205.72,219.49,315.53
1996-11-08 09:20:50+00:00,L5,281.79,290.80,475.16,212.66,226.16,210.86,226.69,304.14
1996-11-24 09:21:34+00:00,L5,199.55,266.56,227.97,201.66,193.11,187.69,174.23,341.86
1996-12-17 09:28:51+00:00,L5,277.12,298.47,459.42,195.24,209.13,198.29,219.40,326.30
1997-02-12 09:25:17+00:00,L5,274.27,269.95,482.88,427.45,233.71,225.14,243.97,221.45
1997-02-19 09:31:45+00:00,L5,268.64,265.07,476.34,417.16,223.51,212.32,238.25,311.28
1997-03-16 09:26:35+00:00,L5,264.31,290.48,476.21,412.12,233.37,213.95,237.91,311.35
1997-03-23 09:33:01+00:00,L5,277.30,452.62,229.38,216.98,213.85,169.68,207.52,318.91
1997-04-01 09:27:10+00:00,L5,271.43,272.68,486.98,427.33,231.35,221.92,242.54,298.60
1997-04-08 09:33:36+00:00,L5,436.19,494.63,222.88,206.73,204.98,148.27,178.58,326.28
1997-04-24 09:34:10+00:00,L5,276.93,497.61,226.11,215.37,213.25,162.40,192.55,318.01
1997-05-03 09:28:18+00:00,L5,268.88,269.18,470.09,213.04,228.68,213.64,235.50,307.31
1997-05-10 09:34:43+00:00,L5,435.52,494.10,224.14,207.30,208.78,148.78,178.26,326.32
1997-05-19 09:28:50+00:00,L5,270.00,295.30,229.15,209.67,216.49,195.72,193.37,311.25
1997-06-04 09:29:25+00:00,L5,273.97,309.85,233.03,214.07,222.75,199.98,193.67,311.28
1997-06-11 09:35:50+00:00,L5,283.98,499.60,229.88,209.24,209.89,191.84,185.98,311.84
1997-06-20 09:29:57+00:00,L5,274.75,297.59,238.78,218.24,217.62,200.53,198.39,311.34
1997-07-06 09:30:31+00:00,L5,272.65,276.44,455.97,208.59,219.14,206.69,219.51,311.31
1997-07-13 09:36:56+00:00,L5,278.22,310.84,222.06,209.46,217.98,205.99,213.44,311.33
1997-07-29 09:37:29+00:00,L5,272.48,279.01,451.15,214.57,219.45,206.42,217.35,301.07
1997-08-14 09:37:59+00:00,L5,278.13,279.08,457.99,216.10,221.95,205.10,221.23,305.60
1997-08-23 09:32:05+00:00,L5,265.25,278.70,234.44,217.42,221.06,205.13,220.32,303.62
1997-08-30 09:38:29+00:00,L5,268.42,310.02,223.53,212.56,217.11,199.60,207.45,301.29
1997-09-24 09:33:01+00:00,L5,279.53,277.48,230.76,211.63,218.60,208.62,224.93,311.30
1997-10-01 09:39:24+00:00,L5,282.47,297.25,223.54,209.55,210.66,196.62,223.06,307.20
1997-10-10 09:33:28+00:00,L5,275.00,294.86,223.51,213.25,216.34,205.76,230.08,307.30
1997-10-26 09:33:54+00:00,L5,280.00,294.99,473.45,204.71,216.61,205.09,229.63,313.62
1997-11-11 09:34:18+00:00,L5,288.82,290.54,472.85,197.38,208.13,194.82,229.33,326.36
1997-11-18 09:40:37+00:00,L5,280.02,311.09,462.86,198.91,209.19,203.16,228.15,326.28
1997-12-13 09:35:04+00:00,L5,279.26,299.15,475.26,208.84,205.66,204.05,238.90,313.64
1998-01-21 09:42:08+00:00,L5,276.79,269.34,476.69,411.57,222.02,212.36,242.10,306.42
1998-01-30 09:36:10+00:00,L5,273.75,298.94,224.55,207.24,207.00,201.19,231.41,326.93
1998-02-06 09:42:29+00:00,L5,275.96,309.86,470.44,201.38,207.83,196.45,225.32,326.36
1998-02-15 09:36:29+00:00,L5,275.39,272.75,479.56,427.14,227.95,210.97,245.80,303.46
1998-02-22 09:42:48+00:00,L5,275.97,270.90,476.23,208.82,220.72,207.89,230.72,312.36
1998-03-03 09:36:45+00:00,L5,277.80,277.93,477.43,220.55,235.65,222.34,242.13,304.34
1998-03-10 09:43:03+00:00,L5,277.55,277.41,469.10,205.87,214.05,204.17,223.49,315.60
1998-03-19 09:37:01+00:00,L5,280.98,272.43,487.03,427.99,229.84,220.64,247.71,301.30
1998-03-26 09:43:17+00:00,L5,275.21,289.57,475.66,208.15,221.24,208.72,234.94,311.27
1998-04-04 09:37:11+00:00,L5,274.67,270.83,467.79,206.09,216.35,212.06,233.45,311.32
1998-04-11 09:43:28+00:00,L5,274.25,311.40,217.47,197.83,201.39,203.63,226.25,326.25
1998-05-13 09:43:56+00:00,L5,279.37,381.78,216.59,197.06,194.20,187.60,197.96,326.27
1998-06-07 09:38:09+00:00,L5,272.60,278.83,456.73,209.61,209.72,210.06,232.86,304.18
1998-06-14 09:44:24+00:00,L5,281.53,309.56,223.25,203.93,208.82,201.16,211.68,307.00
1998-06-30 09:44:36+00:00,L5,295.07,344.73,214.68,195.56,201.33,193.45,210.50,313.88
1998-07-16 09:44:47+00:00,L5,276.40,295.32,467.56,209.65,210.05,206.69,226.98,305.09
1998-07-25 09:38:40+00:00,L5,277.84,309.12,222.22,208.11,207.40,194.81,216.96,299.23
1998-08-01 09:44:52+00:00,L5,288.53,470.03,217.63,197.58,187.99,186.19,189.28,311.29
1998-08-10 09:38:46+00:00,L5,280.34,309.90,220.08,200.80,204.58,193.47,200.50,301.80
1998-08-17 09:45:00+00:00,L5,283.63,301.49,214.33,199.88,199.17,187.37,207.95,298.00
1998-08-26 09:38:57+00:00,L5,272.23,299.76,228.04,213.43,209.73,200.30,221.51,299.45
1998-09-11 09:39:03+00:00,L5,287.91,351.40,,,,,,
1998-09-18 09:45:20+00:00,L5,272.89,297.30,230.19,209.51,216.48,196.20,211.79,302.62
1998-09-27 09:39:11+00:00,L5,285.09,445.65,220.40,199.71,193.13,197.03,219.38,309.32
1998-10-04 09:45:22+00:00,L5,274.23,309.06,222.32,207.05,208.39,196.17,203.08,296.28
1998-10-20 09:45:22+00:00,L5,275.55,338.06,217.98,200.75,209.33,199.53,202.78,301.87
1998-10-29 09:39:14+00:00,L5,261.57,294.97,467.91,208.17,217.70,207.52,221.41,311.34
1998-11-21 09:45:34+00:00,L5,269.84,309.72,222.89,207.33,210.97,197.91,207.13,298.38
1998-12-07 09:45:29+00:00,L5,273.92,278.95,467.35,210.99,224.29,212.17,228.65,299.39
1998-12-23 09:45:35+00:00,L5,274.43,268.41,477.51,211.18,218.07,206.32,239.18,302.63
1999-01-08 09:45:34+00:00,L5,274.81,295.79,477.81,211.57,216.90,203.91,224.91,306.06
1999-02-02 09:39:27+00:00,L5,272.81,292.25,218.10,200.20,205.37,205.89,217.87,315.02
1999-03-22 09:39:15+00:00,L5,271.74,309.81,224.63,204.49,213.15,201.88,217.41,311.71
1999-04-07 09:39:02+00:00,L5,271.53,268.47,487.99,427.83,226.21,220.02,245.02,303.62
1999-04-14 09:45:15+00:00,L5,275.86,309.93,217.00,199.20,203.51,199.14,221.11,313.87
1999-04-23 09:39:04+00:00,L5,267.89,268.41,486.03,442.80,222.53,214.10,243.93,304.00
1999-04-30 09:45:13+00:00,L5,275.59,299.13,224.24,201.46,212.71,203.08,195.90,311.26
1999-06-17 09:44:29+00:00,L5,270.70,296.46,225.05,211.28,208.89,203.57,191.57,316.53
1999-06-26 09:38:12+00:00,L5,275.01,310.77,224.67,203.86,209.63,199.92,195.85,315.30
1999-07-03 09:44:19+00:00,L5,279.18,326.52,206.58,188.26,194.53,184.43,168.03,181.62
1999-07-12 09:38:05+00:00,L5,276.17,309.27,222.13,208.85,210.17,188.34,184.91,304.92
1999-07-19 09:44:16+00:00,L5,284.94,406.50,219.36,198.63,203.81,172.97,177.30,311.29
1999-08-04 09:44:14+00:00,L5,273.69,443.93,214.58,196.41,204.77,175.62,178.59,199.55
1999-08-05 09:53:16+00:00,L7,273.75,301.83,227.30,213.41,216.43,210.63,218.16,304.91
1999-08-12 09:59:25+00:00,L7,275.09,315.52,218.69,200.82,209.35,193.73,198.51,304.96
1999-08-21 09:53:13+00:00,L7,276.11,314.69,219.65,198.76,209.29,196.31,195.54,304.21
1999-08-28 09:59:28+00:00,L7,272.16,313.83,226.20,201.71,210.66,198.32,207.57,310.45
1999-08-29 09:37:39+00:00,L5,274.44,310.96,223.03,207.45,208.90,198.75,200.39,297.18
1999-09-13 09:59:23+00:00,L7,272.42,318.08,228.33,205.08,213.16,198.98,209.04,303.25
1999-09-22 09:53:17+00:00,L7,271.07,302.84,227.46,212.05,217.84,207.66,224.81,300.54
1999-09-29 09:59:32+00:00,L7,275.10,286.34,227.52,205.27,216.58,211.61,212.33,298.91
1999-09-30 09:36:52+00:00,L5,269.84,289.56,450.37,204.90,217.64,201.74,227.09,300.55
1999-10-07 09:43:09+00:00,L5,265.23,296.54,458.17,206.69,212.18,199.84,215.82,305.43
1999-10-15 09:59:30+00:00,L7,276.44,286.37,466.24,209.22,217.67,205.62,226.64,305.89
1999-10-24 09:53:13+00:00,L7,275.36,324.88,225.66,206.64,211.24,199.95,216.91,306.22
1999-10-31 09:59:25+00:00,L7,273.86,285.45,465.94,206.42,218.31,210.06,225.42,310.33
1999-11-01 09:36:34+00:00,L5,273.44,276.44,478.31,206.17,217.28,208.11,230.31,300.71
1999-11-08 09:42:30+00:00,L5,283.91,309.38,460.02,205.28,210.41,202.92,218.93,311.30
1999-11-09 09:53:16+00:00,L7,272.71,312.49,473.08,215.14,220.20,209.61,235.06,306.34
1999-11-16 09:59:25+00:00,L7,326.36,317.09,483.69,196.04,217.31,205.68,234.04,310.14
1999-12-02 09:59:20+00:00,L7,278.57,277.19,480.69,435.01,222.18,209.39,243.19,316.52
1999-12-11 09:53:17+00:00,L7,275.69,302.14,482.78,207.13,216.11,204.57,232.80,314.20
1999-12-18 09:59:28+00:00,L7,275.14,276.86,482.90,402.71,219.60,211.67,233.63,312.32
1999-12-27 09:53:09+00:00,L7,277.83,273.65,480.25,205.01,216.19,204.92,238.04,310.85
2000-01-03 09:59:21+00:00,L7,272.50,277.09,482.70,435.66,220.99,213.55,241.23,313.12
2000-01-11 09:41:31+00:00,L5,274.28,294.86,485.58,211.50,219.97,207.06,227.56,311.32
2000-01-19 09:59:18+00:00,L7,-42.92,-45.28,63.37,55.11,215.75,205.41,233.14,324.91
2000-01-20 09:35:06+00:00,L5,270.12,267.35,477.91,427.35,213.74,209.91,229.50,316.02
2000-02-04 09:59:18+00:00,L7,271.40,280.15,482.13,435.28,220.49,213.38,237.87,312.33
2000-02-13 09:53:05+00:00,L7,269.55,277.81,483.77,436.13,224.27,214.65,240.70,310.36
2000-02-29 09:52:59+00:00,L7,275.25,270.41,488.34,435.00,222.03,216.10,241.91,303.84
2000-03-07 09:59:06+00:00,L7,271.74,287.50,484.63,418.28,215.76,205.73,234.25,302.19
2000-03-08 09:33:45+00:00,L5,279.21,276.88,480.42,426.64,222.96,208.95,235.76,305.11
2000-03-16 09:52:55+00:00,L7,94.74,494.74,485.02,435.39,-5.62,-34.27,234.90,299.55
2000-04-01 09:52:52+00:00,L7,271.64,278.13,484.08,435.27,227.28,212.66,235.64,309.54
2000-04-24 09:58:51+00:00,L7,278.92,283.04,479.24,206.73,217.17,208.22,226.57,321.29
2000-05-03 09:52:36+00:00,L7,273.20,285.99,472.30,208.37,214.42,206.00,230.03,322.63
2000-05-18 09:42:19+00:00,L5,279.72,311.84,213.20,194.61,199.33,194.47,206.52,326.85
2000-05-19 09:52:25+00:00,L7,273.32,302.63,479.25,205.22,213.19,200.00,225.35,313.63
2000-06-04 09:52:13+00:00,L7,278.06,323.25,219.18,205.60,206.56,199.76,218.21,323.54
2000-06-19 09:42:59+00:00,L5,288.55,325.26,223.30,206.02,205.73,197.87,203.96,319.58
2000-06-20 09:52:10+00:00,L7,277.78,320.51,215.59,199.09,201.66,198.05,210.18,325.53
2000-06-28 09:37:02+00:00,L5,275.88,301.40,471.98,206.09,213.52,204.90,220.87,317.86
2000-07-13 09:58:00+00:00,L7,280.29,280.70,478.64,210.03,220.93,212.73,233.74,321.47
2000-07-14 09:37:22+00:00,L5,280.88,295.77,473.75,202.49,214.28,206.32,216.16,386.05
2000-07-22 09:51:40+00:00,L7,279.45,315.21,467.71,203.80,211.17,203.65,224.24,314.14
2000-07-29 09:57:43+00:00,L7,279.02,303.03,477.03,205.24,214.16,204.99,225.71,320.32
2000-08-07 09:51:26+00:00,L7,281.32,283.65,483.56,435.39,223.29,215.27,237.17,308.16
2000-08-22 09:44:16+00:00,L5,281.74,311.16,475.55,204.96,210.09,205.86,208.87,315.29
2000-08-23 09:51:20+00:00,L7,275.41,321.22,467.85,206.49,210.27,203.56,226.00,322.34
2000-08-30 09:57:26+00:00,L7,443.29,348.80,210.29,198.43,197.90,189.65,200.32,341.62
2000-09-15 09:57:07+00:00,L7,275.38,317.35,464.55,206.28,209.05,197.28,223.91,313.09
2000-09-16 09:38:35+00:00,L5,274.06,301.51,223.16,204.80,209.91,205.32,219.20,326.28
2000-10-01 09:56:58+00:00,L7,272.79,314.49,462.94,205.85,212.75,199.63,220.74,318.84
2000-10-10 09:50:42+00:00,L7,273.06,314.36,466.51,207.42,214.65,205.83,228.74,309.31
2000-11-02 09:56:53+00:00,L7,271.25,303.42,479.95,209.32,216.44,206.66,235.56,302.90
2000-11-11 09:50:41+00:00,L7,275.06,286.78,472.98,202.03,213.89,205.63,231.91,314.49
2000-12-05 09:39:36+00:00,L5,281.43,269.94,473.50,210.97,219.01,212.59,237.83,303.98
2000-12-13 09:50:44+00:00,L7,272.45,285.84,468.95,207.53,215.50,207.16,229.89,311.36
2000-12-20 09:56:57+00:00,L7,272.21,303.38,471.66,208.28,219.80,209.91,227.78,312.59
2000-12-21 09:39:58+00:00,L5,210.00,275.89,471.26,199.84,207.38,209.70,229.39,304.75
2000-12-28 09:46:14+00:00,L5,271.24,278.78,198.11,190.02,201.51,183.73,218.62,311.27
2001-01-05 09:56:57+00:00,L7,277.40,285.33,465.67,198.12,214.21,199.34,230.02,319.53
2001-01-06 09:40:04+00:00,L5,272.26,290.44,459.87,,,,,
2001-01-14 09:50:50+00:00,L7,275.43,287.47,464.57,200.82,212.56,198.33,225.24,311.00
2001-01-21 09:57:03+00:00,L7,283.57,281.85,472.03,202.54,215.96,201.40,233.30,307.86
2001-01-22 09:40:15+00:00,L5,281.46,275.81,469.72,211.66,219.74,207.00,230.23,304.01
2001-02-06 09:56:56+00:00,L7,281.43,286.65,470.34,205.14,216.31,204.83,232.57,318.86
2001-02-07 09:40:22+00:00,L5,282.53,311.29,218.16,203.86,214.70,195.82,212.89,314.37
2001-02-14 09:46:32+00:00,L5,273.40,278.83,477.03,202.03,215.02,199.98,230.15,326.34
2001-02-15 09:50:46+00:00,L7,278.39,313.17,213.75,,,,,
2001-03-03 09:50:41+00:00,L7,275.06,302.66,217.00,205.49,209.19,192.61,220.83,313.14
2001-03-10 09:56:51+00:00,L7,275.16,301.51,217.84,205.37,206.29,194.48,211.79,309.66
2001-03-11 09:40:27+00:00,L5,271.19,277.50,228.63,203.53,208.25,199.92,225.86,303.70
2001-03-19 09:50:34+00:00,L7,275.30,280.86,477.00,208.16,218.98,209.54,234.26,309.17
2001-05-06 09:50:23+00:00,L7,275.30,326.69,217.68,198.11,197.58,190.87,222.11,319.23
2001-05-13 09:56:27+00:00,L7,269.14,302.82,476.47,213.09,221.85,211.98,233.64,308.35
2001-05-29 09:56:18+00:00,L7,277.87,288.34,469.32,209.20,222.19,206.52,228.65,309.80
2001-06-06 09:46:54+00:00,L5,182.00,176.67,203.59,187.61,170.67,160.09,158.94,197.71
2001-06-07 09:49:59+00:00,L7,275.16,302.95,461.29,206.30,213.57,203.65,222.66,312.94
2001-06-14 09:56:07+00:00,L7,279.23,322.56,464.99,206.36,212.35,200.71,220.93,313.10
2001-06-15 09:40:41+00:00,L5,274.01,296.70,474.18,215.87,223.41,216.10,233.29,301.74
2001-06-23 09:49:46+00:00,L7,271.09,302.26,218.43,208.31,208.97,196.52,219.67,309.44
2001-06-30 09:55:52+00:00,L7,281.86,320.18,220.41,202.87,209.85,206.90,217.16,318.85
2001-07-25 09:49:36+00:00,L7,268.57,318.15,218.96,202.47,208.03,198.20,216.51,309.24
2001-08-01 09:55:40+00:00,L7,275.42,340.64,220.08,201.41,202.21,192.49,200.58,312.23
2001-08-02 09:40:41+00:00,L5,280.78,300.62,221.64,,,,,
2001-08-09 09:46:50+00:00,L5,279.61,474.55,218.31,198.96,190.26,183.88,178.82,317.43
2001-08-10 09:49:18+00:00,L7,275.18,317.15,220.98,200.84,204.80,192.49,192.15,309.51
2001-08-17 09:55:21+00:00,L7,281.88,340.00,217.54,198.89,200.96,188.98,189.56,311.76
2001-08-18 09:40:39+00:00,L5,273.70,301.94,225.83,205.45,209.26,200.06,212.79,303.67
2001-08-25 09:46:46+00:00,L5,275.08,311.47,220.29,200.72,208.63,197.31,215.71,307.93
2001-08-26 09:49:07+00:00,L7,274.96,285.49,463.45,205.24,214.78,205.65,231.11,301.99
2001-09-02 09:55:11+00:00,L7,443.67,463.36,295.30,207.20,374.86,302.69,354.27,284.65
2001-09-03 09:40:31+00:00,L5,274.93,296.10,226.92,202.76,208.70,205.23,212.06,305.53
2001-09-11 09:48:55+00:00,L7,278.05,300.61,460.71,205.90,211.40,199.58,220.52,307.12
2001-09-18 09:54:59+00:00,L7,272.91,316.19,227.44,212.34,209.39,197.77,203.51,305.74
2001-09-27 09:48:46+00:00,L7,275.39,366.79,216.75,201.90,202.94,189.23,195.70,309.19
2001-10-04 09:54:47+00:00,L7,273.93,320.92,218.76,204.24,207.22,195.69,194.01,315.20
2001-10-13 09:48:31+00:00,L7,273.29,286.20,465.58,213.02,214.61,202.60,224.45,304.32
2001-10-20 09:54:50+00:00,L7,285.08,341.45,227.30,197.37,202.29,184.75,185.36,320.45
2001-10-29 09:48:38+00:00,L7,274.03,285.42,464.67,209.58,212.70,199.08,226.42,302.63
2001-11-05 09:54:55+00:00,L7,272.49,326.11,466.34,206.48,214.26,196.37,217.44,307.55
2001-11-14 09:48:50+00:00,L7,280.49,383.50,217.36,204.26,209.16,204.49,170.51,321.20
2001-12-07 09:55:05+00:00,L7,271.09,271.16,481.03,403.93,219.87,212.09,233.53,306.31
2001-12-16 09:49:01+00:00,L7,275.16,285.75,219.01,205.55,212.87,209.38,220.25,321.50
2001-12-23 09:55:13+00:00,L7,275.34,287.18,464.54,204.86,216.12,213.34,233.43,378.55
2002-01-08 09:55:16+00:00,L7,270.34,278.37,484.55,209.74,221.79,210.91,240.33,302.69
2002-01-17 09:49:08+00:00,L7,275.23,278.79,473.78,206.66,217.78,211.95,229.64,312.40
2002-01-25 09:39:18+00:00,L5,275.09,270.81,476.08,210.39,232.28,213.94,230.68,311.25
2002-02-02 09:49:11+00:00,L7,275.24,276.24,480.51,208.18,219.84,210.45,235.43,305.50
2002-02-10 09:39:00+00:00,L5,264.93,266.81,474.57,205.30,208.65,204.33,227.07,320.41
2002-02-17 09:44:59+00:00,L5,276.97,291.49,449.78,203.31,207.40,200.18,206.68,318.85
2002-02-25 09:55:28+00:00,L7,278.51,303.32,467.79,204.85,213.82,203.60,229.57,312.99
2002-03-14 09:38:26+00:00,L5,,,,,,,,
2002-03-21 09:44:35+00:00,L5,207.73,215.04,252.22,312.23,328.85,336.57,306.06,203.13
2002-03-22 09:49:08+00:00,L7,275.26,275.21,481.35,403.57,217.53,207.15,235.67,308.32
2002-04-07 09:49:09+00:00,L7,282.18,287.44,465.23,204.38,207.84,201.73,222.31,321.20
2002-04-30 09:55:22+00:00,L7,270.67,318.61,219.23,201.53,208.30,195.28,191.22,322.19
2002-05-09 09:49:10+00:00,L7,274.98,334.32,464.42,204.01,212.12,198.30,196.46,320.63
2002-05-17 09:37:13+00:00,L5,265.32,292.00,467.39,202.27,210.78,203.17,235.52,311.29
2002-05-25 09:49:00+00:00,L7,279.12,286.80,466.39,204.33,211.13,200.77,229.17,321.36
2002-06-18 09:36:28+00:00,L5,272.36,290.01,459.62,207.84,217.75,204.08,215.20,311.33
2002-06-25 09:42:31+00:00,L5,279.69,309.11,227.65,215.28,206.20,198.12,181.55,326.30
2002-06-26 09:48:46+00:00,L7,273.99,317.70,225.28,204.44,206.80,192.57,184.86,315.26
2002-07-03 09:54:58+00:00,L7,282.53,419.47,227.86,206.31,193.71,184.58,155.13,351.88
2002-07-19 09:54:50+00:00,L7,276.38,348.94,226.19,210.11,202.98,188.32,171.82,318.84
2002-07-28 09:48:36+00:00,L7,272.20,312.52,464.38,207.47,210.85,203.95,220.56,312.41
2002-08-04 09:54:43+00:00,L7,284.01,337.58,217.49,202.60,195.33,191.77,175.96,343.58
2002-08-13 09:48:31+00:00,L7,273.30,329.77,465.56,215.61,217.60,198.57,192.21,313.97
2002-08-20 09:54:40+00:00,L7,277.64,326.81,218.82,204.77,205.04,192.49,196.97,316.60
2002-09-05 09:54:31+00:00,L7,275.90,324.34,463.78,206.44,211.85,200.64,214.57,312.06
2002-09-30 09:48:05+00:00,L7,274.96,286.84,465.40,205.99,212.92,203.68,233.71,321.92
2002-10-07 09:54:14+00:00,L7,274.96,285.69,461.52,198.15,210.49,199.18,207.56,324.58
2002-10-16 09:48:04+00:00,L7,272.11,286.58,467.75,203.47,212.12,208.06,227.79,318.83
2002-10-23 09:54:19+00:00,L7,271.75,286.51,464.85,202.04,210.43,199.62,225.84,326.30
2003-01-27 09:55:01+00:00,L7,275.33,286.75,473.50,206.26,217.21,210.50,234.82,310.76
2003-02-05 09:48:58+00:00,L7,277.65,266.04,517.67,498.83,486.35,478.87,345.43,363.31
2003-02-12 09:55:12+00:00,L7,275.15,302.27,477.41,212.34,219.61,212.68,235.10,312.68
2003-02-21 09:49:01+00:00,L7,275.29,281.06,467.17,202.16,209.33,194.80,228.17,322.57
2003-03-09 09:49:05+00:00,L7,275.32,276.96,482.61,434.88,220.21,214.36,257.86,319.85
2003-03-16 09:55:15+00:00,L7,273.31,312.62,466.17,211.47,219.16,215.32,246.30,308.42
2003-03-25 09:48:59+00:00,L7,274.95,276.03,484.85,435.70,222.23,213.67,254.89,305.45
2003-04-26 09:49:06+00:00,L7,275.39,286.02,471.52,204.62,211.34,195.38,238.35,311.93
2003-05-12 09:49:05+00:00,L7,,,471.83,206.94,215.80,206.19,234.31,308.06
2003-05-19 09:55:12+00:00,L7,269.98,277.48,479.88,208.16,217.35,203.45,232.91,309.59
2003-06-28 09:42:38+00:00,L5,282.59,356.41,217.42,197.33,170.51,181.93,178.26,340.85
2003-07-07 09:36:38+00:00,L5,270.36,275.95,473.56,205.20,213.28,204.36,230.18,311.29
2003-07-14 09:42:55+00:00,L5,281.42,352.61,219.19,200.04,171.99,164.20,177.91,361.90
2003-07-30 09:43:13+00:00,L5,274.90,297.60,451.97,208.72,210.24,200.84,225.60,312.89
2003-08-24 09:37:29+00:00,L5,270.02,326.76,227.01,207.64,210.55,196.77,219.05,311.34
2003-08-31 09:43:47+00:00,L5,268.91,278.38,452.31,209.22,209.60,205.84,223.13,311.30
2003-09-01 09:48:41+00:00,L7,271.17,279.76,466.08,207.65,209.90,201.55,,64.46
2003-09-25 09:38:00+00:00,L5,270.00,267.98,470.94,213.45,214.96,201.26,227.18,311.28
2003-10-10 09:54:34+00:00,L7,275.03,314.65,218.71,201.37,204.84,196.58,225.77,315.90
2003-10-11 09:38:11+00:00,L5,271.65,277.98,462.19,203.07,211.56,201.15,217.03,326.34
2003-11-04 09:48:44+00:00,L7,-42.38,-40.51,468.33,70.66,67.21,57.74,3.63,322.41
2003-12-06 09:49:03+00:00,L7,272.84,275.89,468.11,-57.32,,,,325.82
2003-12-13 09:55:18+00:00,L7,278.02,286.88,458.89,198.50,205.96,195.16,217.02,76.11
2004-01-15 09:39:07+00:00,L5,275.34,259.24,476.78,207.00,214.25,207.33,243.39,311.31
2004-01-30 09:55:36+00:00,L7,271.22,276.45,480.50,207.91,221.00,212.34,242.72,219.17
2004-02-16 09:39:16+00:00,L5,274.11,290.39,469.12,208.45,219.99,208.22,230.71,311.32
2004-02-23 09:45:30+00:00,L5,272.86,290.53,221.78,203.38,212.40,204.58,222.06,330.23
2004-03-03 09:39:21+00:00,L5,273.39,295.29,475.51,212.74,219.37,202.75,232.08,304.18
2004-03-18 09:55:48+00:00,L7,273.67,286.54,225.47,212.12,220.28,214.12,234.25,309.79
2004-03-19 09:39:28+00:00,L5,266.44,291.67,475.63,209.71,221.02,207.96,233.60,314.54
2004-03-27 09:49:38+00:00,L7,203.48,204.99,227.34,215.76,219.60,211.50,237.52,308.67
2004-04-27 09:46:34+00:00,L5,279.71,296.80,474.78,216.42,220.89,206.18,229.76,311.29
2004-06-06 09:55:37+00:00,L7,269.23,315.04,,,,,,
2004-06-07 09:41:34+00:00,L5,275.33,298.25,222.77,209.29,211.04,203.27,221.84,311.26
2004-06-23 09:42:01+00:00,L5,277.49,297.20,223.77,208.41,215.25,201.95,218.93,307.30
2004-06-30 09:48:25+00:00,L5,279.20,309.94,221.64,206.84,212.14,204.43,226.21,311.25
2004-07-16 09:48:52+00:00,L5,286.08,344.53,218.43,198.13,190.72,192.15,194.83,313.87
2004-07-17 09:49:19+00:00,L7,275.22,323.49,219.23,197.26,205.56,201.19,212.33,216.89
2004-07-24 09:55:26+00:00,L7,,,,-68.43,-8.26,-26.66,,304.27
2004-08-01 09:49:13+00:00,L5,271.19,292.11,227.90,207.78,211.31,206.26,221.99,301.11
2004-08-02 09:49:10+00:00,L7,269.87,281.97,459.30,204.53,,,,
2004-08-09 09:55:20+00:00,L7,277.76,334.55,218.01,205.02,203.08,189.51,188.70,210.70
2004-08-10 09:43:13+00:00,L5,277.25,309.82,219.22,199.97,205.39,192.06,210.39,307.12
2004-08-17 09:49:36+00:00,L5,451.07,309.91,217.89,190.00,188.59,187.45,186.25,313.10
2004-08-26 09:43:40+00:00,L5,278.31,292.03,461.61,209.38,221.47,208.25,229.25,311.30
2004-09-02 09:50:02+00:00,L5,278.80,337.43,221.65,202.71,202.41,197.27,192.36,313.78
2004-09-11 09:44:05+00:00,L5,276.18,309.08,222.79,206.94,214.01,201.83,225.93,307.94
2004-09-27 09:44:27+00:00,L5,282.79,433.49,221.19,198.83,207.48,207.61,221.94,311.35
2004-10-05 09:48:54+00:00,L7,272.66,274.05,,,,,,
2004-10-20 09:51:08+00:00,L5,274.59,295.39,223.63,209.64,217.39,200.12,225.29,303.80
2004-10-21 09:49:04+00:00,L7,275.30,285.98,225.56,213.43,215.88,204.96,232.93,303.84
2004-11-06 09:49:16+00:00,L7,277.17,312.98,218.44,199.92,216.10,200.70,234.28,305.75
2004-11-21 09:51:42+00:00,L5,274.53,295.15,480.73,208.16,218.80,209.30,232.41,303.39
2004-11-22 09:49:22+00:00,L7,268.31,277.81,480.66,212.11,217.56,207.71,236.62,221.43
2004-11-29 09:55:38+00:00,L7,290.03,285.79,218.25,199.86,212.36,199.44,213.44,65.93
2004-12-23 09:52:22+00:00,L5,265.92,276.63,474.49,196.23,179.76,192.73,213.20,213.97
2005-01-08 09:52:33+00:00,L5,280.18,278.86,479.08,207.32,218.95,207.12,239.77,306.94
2005-01-16 09:55:56+00:00,L7,275.30,279.45,480.46,401.70,219.19,211.34,236.04,60.03
2005-01-17 09:46:29+00:00,L5,285.48,270.47,478.06,208.16,219.08,210.10,237.62,311.79
2005-02-18 09:46:58+00:00,L5,279.90,276.25,472.40,209.65,213.74,204.03,232.99,303.48
2005-03-14 09:50:03+00:00,L7,272.51,273.91,468.03,,,,,
2005-03-21 09:56:13+00:00,L7,-44.35,-37.84,-25.94,-63.82,80.43,63.76,33.75,307.43
2005-03-22 09:47:23+00:00,L5,282.47,310.15,453.53,200.34,210.14,200.99,225.23,307.72
2005-03-30 09:50:01+00:00,L7,268.76,286.37,465.29,201.88,212.93,200.54,,70.32
2005-04-06 09:56:09+00:00,L7,132.67,193.17,216.87,204.32,216.99,204.39,231.60,312.35
2005-04-15 09:49:55+00:00,L7,278.00,313.31,460.54,201.63,210.52,197.84,218.01,92.88
2005-04-22 09:56:04+00:00,L7,278.88,314.56,463.37,201.12,210.03,201.03,218.20,71.47
2005-05-01 09:49:56+00:00,L7,-46.82,-38.38,471.35,-59.67,-11.29,-29.26,,303.58
2005-06-10 09:47:52+00:00,L5,277.92,309.99,222.18,206.93,209.51,199.07,218.89,306.30
2005-06-26 09:47:57+00:00,L5,278.38,292.86,224.66,206.11,213.82,205.19,215.40,307.24
2005-07-12 09:48:04+00:00,L5,277.06,290.20,468.74,205.34,217.47,204.97,223.71,311.35
2005-07-19 09:54:20+00:00,L5,284.72,293.14,450.44,203.64,212.83,201.03,211.56,312.99
2005-08-13 09:48:23+00:00,L5,274.49,277.80,468.52,215.45,221.66,210.60,228.97,302.11
2005-09-05 09:54:39+00:00,L5,278.45,276.33,229.38,211.53,211.53,203.95,213.01,304.36
2005-10-08 09:49:22+00:00,L7,275.00,303.08,215.96,209.33,215.20,170.50,,93.36
2005-10-31 09:55:52+00:00,L7,275.25,316.12,216.58,207.82,208.19,199.33,,65.18
2005-11-09 09:49:47+00:00,L7,285.44,300.51,225.88,207.47,217.60,205.08,230.33,304.54
2005-11-16 09:56:02+00:00,L7,-46.88,-42.53,71.55,62.09,68.72,56.77,3.97,312.27
2005-11-24 09:55:10+00:00,L5,275.92,298.74,472.33,205.36,212.43,202.94,228.53,301.66
2006-01-12 09:50:12+00:00,L7,139.70,200.91,231.58,207.37,215.90,205.86,233.78,309.69
2006-01-19 09:56:27+00:00,L7,275.08,287.51,469.87,205.05,214.47,205.10,,62.64
2006-02-05 09:50:39+00:00,L5,279.37,295.32,454.07,201.53,216.45,196.85,223.64,319.87
2006-02-20 09:56:36+00:00,L7,279.59,325.57,219.88,205.41,212.14,202.04,223.98,312.60
2006-03-09 09:51:22+00:00,L5,276.30,295.08,474.69,204.54,218.10,206.11,232.79,311.29
2006-03-24 09:56:37+00:00,L7,,317.12,,-66.35,-80.97,,,297.51
2006-05-11 09:56:36+00:00,L7,,,442.58,-68.10,-1.53,-19.21,,301.51
2006-05-12 09:52:25+00:00,L5,286.71,310.14,218.79,200.69,209.61,202.75,217.45,317.58
2006-05-28 09:52:37+00:00,L5,279.45,276.81,472.64,205.66,219.87,205.67,232.51,305.25
2006-06-12 09:56:32+00:00,L7,290.05,366.38,209.08,188.64,198.64,185.27,207.30,322.76
2006-06-13 09:52:54+00:00,L5,269.85,294.96,456.74,203.70,211.82,200.90,228.90,311.32
2006-07-07 09:50:12+00:00,L7,279.20,301.34,465.95,,,,,
2006-07-14 09:56:20+00:00,L7,282.67,333.64,219.41,199.40,209.59,198.01,217.60,210.18
2006-07-23 09:50:04+00:00,L7,272.98,274.96,465.20,,,,,
2006-07-31 09:53:36+00:00,L5,272.13,268.16,459.94,205.15,216.90,203.27,227.12,305.96
2006-08-08 09:50:02+00:00,L7,79.59,121.84,206.62,201.55,,,-82.66,
2006-08-23 10:00:03+00:00,L5,278.60,310.85,219.88,202.69,210.89,199.26,222.20,302.95
2006-09-01 09:53:58+00:00,L5,274.76,295.30,457.03,209.63,219.56,207.46,226.58,301.44
2006-09-08 10:00:14+00:00,L5,284.30,335.54,221.82,201.81,207.42,201.00,210.23,304.15
2006-09-17 09:54:10+00:00,L5,276.64,295.27,461.14,208.79,217.72,206.27,228.26,311.26
2006-10-03 09:54:21+00:00,L5,285.96,300.15,454.94,202.98,212.92,201.04,217.68,311.27
2006-10-10 10:00:37+00:00,L5,282.61,297.65,453.36,207.01,210.24,200.16,222.94,305.10
2006-10-19 09:54:32+00:00,L5,-21.10,119.72,472.91,410.39,140.31,,,
2006-10-26 10:00:48+00:00,L5,283.65,311.08,223.87,204.03,209.54,203.73,212.98,311.31
2006-10-27 09:50:02+00:00,L7,281.60,300.85,225.82,205.57,214.83,204.57,229.55,306.33
2006-11-03 09:56:19+00:00,L7,275.52,302.36,464.56,203.90,210.25,201.96,,70.97
2006-11-04 09:54:42+00:00,L5,278.68,278.54,457.64,207.66,214.37,205.14,220.21,305.86
2006-11-19 09:56:30+00:00,L7,273.82,316.17,462.57,,,,,
2006-11-27 10:01:04+00:00,L5,283.89,290.64,456.38,202.46,210.54,199.49,218.25,313.31
2006-12-05 09:56:39+00:00,L7,279.11,326.95,463.54,202.95,212.01,202.27,220.69,88.28
2006-12-29 10:01:17+00:00,L5,284.28,289.84,472.80,206.84,217.38,206.35,240.28,316.00
2006-12-30 09:50:34+00:00,L7,289.99,282.43,478.03,202.56,220.64,205.37,247.88,310.36
2007-01-15 09:50:34+00:00,L7,154.77,80.13,69.37,214.51,222.56,199.08,227.22,313.68
2007-02-08 09:55:20+00:00,L5,279.15,309.93,222.31,206.54,214.51,204.08,220.19,317.33
2007-02-24 09:55:21+00:00,L5,280.99,291.11,459.57,203.59,218.12,203.21,225.62,312.74
2007-03-04 09:50:51+00:00,L7,274.43,316.12,,-59.12,,,,303.53
2007-03-27 09:57:04+00:00,L7,,,464.47,-56.40,,,,294.02
2007-04-28 09:57:00+00:00,L7,,,212.71,195.53,205.10,186.07,212.59,198.74
2007-05-15 09:54:52+00:00,L5,283.88,295.19,467.39,205.21,213.52,201.58,228.99,316.02
2007-05-30 09:56:47+00:00,L7,279.24,323.64,,,,,,
2007-05-31 09:54:39+00:00,L5,277.41,298.84,220.22,203.15,210.07,202.65,218.00,314.08
2007-07-18 09:54:00+00:00,L5,278.28,309.58,220.66,207.31,211.83,202.50,219.24,303.23
2007-07-25 10:00:07+00:00,L5,282.55,311.12,220.34,205.36,211.52,198.85,212.57,312.30
2007-08-02 09:56:39+00:00,L7,282.54,334.52,213.70,197.21,195.34,196.83,204.90,318.83
2007-08-19 09:53:40+00:00,L5,270.44,296.62,451.05,207.73,214.97,203.86,220.12,297.94
2007-08-26 09:59:46+00:00,L5,286.78,326.81,219.05,203.12,210.55,199.79,206.49,311.34
2007-09-11 09:59:39+00:00,L5,272.96,299.25,222.04,207.91,210.94,205.99,214.39,212.05
2007-09-12 09:50:10+00:00,L7,-42.08,-39.19,-31.30,-61.82,70.46,65.85,3.85,305.43
2007-09-20 09:53:24+00:00,L5,272.27,310.21,467.77,210.16,219.82,208.73,232.98,298.57
2007-10-14 09:50:07+00:00,L7,276.01,320.82,213.36,205.96,,,,
2007-12-24 09:56:52+00:00,L7,273.01,317.30,,-63.31,,,,303.56
2008-01-25 09:56:52+00:00,L7,272.65,315.66,463.59,,,,,
2008-02-10 09:56:50+00:00,L7,275.03,316.58,464.37,,,,,
2008-02-26 09:56:45+00:00,L7,-40.57,-40.11,463.88,-64.16,-9.25,-33.80,,303.08
2008-03-13 09:56:40+00:00,L7,277.30,278.19,461.03,204.29,215.18,200.55,234.91,318.84
2008-03-14 09:50:24+00:00,L5,277.91,310.45,462.35,203.86,213.13,198.76,223.70,302.57
2008-04-06 09:56:03+00:00,L5,280.85,335.91,221.63,205.08,207.33,201.70,207.53,311.35
2008-04-07 09:50:29+00:00,L7,-43.36,-36.86,57.42,47.06,78.05,63.50,19.31,318.85
2008-04-15 09:49:39+00:00,L5,283.47,310.82,212.81,202.17,211.63,202.52,222.63,311.30
2008-06-09 09:54:23+00:00,L5,297.49,362.93,209.33,195.98,195.56,194.81,200.86,317.01
2008-07-04 09:47:30+00:00,L5,288.74,342.84,217.59,199.10,202.63,197.54,201.94,311.30
2008-07-19 09:55:52+00:00,L7,270.55,322.56,461.21,202.94,207.68,198.17,212.32,308.02
2008-08-04 09:55:45+00:00,L7,281.19,333.14,213.41,199.77,194.59,198.20,198.71,318.84
2008-08-12 09:52:31+00:00,L5,289.19,342.83,211.51,194.48,187.09,190.55,193.46,312.22
2008-08-13 09:49:31+00:00,L7,206.98,194.61,217.12,200.79,202.29,199.37,211.23,309.16
2008-08-29 09:49:24+00:00,L7,272.61,316.99,219.00,204.80,209.92,203.76,219.73,307.69
2008-09-29 09:51:10+00:00,L5,277.68,336.42,214.98,195.90,194.96,188.17,198.47,311.26
2008-11-01 09:49:18+00:00,L7,-43.42,-36.77,-30.80,-59.03,-8.69,-34.26,,306.43
2008-11-08 09:55:35+00:00,L7,286.99,333.67,469.55,208.03,217.19,205.17,,63.59
2008-12-03 09:49:43+00:00,L7,277.34,312.81,466.09,196.96,210.83,200.02,227.85,216.93
2008-12-19 09:49:53+00:00,L7,-43.42,-34.91,465.94,-56.12,-4.24,-19.54,,302.21
2009-02-12 09:56:24+00:00,L7,-51.23,-45.39,455.51,59.77,72.59,66.90,18.71,333.98
2009-02-28 09:56:34+00:00,L7,193.96,191.01,220.11,201.98,219.32,201.44,235.73,310.13
2009-03-08 09:52:55+00:00,L5,275.29,278.49,472.42,198.02,210.03,197.06,220.87,314.81
2009-04-10 09:50:40+00:00,L7,277.83,285.90,206.93,198.55,199.89,196.05,225.06,321.10
2009-05-03 09:56:56+00:00,L7,274.97,286.74,469.39,201.42,215.39,199.05,216.56,206.99
2009-05-04 09:47:54+00:00,L5,273.94,271.85,477.91,205.75,220.37,203.85,237.95,311.25
2009-05-11 09:54:13+00:00,L5,285.16,312.08,200.83,191.67,191.87,185.81,200.23,321.22
2009-05-12 09:50:47+00:00,L7,277.38,320.22,207.48,196.63,199.03,196.07,213.73,319.20
2009-05-19 09:56:58+00:00,L7,280.42,317.02,203.44,190.86,200.75,185.61,212.19,206.53
2009-05-27 09:54:31+00:00,L5,284.21,310.75,205.69,195.01,205.67,190.88,212.99,319.67
2009-05-28 09:50:48+00:00,L7,275.02,315.02,213.20,201.44,212.85,196.24,227.59,319.32
2009-06-04 09:56:58+00:00,L7,275.69,314.79,220.07,203.03,214.92,203.79,219.82,318.86
2009-06-12 09:54:48+00:00,L5,283.91,309.22,212.91,197.23,206.41,192.96,215.88,314.31
2009-06-13 09:50:47+00:00,L7,275.55,315.59,464.49,199.70,203.94,194.69,216.51,76.72
2009-06-28 09:55:05+00:00,L5,280.48,314.12,211.50,194.29,205.41,188.71,207.53,312.49
2009-07-07 09:49:04+00:00,L5,275.54,300.34,219.84,201.15,205.68,199.19,216.53,303.41
2009-07-14 09:55:22+00:00,L5,285.96,300.89,213.01,194.43,196.39,191.54,203.25,315.43
2009-07-30 09:55:36+00:00,L5,277.61,309.11,220.27,202.60,209.64,200.99,223.10,311.30
2009-08-15 09:55:51+00:00,L5,282.65,311.83,216.95,199.44,206.85,194.31,209.08,306.83
2009-09-16 09:56:19+00:00,L5,282.55,310.09,220.83,201.29,208.79,199.77,213.12,306.62
2009-09-25 09:50:14+00:00,L5,286.52,313.53,220.55,206.14,208.89,199.58,215.26,300.22
2009-10-03 09:50:28+00:00,L7,201.97,199.34,220.87,202.34,210.10,198.57,222.09,314.20
2009-10-18 09:56:40+00:00,L5,284.44,309.74,219.05,201.13,203.50,195.46,208.71,312.98
2009-10-19 09:50:33+00:00,L7,274.96,313.08,444.87,206.78,209.66,201.68,226.60,216.42
2009-10-26 09:56:51+00:00,L7,275.59,285.35,221.68,199.90,209.46,200.08,219.60,312.28
2009-11-04 09:50:49+00:00,L7,139.71,195.60,218.24,197.64,205.53,196.28,219.23,312.87
2009-11-11 09:57:05+00:00,L7,188.05,192.53,218.05,204.59,216.35,205.88,226.40,315.65
2009-11-12 09:50:41+00:00,L5,276.25,295.18,462.63,203.44,211.10,202.50,225.45,311.87
2009-11-19 09:56:54+00:00,L5,275.68,309.90,446.79,199.71,209.40,196.61,206.84,311.28
2009-11-28 09:50:48+00:00,L5,272.85,278.67,454.06,199.83,210.62,195.96,213.75,317.79
2010-01-22 09:57:22+00:00,L5,283.78,310.51,217.96,195.42,209.52,194.90,211.94,311.25
2010-02-23 09:57:28+00:00,L5,278.98,310.93,219.74,197.80,206.80,195.31,215.44,314.67
2010-03-11 09:57:29+00:00,L5,280.03,335.49,197.98,179.42,201.28,170.93,155.29,369.80
2010-03-28 09:52:32+00:00,L7,278.16,302.06,467.68,200.75,215.58,198.06,234.54,313.89
2010-04-12 09:57:26+00:00,L5,279.39,310.59,215.71,201.84,207.01,195.31,214.29,314.87
2010-04-20 09:58:44+00:00,L7,,329.39,,-40.23,-5.82,-32.32,,309.09
2010-04-28 09:57:21+00:00,L5,280.84,313.98,213.26,192.51,204.27,187.96,206.64,320.87
2010-04-29 09:52:32+00:00,L7,275.00,315.71,461.92,197.17,209.94,195.20,223.33,320.28
2010-05-22 09:58:38+00:00,L7,277.65,315.24,466.52,,-88.90,,,
2010-05-23 09:51:06+00:00,L5,282.50,300.15,450.53,202.12,214.20,201.53,220.51,312.55
2010-06-16 09:52:29+00:00,L7,275.48,286.71,463.76,203.00,208.45,198.76,222.55,73.00
2010-06-24 09:50:56+00:00,L5,281.00,310.42,219.38,200.13,209.84,197.63,218.92,311.30
2010-07-17 09:57:02+00:00,L5,284.75,311.23,217.27,198.44,208.72,192.54,208.63,315.17
2010-07-26 09:50:48+00:00,L5,278.43,301.05,462.45,203.84,210.50,202.14,220.61,311.27
2010-08-11 09:50:41+00:00,L5,278.95,309.94,219.13,202.32,205.96,194.64,208.99,311.26
2010-08-27 09:50:38+00:00,L5,275.41,299.60,226.21,209.20,211.17,204.38,219.14,296.27
2010-09-19 09:56:42+00:00,L5,283.91,303.66,453.64,205.06,216.96,206.08,221.51,311.34
2010-10-06 09:52:38+00:00,L7,273.74,280.49,440.66,207.76,214.26,208.39,222.45,63.63
2010-10-14 09:50:19+00:00,L5,286.82,309.99,220.07,201.73,207.97,199.46,220.86,311.28
2010-10-21 09:56:25+00:00,L5,289.30,297.96,451.47,199.61,209.88,206.43,219.87,311.36
2010-10-22 09:52:48+00:00,L7,-44.33,-37.93,466.40,-59.32,-4.84,-30.73,,303.62
2010-11-06 09:56:20+00:00,L5,275.77,295.45,222.14,205.91,211.57,203.53,223.43,311.31
2010-11-14 09:59:15+00:00,L7,-42.61,-41.40,-37.04,-60.49,72.44,63.91,,314.96
2010-11-15 09:50:08+00:00,L5,278.58,302.11,454.32,202.93,212.72,206.66,222.10,311.26
2011-01-18 09:50:17+00:00,L5,273.01,294.98,211.19,195.41,209.15,192.82,217.17,317.70
2011-02-10 09:56:30+00:00,L5,276.22,295.02,469.42,207.69,221.93,202.99,231.45,311.31
2011-02-19 09:50:19+00:00,L5,282.59,292.60,457.11,200.59,212.13,201.87,225.78,319.01
2011-02-26 09:56:29+00:00,L5,276.08,309.29,452.89,204.13,217.61,206.14,232.28,214.43
2011-03-07 09:50:17+00:00,L5,279.13,290.75,455.62,201.05,216.52,203.18,222.80,311.33
2011-03-22 10:00:05+00:00,L7,112.08,83.56,68.45,57.75,74.10,63.70,230.03,315.30
2011-04-07 10:00:09+00:00,L7,-49.88,-49.46,463.75,72.82,78.58,65.79,34.14,317.08
2011-04-08 09:50:09+00:00,L5,275.44,295.72,474.60,202.07,216.65,201.71,222.82,305.61
2011-05-01 09:56:10+00:00,L5,281.74,310.21,218.22,198.09,211.11,196.63,213.96,321.86
2011-05-10 09:49:56+00:00,L5,282.50,295.56,469.48,200.94,216.86,200.62,224.50,311.27
2011-05-17 09:56:06+00:00,L5,288.18,325.45,214.00,195.59,210.92,197.11,211.15,326.32
2011-05-18 09:53:54+00:00,L7,281.10,321.64,215.33,199.59,210.78,200.05,215.30,328.50
2011-05-26 09:49:52+00:00,L5,284.94,311.12,459.67,206.57,223.78,205.77,223.37,311.31
2011-07-13 09:49:30+00:00,L5,279.35,309.62,223.38,203.26,212.86,202.44,218.53,316.30
2011-07-29 09:49:21+00:00,L5,279.91,311.28,469.42,201.66,217.12,201.63,220.72,312.86
2011-08-05 09:55:28+00:00,L5,280.35,311.02,452.33,207.69,216.78,202.70,215.54,311.26
2011-08-13 09:59:56+00:00,L7,277.01,313.47,220.52,203.18,213.76,201.95,222.99,323.81
2011-08-29 09:59:54+00:00,L7,-49.96,-43.04,-34.92,-65.94,-13.90,-38.31,,308.01
2011-09-06 09:55:09+00:00,L5,282.62,295.39,458.69,206.70,218.04,200.87,222.20,311.33
2011-09-14 09:59:48+00:00,L7,149.78,82.68,66.63,61.30,68.38,225.45,223.42,319.14
2011-09-15 09:48:51+00:00,L5,276.96,296.57,223.32,205.68,211.83,202.26,218.43,311.27
2011-09-22 09:54:55+00:00,L5,280.79,298.01,451.25,205.58,217.83,205.81,221.38,303.90
2011-09-23 09:53:36+00:00,L7,275.25,303.11,464.99,204.43,,,,
2011-09-30 09:59:47+00:00,L7,278.76,316.82,459.28,204.21,211.03,204.23,219.34,323.22
2011-11-09 09:54:10+00:00,L5,283.58,310.99,217.67,200.71,211.46,197.23,218.20,315.19
2011-11-10 09:53:52+00:00,L7,-49.14,-44.10,463.68,61.22,72.87,62.58,4.42,325.25
2011-11-26 09:54:03+00:00,L7,275.06,319.44,,,,,,307.27
2011-12-03 10:00:16+00:00,L7,279.82,317.11,463.70,201.03,210.15,198.07,216.80,73.76
2012-01-13 09:54:23+00:00,L7,134.26,87.23,67.35,60.98,214.58,200.66,231.66,320.85
2012-02-14 09:54:29+00:00,L7,279.48,316.33,467.03,201.77,213.94,197.10,228.70,314.40
2012-02-21 10:00:40+00:00,L7,279.62,317.28,462.99,204.69,209.58,202.03,,64.31
2012-03-17 09:54:28+00:00,L7,282.45,301.44,465.45,203.75,214.89,201.63,228.14,313.46
2012-04-09 10:00:35+00:00,L7,282.30,319.55,219.67,201.43,212.07,,,
2012-04-18 09:54:26+00:00,L7,279.60,287.74,463.91,202.95,215.75,,,
2012-04-25 10:00:50+00:00,L7,192.32,190.34,213.63,200.58,212.50,199.06,228.79,328.18
2012-05-04 09:54:53+00:00,L7,279.39,314.13,464.47,205.38,220.51,207.51,232.09,214.04
2012-05-11 10:01:12+00:00,L7,285.28,323.07,209.98,195.01,209.28,195.78,220.83,332.08
2012-08-15 10:01:40+00:00,L7,141.42,82.29,69.63,62.75,78.24,212.56,209.09,325.56
2012-08-24 09:55:34+00:00,L7,280.32,323.18,215.44,199.78,209.43,198.50,213.91,318.65
2012-09-09 09:55:45+00:00,L7,273.82,303.36,217.82,204.67,215.69,204.07,233.32,312.87
2012-09-16 10:01:58+00:00,L7,277.85,301.80,221.02,200.99,214.00,203.69,215.17,318.77
2012-10-02 10:02:09+00:00,L7,111.14,82.08,67.05,61.27,73.18,55.86,215.07,322.62
2012-12-14 09:56:25+00:00,L7,-47.70,-37.83,66.63,55.25,72.41,55.24,212.30,322.56
2012-12-30 09:56:31+00:00,L7,276.56,301.90,215.21,195.17,214.28,193.80,218.62,324.32
2013-01-06 10:02:42+00:00,L7,275.29,285.64,463.09,,,,,
2013-01-31 09:56:34+00:00,L7,277.09,318.68,463.55,200.57,213.53,200.96,227.82,315.04
2013-02-16 09:56:33+00:00,L7,-45.89,-40.05,461.76,63.18,74.24,63.58,18.71,320.08
2013-03-11 10:02:40+00:00,L7,288.44,335.11,217.64,188.43,225.20,197.04,208.62,312.67
2013-04-12 10:02:33+00:00,L7,281.05,314.21,463.01,199.65,210.33,200.50,223.21,335.23
2013-04-20 10:08:19+00:00,L8,290.14,285.78,468.94,200.15,214.16,197.97,233.78,322.21
2013-05-06 10:08:21+00:00,L8,290.35,323.04,465.53,200.59,210.40,197.91,224.16,319.27
2013-05-07 09:56:14+00:00,L7,111.20,87.64,69.21,62.89,196.50,192.57,216.30,320.13
2013-06-16 10:02:19+00:00,L8,281.40,319.02,221.74,204.20,212.73,202.50,220.61,319.04
2013-06-24 09:55:57+00:00,L7,280.66,301.92,208.70,,,,,
2013-07-02 10:02:19+00:00,L8,278.43,319.09,220.53,202.18,211.38,201.30,217.11,316.22
2013-07-09 10:08:31+00:00,L8,290.22,317.14,220.65,203.63,210.93,202.27,218.59,324.82
2013-07-25 10:08:30+00:00,L8,290.13,337.11,218.15,200.10,205.85,199.70,213.92,321.78
2013-07-26 09:55:39+00:00,L7,276.45,320.37,212.88,,,,,
2013-08-02 10:01:47+00:00,L7,290.23,322.49,,,,,,
2013-08-03 10:02:21+00:00,L8,275.55,317.34,464.20,205.43,212.87,204.64,220.77,312.17
2013-08-10 10:08:32+00:00,L8,280.40,320.48,220.41,202.89,210.31,200.59,217.82,325.07
2013-08-11 09:55:34+00:00,L7,-43.90,-36.29,462.26,-61.41,-6.70,-31.48,,307.91
2013-08-18 10:01:51+00:00,L7,139.95,85.06,70.51,190.89,203.87,198.33,213.67,318.84
2013-08-19 10:02:22+00:00,L8,275.34,301.21,225.81,207.14,212.48,204.81,224.00,315.95
2013-08-26 10:08:35+00:00,L8,280.20,316.93,220.23,205.79,210.16,201.92,218.79,321.83
2013-09-03 10:02:02+00:00,L7,275.57,315.34,220.50,206.53,213.21,206.41,225.35,314.10
2013-09-11 10:08:32+00:00,L8,281.59,316.59,220.19,209.16,216.55,209.10,226.92,313.44
2013-09-27 10:08:24+00:00,L8,275.00,312.59,461.65,207.66,214.03,206.84,225.18,309.14
2013-10-06 10:02:14+00:00,L8,275.35,319.11,219.50,206.77,212.53,205.86,224.05,318.84
2013-10-13 10:08:24+00:00,L8,276.67,333.00,225.15,206.65,219.10,217.60,221.61,294.72
2013-10-22 10:02:09+00:00,L8,276.32,318.43,220.00,202.24,213.23,202.69,221.51,322.10
2013-10-29 10:08:15+00:00,L8,276.16,312.35,220.34,206.02,214.70,204.99,223.03,312.19
2013-11-06 10:02:40+00:00,L7,-49.27,-44.35,-37.85,64.94,74.28,62.65,18.71,314.05
2013-11-14 10:08:14+00:00,L8,277.19,315.51,217.87,202.92,216.08,202.77,223.33,318.84
2013-11-30 10:08:09+00:00,L8,278.98,312.31,464.82,203.38,215.12,202.18,227.55,314.89
2013-12-16 10:08:03+00:00,L8,275.64,302.20,464.46,204.74,217.26,203.10,227.97,310.40
2013-12-17 09:56:40+00:00,L7,-51.35,-41.87,67.66,57.01,68.45,55.80,231.17,321.04
2013-12-24 10:02:55+00:00,L7,-51.43,-47.59,450.03,54.39,68.17,52.66,3.85,319.50
2014-01-01 10:07:55+00:00,L8,275.54,314.77,462.69,199.67,214.06,200.29,225.37,325.49
2014-01-18 09:56:59+00:00,L7,275.37,301.89,444.40,199.70,206.79,200.52,219.60,72.57
2014-01-25 10:03:18+00:00,L7,112.70,97.23,69.95,59.34,77.57,58.01,216.39,326.39
2014-01-26 10:01:28+00:00,L8,290.00,321.26,460.60,197.88,213.87,197.76,224.00,323.31
2014-02-27 10:01:02+00:00,L8,290.62,316.89,476.78,345.96,317.85,284.54,242.98,25.73
2014-03-06 10:07:06+00:00,L8,290.13,318.70,213.11,199.57,211.89,197.97,225.35,323.02
2014-03-07 09:57:09+00:00,L7,143.76,81.13,67.25,203.79,214.90,200.19,223.91,318.86
2014-03-15 10:00:51+00:00,L8,283.43,318.99,466.11,200.22,213.36,199.01,225.07,318.86
2014-03-30 10:03:30+00:00,L7,200.91,191.36,217.97,198.77,202.68,196.20,220.77,330.80
2014-04-07 10:06:40+00:00,L8,290.08,317.36,464.24,200.69,216.83,199.58,225.32,316.00
2014-04-16 10:00:17+00:00,L8,275.48,302.95,466.45,198.77,214.17,201.19,225.59,318.83
2014-04-23 10:06:24+00:00,L8,290.14,327.09,213.62,195.65,211.19,195.98,221.98,326.19
2014-04-24 09:57:32+00:00,L7,275.40,316.35,468.02,204.89,217.11,202.30,233.00,215.51
2014-05-09 10:06:08+00:00,L8,283.69,317.50,464.30,207.88,214.44,198.79,225.18,323.45
2014-05-17 10:03:52+00:00,L7,-56.76,-53.46,-36.52,-73.01,-22.50,-40.74,,323.42
2014-06-03 09:59:59+00:00,L8,279.95,316.90,441.30,203.16,214.81,198.82,225.12,322.64
2014-06-11 09:57:45+00:00,L7,-51.03,84.50,66.09,60.90,71.86,57.47,228.67,322.65
2014-06-26 10:06:14+00:00,L8,291.09,333.34,216.35,198.06,211.69,199.32,219.17,325.39
2014-06-27 09:57:49+00:00,L7,275.49,312.70,458.67,203.28,213.22,200.56,,71.93
2014-07-05 10:00:10+00:00,L8,275.31,302.18,463.77,206.31,219.27,206.08,227.49,314.69
2014-07-12 10:06:23+00:00,L8,291.97,328.55,217.49,197.70,209.93,195.91,214.53,327.72
2014-07-28 10:06:27+00:00,L8,290.12,322.46,217.98,200.97,211.26,199.31,215.74,324.51
2014-07-29 09:57:58+00:00,L7,-46.08,-43.11,-36.93,-61.74,-9.29,-35.34,,311.71
2014-08-06 10:00:22+00:00,L8,275.44,301.05,463.66,205.90,216.93,205.75,231.09,313.28
2014-08-13 10:06:35+00:00,L8,283.59,329.02,219.89,200.91,208.89,199.77,220.81,325.20
2014-08-14 09:58:00+00:00,L7,-51.43,86.30,69.12,56.64,76.92,63.87,226.44,315.84
2014-08-21 10:04:10+00:00,L7,275.37,313.94,226.01,206.74,217.45,205.37,229.28,216.37
2014-08-22 10:00:26+00:00,L8,275.04,313.71,462.34,206.69,217.15,205.97,225.15,311.13
2014-08-29 10:06:36+00:00,L8,275.49,330.21,225.79,207.19,212.37,204.47,225.07,315.43
2014-09-06 10:04:11+00:00,L7,280.00,328.40,211.81,202.45,207.71,201.02,,71.75
2014-09-07 10:00:29+00:00,L8,275.23,320.97,437.13,207.21,214.71,205.10,225.51,318.84
2014-09-14 10:06:40+00:00,L8,275.80,320.28,462.91,207.56,216.62,206.50,227.27,313.39
2014-09-15 09:58:01+00:00,L7,140.62,77.90,56.85,58.94,224.22,208.11,229.76,322.40
2014-09-23 10:00:26+00:00,L8,276.65,316.50,459.16,205.87,213.08,205.22,223.30,313.22
2014-10-01 09:58:13+00:00,L7,280.53,312.33,220.45,203.73,213.61,202.69,222.37,314.34
2014-10-17 09:58:21+00:00,L7,273.65,277.40,443.45,,,,,
2014-10-24 10:04:37+00:00,L7,-47.38,-38.04,-26.67,51.64,66.86,63.53,3.67,322.74
2014-10-25 10:00:34+00:00,L8,276.14,320.10,219.38,202.08,210.20,201.16,222.94,319.15
2014-11-01 10:06:43+00:00,L8,276.91,318.12,464.47,206.13,215.24,204.65,227.41,310.75
2014-11-02 09:58:32+00:00,L7,274.34,314.76,463.95,-58.86,-2.31,-27.19,,303.63
2014-11-18 09:58:35+00:00,L7,275.54,346.25,464.92,,,,,
2014-11-26 10:00:32+00:00,L8,275.30,318.62,217.34,200.49,206.27,200.48,220.54,321.82
2014-12-03 10:06:43+00:00,L8,290.51,333.34,209.45,193.33,203.31,192.57,217.88,329.40
2014-12-04 09:58:44+00:00,L7,291.74,331.11,213.13,213.91,208.92,210.85,219.73,326.55
2014-12-11 10:04:57+00:00,L7,186.67,189.55,213.91,196.30,205.95,199.86,214.24,330.69
2014-12-19 10:06:39+00:00,L8,290.48,323.46,214.48,198.06,213.48,200.03,224.32,322.67
2014-12-20 09:58:53+00:00,L7,276.35,319.33,466.86,201.99,215.50,201.93,227.71,323.41
2015-01-05 09:58:54+00:00,L7,-53.99,97.00,64.61,56.63,73.35,62.98,230.55,321.20
2015-01-12 10:05:06+00:00,L7,284.25,312.87,462.75,199.59,209.10,195.17,,68.94
2015-01-13 10:00:23+00:00,L8,283.44,320.95,219.10,192.58,209.35,190.04,216.27,327.35
2015-01-28 10:05:10+00:00,L7,154.79,87.14,217.64,208.92,215.39,200.08,225.36,318.86
2015-02-06 09:59:03+00:00,L7,82.52,76.77,57.18,57.03,64.92,59.34,221.06,335.22
2015-03-10 09:59:14+00:00,L7,281.57,316.09,462.03,200.14,212.87,199.87,,73.06
2015-04-02 10:05:37+00:00,L7,279.53,324.41,,-63.96,,,,303.52
2015-04-10 10:05:54+00:00,L8,291.67,329.39,212.91,197.99,205.85,194.04,218.47,324.53
2015-04-18 10:05:45+00:00,L7,282.31,320.58,215.03,196.46,209.68,198.56,219.99,323.59
2015-05-04 10:05:51+00:00,L7,281.68,333.47,209.57,196.58,193.91,189.78,200.02,365.72
2015-05-05 09:59:30+00:00,L8,281.69,325.36,218.27,201.30,198.94,196.58,218.11,325.98
2015-05-12 10:05:34+00:00,L8,290.52,338.06,214.72,197.75,207.21,194.59,218.88,325.04
2015-05-13 09:59:47+00:00,L7,139.96,78.35,66.85,204.45,214.12,201.22,225.54,316.13
2015-05-28 10:05:36+00:00,L8,290.14,324.11,214.90,199.10,213.28,204.03,232.34,316.72
2015-05-29 09:59:50+00:00,L7,-53.68,71.05,69.38,56.30,77.15,64.15,215.81,323.02
2015-06-06 09:59:33+00:00,L8,280.40,334.31,216.85,200.05,210.52,198.78,218.08,324.65
2015-06-14 09:59:57+00:00,L7,283.89,323.61,215.98,200.83,211.05,197.71,226.38,320.28
2015-06-21 10:06:08+00:00,L7,285.17,315.24,212.88,201.59,207.92,198.31,217.72,73.33
2015-06-22 09:59:40+00:00,L8,279.20,327.00,219.48,201.26,210.75,198.87,219.95,323.37
2015-06-30 10:00:00+00:00,L7,278.83,326.54,220.39,201.57,210.37,200.39,219.26,303.55
2015-07-08 09:59:50+00:00,L8,278.69,323.66,218.58,201.14,212.62,203.59,227.93,315.95
2015-07-16 10:00:05+00:00,L7,133.30,74.89,63.80,202.42,209.08,199.80,217.33,324.56
2015-07-23 10:06:17+00:00,L7,290.09,335.17,209.05,193.68,194.16,189.59,,101.85
2015-07-24 09:59:57+00:00,L8,275.59,322.07,217.21,204.25,213.34,203.67,220.49,194.98
2015-07-31 10:06:09+00:00,L8,285.27,325.92,217.97,203.77,206.07,203.64,221.01,319.98
2015-08-08 10:06:21+00:00,L7,276.73,327.09,,,,,,
2015-08-16 10:06:15+00:00,L8,275.65,334.49,220.94,204.77,211.24,206.40,224.03,310.51
2015-09-02 10:00:11+00:00,L7,275.76,334.67,,,,,,
2015-09-10 10:00:14+00:00,L8,281.30,327.79,219.55,204.88,212.52,205.78,225.42,315.64
2015-09-17 10:06:29+00:00,L8,290.06,337.31,218.62,201.60,204.25,202.08,214.06,311.31
2015-09-25 10:06:30+00:00,L7,275.22,315.06,217.80,204.46,212.09,203.64,228.03,219.49
2015-10-03 10:06:33+00:00,L8,291.06,323.07,221.40,206.10,210.79,201.94,226.03,318.85
2015-10-11 10:06:39+00:00,L7,286.10,298.15,217.59,200.24,209.32,206.01,226.48,314.92
2015-10-12 10:00:22+00:00,L8,280.24,314.83,213.19,204.46,227.86,213.42,232.55,296.25
2015-10-19 10:06:34+00:00,L8,279.74,301.75,219.26,204.97,213.18,205.52,225.95,309.91
2015-10-28 10:00:27+00:00,L8,279.08,315.19,219.23,205.72,213.51,206.54,370.76,313.62
2015-11-12 10:07:11+00:00,L7,281.89,287.20,446.25,203.74,213.81,202.75,,71.00
2015-11-20 10:06:40+00:00,L8,279.18,287.80,462.96,203.49,215.82,205.26,231.96,311.86
2015-11-29 10:00:30+00:00,L8,277.14,316.79,218.51,201.02,214.42,200.88,223.35,318.84
2015-12-07 10:01:23+00:00,L7,277.44,320.84,,-62.46,,,,305.72
2015-12-14 10:07:42+00:00,L7,277.76,302.62,213.47,204.30,213.27,200.99,225.12,220.71
2015-12-15 10:00:29+00:00,L8,276.88,318.90,218.04,200.74,213.25,201.27,226.84,319.37
2015-12-22 10:06:40+00:00,L8,281.87,320.81,219.70,201.75,213.59,201.72,226.17,311.77
2016-01-24 10:02:05+00:00,L7,275.51,302.43,,-60.00,,,,303.55
2016-02-01 10:00:24+00:00,L8,278.00,286.84,463.62,198.77,213.04,200.65,233.03,320.16
2016-02-08 10:06:32+00:00,L8,283.27,327.77,215.99,200.77,210.63,198.71,223.68,314.14
2016-02-09 10:02:12+00:00,L7,-46.62,-39.83,-31.64,57.06,75.78,64.69,18.75,319.42
2016-02-24 10:06:25+00:00,L8,290.37,333.59,213.47,199.14,212.83,198.21,222.59,319.04
2016-02-25 10:02:14+00:00,L7,281.62,321.86,214.31,198.76,209.87,199.90,221.57,325.13
2016-03-12 10:02:25+00:00,L7,274.33,328.83,212.83,192.15,198.50,189.43,221.02,312.62
2016-03-27 10:06:14+00:00,L8,285.54,332.80,220.46,202.97,211.73,201.17,225.83,319.99
2016-03-28 10:02:30+00:00,L7,139.86,71.74,68.99,62.51,216.51,203.13,216.30,318.84
2016-04-05 09:59:59+00:00,L8,290.24,327.43,212.43,196.81,203.74,192.69,218.51,328.86
2016-04-20 10:08:50+00:00,L7,281.83,301.90,217.97,204.04,215.86,205.33,227.61,313.67
2016-04-29 10:02:43+00:00,L7,275.37,324.75,217.89,202.06,213.37,200.55,228.11,216.93
2016-05-06 10:08:55+00:00,L7,187.88,182.59,207.38,243.38,193.59,183.99,215.66,378.39
2016-05-23 09:59:58+00:00,L8,281.62,322.54,213.80,196.22,210.01,194.36,220.85,325.68
2016-06-08 10:00:02+00:00,L8,277.52,320.73,217.99,203.30,213.20,199.75,224.18,315.55
2016-06-16 10:02:54+00:00,L7,281.54,341.22,,,,,,
2016-06-23 10:09:06+00:00,L7,209.97,193.66,215.28,196.50,209.24,195.65,213.98,325.74
2016-06-24 10:00:08+00:00,L8,277.85,335.10,218.68,202.40,211.13,199.37,215.54,314.24
2016-07-02 10:02:55+00:00,L7,82.72,76.90,68.48,56.21,73.50,55.60,221.75,318.84
2016-07-10 10:00:16+00:00,L8,290.12,329.35,217.64,201.05,210.68,201.13,221.18,320.90
2016-07-17 10:06:30+00:00,L8,297.39,336.51,206.01,191.46,196.60,190.70,203.88,199.41
2016-07-18 10:02:55+00:00,L7,-43.46,80.35,67.30,57.89,71.31,63.20,215.01,319.58
2016-07-25 10:09:08+00:00,L7,-54.22,79.91,93.57,73.29,79.26,66.75,212.72,331.84
2016-07-26 10:00:21+00:00,L8,279.09,325.96,221.69,201.29,212.46,198.73,218.72,313.17
2016-08-02 10:06:33+00:00,L8,291.48,340.30,210.92,195.12,206.32,192.80,209.55,320.60
2016-08-03 10:02:58+00:00,L7,280.65,325.78,219.56,197.16,209.54,198.66,213.16,321.84
2016-08-10 10:09:09+00:00,L7,290.75,343.28,,,,,,
2016-08-11 10:00:23+00:00,L8,278.74,325.62,217.85,200.56,211.87,195.98,214.96,315.93
2016-08-18 10:06:37+00:00,L8,277.71,336.52,217.48,199.69,210.08,197.43,214.80,315.32
2016-08-19 10:02:59+00:00,L7,280.44,298.28,219.76,200.93,206.08,196.83,211.93,311.13
2016-08-26 10:09:12+00:00,L7,-48.18,-40.87,70.83,61.01,72.11,64.41,4.13,322.23
2016-08-27 10:00:30+00:00,L8,273.20,325.10,220.37,204.93,217.58,204.69,223.12,307.45
2016-09-03 10:06:44+00:00,L8,282.17,322.44,217.87,203.84,212.18,201.46,220.89,318.86
2016-09-04 10:03:03+00:00,L7,276.06,314.53,,-55.93,-12.80,-33.35,,303.63
2016-09-11 10:09:14+00:00,L7,-39.66,-39.00,-33.46,-56.40,-11.25,-30.80,,306.25
2016-09-12 10:00:34+00:00,L8,277.25,318.84,217.06,202.49,211.71,200.92,217.74,314.23
2016-09-27 10:09:17+00:00,L7,196.07,193.75,221.08,203.81,214.18,204.80,230.77,312.01
2016-10-05 10:06:48+00:00,L8,281.70,323.69,221.78,203.34,213.59,202.81,225.00,318.84
2016-10-06 10:03:06+00:00,L7,275.78,316.28,,-64.44,,,,
2016-10-29 10:09:12+00:00,L7,295.32,332.01,219.36,205.71,210.49,203.92,224.53,319.58
2016-10-30 10:00:42+00:00,L8,276.92,319.30,219.51,203.79,215.26,205.42,224.63,315.54
2016-11-06 10:06:52+00:00,L8,251.62,239.37,214.32,198.32,209.03,192.93,189.34,334.75
2016-11-14 10:09:04+00:00,L7,-48.43,82.96,66.38,57.43,67.44,57.16,228.64,325.18
2016-11-23 10:02:53+00:00,L7,277.73,320.01,,-63.19,-19.76,-39.18,,307.06
2016-11-30 10:09:02+00:00,L7,150.91,83.83,66.78,60.78,218.79,206.25,224.26,321.31
2016-12-01 10:00:41+00:00,L8,276.18,319.10,218.40,201.11,211.71,200.97,222.34,323.57
2016-12-08 10:06:50+00:00,L8,282.10,323.93,218.57,200.35,212.74,199.44,223.78,315.99
2016-12-09 10:02:49+00:00,L7,276.14,315.83,221.42,200.83,213.54,202.38,222.07,312.00
2016-12-16 10:08:58+00:00,L7,207.42,194.14,218.64,200.84,209.68,195.55,226.54,323.45
2016-12-24 10:06:46+00:00,L8,281.74,302.35,459.44,199.29,213.90,199.85,231.92,320.59
2017-01-02 10:00:33+00:00,L8,275.37,316.85,219.44,201.56,212.48,198.72,224.72,321.22
2017-01-09 10:06:43+00:00,L8,278.25,318.87,220.27,202.36,211.68,200.27,227.17,322.30
2017-01-25 10:06:38+00:00,L8,280.07,286.04,216.17,201.96,210.62,199.29,229.69,318.83
2017-01-26 10:02:22+00:00,L7,275.91,286.55,220.38,205.51,216.29,202.85,234.72,319.11
2017-02-10 10:06:29+00:00,L8,290.06,287.00,212.68,200.06,204.56,196.67,219.66,333.86
2017-02-11 10:02:16+00:00,L7,140.37,82.89,89.95,59.85,203.28,180.50,188.34,327.01
2017-02-19 10:00:16+00:00,L8,277.00,303.31,459.48,203.14,213.67,201.86,229.31,318.85
2017-02-27 10:02:25+00:00,L7,276.03,286.41,226.26,201.12,214.44,203.15,225.35,318.84
2017-03-14 10:06:16+00:00,L8,277.97,315.30,218.26,205.02,209.27,200.38,224.66,324.30
2017-03-15 10:02:31+00:00,L7,275.84,302.47,461.34,,,,,
2017-03-23 09:59:59+00:00,L8,278.56,314.19,217.92,204.99,212.50,200.53,219.79,321.90
2017-03-30 10:06:07+00:00,L8,281.58,302.50,218.15,204.55,214.05,203.03,228.37,314.10
2017-03-31 10:02:36+00:00,L7,275.71,312.38,461.21,209.28,215.29,204.85,230.66,215.63
2017-04-08 09:59:52+00:00,L8,275.63,303.23,219.18,204.20,216.09,204.25,224.12,313.63
2017-04-15 10:05:59+00:00,L8,290.27,319.63,213.79,198.68,206.09,195.33,217.79,321.74
2017-04-23 10:08:56+00:00,L7,290.10,334.99,211.91,195.06,210.00,193.23,213.15,325.45
2017-04-24 09:59:42+00:00,L8,283.53,314.09,217.69,200.25,211.76,200.47,221.21,318.85
2017-05-02 10:02:48+00:00,L7,276.79,280.54,,-63.70,-19.83,-39.83,,307.55
2017-05-09 10:09:00+00:00,L7,-50.05,96.53,70.41,62.35,79.97,65.19,230.26,316.65
2017-05-17 10:05:59+00:00,L8,293.55,330.11,208.13,191.88,208.85,193.10,219.49,325.06
2017-05-25 10:09:03+00:00,L7,296.56,333.13,204.93,,,,,
2017-05-26 09:59:54+00:00,L8,278.47,324.08,215.86,198.19,204.03,194.68,218.26,325.34
2017-06-03 10:02:55+00:00,L7,281.85,315.02,212.14,195.90,205.87,195.50,,93.52
2017-06-11 10:00:02+00:00,L8,280.74,316.68,213.76,197.99,208.83,195.35,217.20,326.32
2017-06-19 10:02:59+00:00,L7,197.26,192.37,214.21,199.92,211.79,198.33,219.66,318.83
2017-06-27 10:00:07+00:00,L8,278.96,315.40,218.18,199.45,208.77,196.29,218.95,323.37
2017-07-05 10:03:00+00:00,L7,280.03,283.16,213.57,199.80,206.62,198.46,220.12,72.12
2017-07-12 10:09:11+00:00,L7,310.65,467.12,209.28,177.16,173.54,178.00,182.64,195.33
2017-07-13 10:00:09+00:00,L8,276.99,301.44,220.84,201.92,212.30,198.86,221.71,315.98
2017-07-28 10:09:10+00:00,L7,284.52,329.02,215.89,195.33,204.34,197.19,212.75,325.76
2017-07-29 10:00:18+00:00,L8,275.75,300.57,218.79,203.19,209.14,198.35,224.97,319.94
2017-08-05 10:06:31+00:00,L8,280.04,325.44,218.08,200.62,209.32,195.42,213.89,322.47
2017-08-13 10:09:08+00:00,L7,283.64,324.93,209.30,189.80,190.04,190.18,209.85,337.70
2017-08-14 10:00:24+00:00,L8,275.54,316.06,219.00,201.11,209.16,199.20,221.40,319.04
2017-08-21 10:06:36+00:00,L8,279.13,318.87,219.00,202.56,211.40,199.26,218.92,316.60
2017-08-22 10:02:58+00:00,L7,-41.36,-38.60,-31.60,-55.91,-4.10,-28.75,,306.13
2017-08-29 10:09:09+00:00,L7,278.00,318.71,,,,,,
2017-08-30 10:00:27+00:00,L8,277.96,315.64,221.19,200.42,209.25,198.19,217.01,322.40
2017-09-06 10:06:38+00:00,L8,285.16,315.24,218.05,201.43,205.15,198.06,218.51,320.91
2017-09-07 10:02:57+00:00,L7,283.24,334.86,218.86,196.22,196.40,191.96,204.88,327.23
2017-09-14 10:09:07+00:00,L7,276.23,317.14,,,,,,
2017-09-15 10:00:28+00:00,L8,279.74,314.25,217.61,202.62,210.18,199.50,222.75,321.09
2017-09-22 10:06:42+00:00,L8,284.19,313.98,221.19,199.91,202.20,197.09,220.33,322.71
2017-09-30 10:09:07+00:00,L7,-46.90,81.87,69.80,54.12,70.84,62.86,220.41,323.93
2017-10-08 10:06:48+00:00,L8,277.14,303.24,219.69,195.84,194.99,190.46,201.48,322.82
2017-10-16 10:09:10+00:00,L7,-39.61,76.76,79.50,62.69,70.92,54.55,224.00,314.35
2017-10-17 10:00:39+00:00,L8,277.54,300.75,218.00,204.81,212.65,203.48,229.47,318.84
2017-10-24 10:06:50+00:00,L8,281.00,287.33,217.87,202.20,210.14,199.73,226.36,316.29
2017-10-25 10:02:59+00:00,L7,277.18,287.26,225.85,202.96,210.51,204.00,233.67,217.12
2017-11-02 10:00:39+00:00,L8,278.37,313.30,221.06,202.64,210.59,201.52,228.24,316.62
2017-11-10 10:02:58+00:00,L7,-39.53,70.60,68.57,48.45,72.36,54.92,217.89,318.86
2017-11-17 10:09:07+00:00,L7,282.91,317.09,220.16,198.72,209.72,201.87,228.76,314.15
2017-11-18 10:00:35+00:00,L8,277.15,317.36,220.00,200.30,209.74,197.60,223.08,322.29
2017-11-26 10:02:53+00:00,L7,136.11,75.19,69.14,197.42,213.34,194.02,221.41,324.26
2017-12-04 10:00:30+00:00,L8,279.63,314.98,217.11,200.20,210.03,199.32,222.00,318.86
2017-12-28 10:02:34+00:00,L7,272.35,301.50,446.05,404.87,212.83,200.38,234.26,314.76
2018-01-13 10:02:20+00:00,L7,112.06,95.70,67.73,61.27,71.09,50.75,218.22,325.01
2018-01-20 10:08:25+00:00,L7,290.00,319.08,212.64,197.16,209.66,200.19,213.76,318.65
2018-01-28 10:06:27+00:00,L8,282.37,314.43,214.03,201.05,209.80,195.98,223.69,318.85
2018-01-29 10:02:05+00:00,L7,-46.55,-51.81,461.25,-62.51,,,,345.25
2018-02-05 10:08:09+00:00,L7,280.95,321.10,213.49,197.08,195.15,193.58,209.30,198.83
2018-02-06 10:00:12+00:00,L8,281.31,312.58,213.40,199.36,209.62,195.35,224.37,323.66
2018-02-13 10:06:21+00:00,L8,285.02,317.24,214.02,200.23,212.03,199.23,225.63,318.84
2018-02-21 10:07:59+00:00,L7,112.16,83.28,66.28,57.10,75.25,65.35,211.47,325.74
2018-02-22 10:00:06+00:00,L8,278.34,320.10,217.66,204.42,211.69,194.81,221.67,324.59
2018-03-02 10:01:42+00:00,L7,281.04,317.05,217.93,199.88,196.47,198.25,218.69,326.12
2018-04-02 10:05:58+00:00,L8,290.05,334.55,217.23,198.76,196.41,196.80,222.67,328.60
2018-04-19 10:01:01+00:00,L7,277.82,302.54,,,,,,
2018-05-12 10:06:47+00:00,L7,293.13,333.56,200.53,183.97,,,,
2018-05-29 09:59:10+00:00,L8,283.05,328.77,211.04,192.87,195.54,194.26,215.69,327.03
2018-06-05 10:05:18+00:00,L8,294.07,333.42,210.36,192.55,209.69,198.39,220.05,329.27
2018-06-22 09:59:55+00:00,L7,275.27,317.71,,-54.96,,,,322.45
2018-06-30 09:59:24+00:00,L8,282.85,330.07,213.70,197.40,197.65,192.65,211.73,327.09
2018-07-07 10:05:38+00:00,L8,290.07,338.43,,189.18,196.57,191.05,213.22,193.50
2018-07-08 09:59:36+00:00,L7,111.01,81.02,68.66,56.89,195.62,187.84,214.71,325.19
2018-07-15 10:05:39+00:00,L7,284.61,343.10,,,,,,
2018-07-16 09:59:31+00:00,L8,279.37,327.98,215.05,196.02,200.34,192.71,212.86,327.00
2018-07-23 10:05:45+00:00,L8,,,,190.90,204.97,193.34,211.61,323.47
2018-07-24 09:59:19+00:00,L7,275.61,319.02,-32.67,-62.78,-13.15,-40.61,,307.38
2018-07-31 10:05:22+00:00,L7,187.62,190.87,216.84,200.32,205.36,195.15,215.00,325.45
2018-08-01 09:59:39+00:00,L8,277.99,325.09,221.54,200.75,209.74,200.62,218.95,319.49
2018-08-08 10:05:54+00:00,L8,290.06,329.24,213.95,200.29,201.93,197.50,215.36,318.85
2018-08-09 09:59:02+00:00,L7,295.27,321.35,218.89,203.33,209.89,203.25,220.46,318.85
2018-08-16 10:05:04+00:00,L7,277.36,325.46,219.25,199.13,208.89,196.44,222.31,215.66
2018-08-17 09:59:48+00:00,L8,275.65,323.67,225.87,204.70,212.39,206.84,222.02,307.89
2018-08-24 10:06:02+00:00,L8,290.31,336.92,214.96,198.07,205.41,197.77,215.69,320.71
2018-08-25 09:58:43+00:00,L7,281.45,327.85,218.72,197.14,210.71,196.34,224.84,303.48
2018-09-01 10:04:45+00:00,L7,194.25,192.08,216.97,198.36,208.80,195.80,218.28,319.63
2018-09-02 09:59:55+00:00,L8,276.30,320.02,219.76,201.59,209.78,200.26,223.82,318.85
2018-09-09 10:06:08+00:00,L8,282.99,332.18,219.13,200.83,206.39,200.49,219.15,320.10
2018-09-17 10:04:24+00:00,L7,281.40,350.16,,,,,,293.55
2018-09-26 09:58:00+00:00,L7,282.55,318.98,219.31,202.61,210.34,202.34,223.56,311.80
2018-10-11 10:06:21+00:00,L8,283.74,328.85,214.45,198.73,202.93,199.86,222.51,323.47
2018-10-12 09:57:37+00:00,L7,-44.47,79.04,66.47,56.30,72.33,63.64,223.63,322.29
2018-10-19 10:03:38+00:00,L7,190.32,189.26,217.74,202.88,209.10,207.29,227.82,321.55
2018-10-20 10:00:13+00:00,L8,276.89,326.77,214.14,195.86,203.53,199.38,217.40,321.77
2018-10-27 10:06:26+00:00,L8,271.49,314.09,226.60,212.43,219.66,210.60,232.01,309.86
2018-10-28 09:57:16+00:00,L7,187.31,192.63,218.68,205.83,205.64,204.39,228.29,318.84
2018-11-05 10:00:16+00:00,L8,279.89,326.42,212.56,195.70,205.04,197.44,220.74,322.56
2018-11-21 10:00:17+00:00,L8,280.25,324.73,213.30,196.54,207.05,197.51,221.00,324.12
2018-11-29 09:56:30+00:00,L7,275.83,318.64,,-59.18,,,,302.65
2018-12-07 10:00:15+00:00,L8,277.16,319.57,217.39,198.55,209.29,198.34,221.55,323.10
2018-12-15 09:56:04+00:00,L7,196.01,186.40,210.85,192.47,200.70,194.04,221.06,326.48
2018-12-22 10:02:03+00:00,L7,271.84,303.22,215.55,194.71,208.24,195.11,215.13,75.18
2018-12-30 10:06:24+00:00,L8,277.43,314.44,216.47,199.80,212.79,200.58,229.10,314.57
2019-01-07 10:01:34+00:00,L7,-50.05,-41.25,76.89,49.29,72.64,53.13,3.93,315.89
2019-01-08 10:00:12+00:00,L8,275.00,312.99,431.63,202.62,213.61,200.86,224.42,320.46
2019-01-15 10:06:22+00:00,L8,276.66,319.15,216.77,200.03,212.90,198.99,224.64,318.85
2019-02-09 10:00:06+00:00,L8,280.14,322.36,217.93,198.79,211.05,198.77,221.75,322.12
2019-02-16 10:06:16+00:00,L8,275.48,318.20,439.28,207.05,216.64,206.30,229.74,318.83
2019-02-17 09:54:07+00:00,L7,275.25,281.55,462.87,204.50,216.30,205.67,,61.96
2019-02-25 10:00:03+00:00,L8,279.56,321.68,220.53,201.67,213.18,201.06,227.64,312.72
2019-03-04 10:06:12+00:00,L8,284.54,319.74,217.47,202.90,211.26,199.97,226.66,322.49
2019-03-12 09:59:34+00:00,L7,276.74,315.04,,,,,,
2019-03-28 09:59:02+00:00,L7,276.87,316.94,461.66,202.44,213.11,200.03,219.87,315.74
2019-03-29 09:59:54+00:00,L8,278.47,319.10,217.94,205.47,215.08,201.27,223.69,318.85
2019-04-05 10:06:03+00:00,L8,281.23,318.89,219.23,203.53,212.81,202.00,226.02,327.07
2019-04-29 09:57:53+00:00,L7,188.67,188.52,212.26,195.41,211.02,194.14,220.92,327.77
2019-05-07 10:06:01+00:00,L8,275.14,316.83,221.71,205.84,214.15,202.34,216.70,328.70
2019-05-16 09:59:56+00:00,L8,273.03,317.29,219.88,202.91,214.14,203.87,221.83,323.69
2019-05-23 10:06:11+00:00,L8,280.89,334.13,211.16,192.40,195.70,191.77,204.05,188.22
2019-05-24 09:50:44+00:00,L7,121.93,200.13,221.71,199.58,211.84,199.58,218.58,322.83
2019-05-31 09:56:40+00:00,L7,290.21,365.12,203.09,191.62,200.17,217.65,239.00,378.81
2019-06-01 10:00:05+00:00,L8,275.53,316.88,461.19,202.06,213.94,202.35,225.36,320.13
2019-06-16 09:56:06+00:00,L7,285.34,298.79,219.66,222.67,215.62,199.40,211.82,326.12
2019-06-17 10:00:11+00:00,L8,276.57,322.46,218.70,200.26,210.12,198.23,221.87,326.41
2019-06-25 09:49:35+00:00,L7,111.57,82.01,67.44,58.92,198.41,198.01,210.48,328.37
2019-07-02 09:55:30+00:00,L7,112.26,85.06,67.07,62.57,80.75,58.16,221.82,378.64
2019-07-03 10:00:16+00:00,L8,280.45,323.48,221.65,199.66,206.15,198.96,220.60,324.98
2019-07-11 09:48:58+00:00,L7,191.99,197.95,217.72,204.47,211.31,201.72,222.68,313.23
2019-07-18 09:54:53+00:00,L7,281.58,337.01,,,,,,
2019-07-19 10:00:18+00:00,L8,275.38,315.57,218.82,202.05,211.50,200.19,224.93,321.11
2019-07-26 10:06:32+00:00,L8,290.21,339.61,215.66,195.44,208.96,194.85,216.26,327.77
2019-08-03 09:54:14+00:00,L7,290.08,334.65,219.95,199.29,202.00,194.68,216.30,325.03
2019-08-04 10:00:25+00:00,L8,274.95,316.52,220.55,204.77,213.55,203.22,226.39,320.42
2019-08-11 10:06:39+00:00,L8,290.42,338.11,217.82,195.34,208.95,194.91,214.87,326.88
2019-08-12 09:47:41+00:00,L7,196.48,196.86,218.39,202.58,213.33,200.68,221.49,319.10
2019-08-19 09:53:34+00:00,L7,184.81,194.48,218.02,200.66,202.67,196.12,215.33,326.01
2019-08-20 10:00:30+00:00,L8,276.78,325.33,218.47,201.50,209.86,200.79,221.90,316.54
2019-09-04 09:52:53+00:00,L7,274.50,324.55,,,,,,
2019-09-05 10:00:33+00:00,L8,275.44,317.33,225.61,204.29,214.72,206.22,228.75,312.53
2019-09-12 10:06:47+00:00,L8,279.83,331.40,219.38,202.18,210.79,202.42,223.20,316.08
2019-09-13 09:46:18+00:00,L7,279.15,317.71,219.00,205.87,210.93,201.38,227.80,210.71
2019-09-20 09:52:10+00:00,L7,187.42,194.90,218.01,202.12,209.39,197.49,217.44,323.68
2019-09-28 10:06:52+00:00,L8,280.80,319.19,218.82,204.20,212.80,204.26,224.74,320.65
2019-09-29 09:45:36+00:00,L7,275.57,301.36,220.29,206.02,219.81,205.45,237.16,303.64
2019-10-07 10:00:43+00:00,L8,281.29,316.02,218.66,200.03,209.26,199.06,222.18,321.25
2019-10-30 10:06:55+00:00,L8,280.53,314.77,218.94,204.51,210.93,203.58,225.49,315.73
2019-12-25 09:47:46+00:00,L7,275.32,316.84,207.69,193.19,201.29,191.31,,78.60
2019-12-26 10:00:36+00:00,L8,278.34,320.17,213.00,197.20,204.00,193.19,225.86,330.77
2020-01-02 10:06:44+00:00,L8,280.37,317.21,216.96,199.71,211.47,199.01,229.93,323.87
2020-01-03 09:41:07+00:00,L7,275.37,315.98,213.58,202.47,210.65,198.65,233.38,303.84
2020-01-10 09:46:57+00:00,L7,131.23,84.77,62.78,44.72,200.09,198.80,223.84,330.85
2020-01-11 10:00:32+00:00,L8,275.97,317.43,216.90,199.50,210.26,196.61,226.56,326.22
2020-01-18 10:06:41+00:00,L8,275.64,303.25,443.37,201.03,212.21,200.16,230.88,318.86
2020-01-19 09:40:19+00:00,L7,257.53,309.68,267.19,245.87,217.52,206.01,202.31,326.76
2020-01-27 10:00:28+00:00,L8,279.84,316.83,213.17,199.08,209.88,196.89,227.84,324.11
2020-02-04 09:39:31+00:00,L7,111.96,80.39,68.27,49.32,79.98,192.91,222.90,320.78
2020-02-12 10:00:23+00:00,L8,293.86,332.90,214.58,198.60,202.40,194.37,224.63,322.05
2020-02-19 10:06:33+00:00,L8,282.91,319.75,215.75,198.75,210.83,199.55,227.23,319.95
2020-02-20 09:38:42+00:00,L7,275.64,320.37,217.08,198.77,209.80,192.56,224.16,316.91
2020-02-28 10:00:19+00:00,L8,275.59,319.92,221.25,200.38,209.59,195.92,222.60,321.05
2020-03-06 10:06:27+00:00,L8,278.25,327.47,220.77,201.05,211.55,199.97,222.10,322.75
2020-03-07 09:37:50+00:00,L7,277.55,335.72,445.99,198.60,214.70,183.36,206.00,333.86
2020-03-15 10:00:12+00:00,L8,275.30,316.46,221.75,201.58,210.61,200.09,228.09,318.85
2020-03-22 10:06:19+00:00,L8,282.84,324.77,215.61,199.68,209.06,197.47,224.60,325.05
2020-03-23 09:36:58+00:00,L7,141.27,84.07,66.83,61.07,225.46,211.03,226.90,329.18
2020-03-30 09:42:45+00:00,L7,284.34,334.27,215.46,197.66,209.14,198.39,213.64,325.06
2020-04-07 10:06:11+00:00,L8,283.70,320.49,217.83,201.05,209.92,198.56,223.14,322.64
2020-04-08 09:36:03+00:00,L7,196.79,194.68,220.21,198.77,213.88,200.84,227.45,318.85
2020-04-15 09:41:50+00:00,L7,280.31,330.45,211.55,190.79,194.59,190.90,,84.09
2020-04-23 10:06:04+00:00,L8,290.15,333.45,215.22,199.01,203.33,197.22,222.46,329.02
2020-05-01 09:40:53+00:00,L7,290.10,327.60,214.88,195.42,204.93,194.45,212.21,206.79
2020-05-17 09:39:54+00:00,L7,193.82,195.13,213.39,204.81,215.84,210.88,224.46,342.56
2020-05-26 09:33:09+00:00,L7,278.15,324.02,217.30,200.15,211.45,202.93,231.22,216.73
2020-06-02 09:38:56+00:00,L7,288.85,334.33,,,,,,
2020-06-03 09:59:52+00:00,L8,282.13,328.91,216.84,197.53,209.47,200.69,219.36,324.88
2020-06-11 09:32:14+00:00,L7,293.43,334.31,213.56,201.69,214.93,199.69,205.45,72.55
2020-06-18 09:38:01+00:00,L7,280.46,315.86,212.70,195.83,201.97,196.90,,74.82
2020-06-19 10:00:02+00:00,L8,281.74,322.64,214.53,196.37,204.53,195.07,213.29,329.45
2020-06-27 09:31:18+00:00,L7,282.43,327.26,213.65,194.41,195.98,194.32,205.91,82.56
2020-07-04 09:37:03+00:00,L7,282.51,326.72,210.37,192.56,206.08,192.80,207.73,208.62
2020-07-05 10:00:10+00:00,L8,278.68,318.94,217.45,201.35,210.20,200.05,221.71,321.45
2020-07-12 10:06:23+00:00,L8,293.52,340.44,213.69,196.89,205.43,193.93,215.69,326.65
2020-07-13 09:30:20+00:00,L7,-52.33,77.13,73.96,53.17,77.36,57.33,221.84,319.64
2020-07-20 09:36:05+00:00,L7,,,,-61.70,-10.90,-37.11,,312.90
2020-07-21 10:00:15+00:00,L8,278.35,319.49,219.25,201.07,210.47,201.87,223.31,319.89
2020-07-28 10:06:28+00:00,L8,290.55,340.98,214.02,194.26,208.87,199.19,216.73,326.01
2020-07-29 09:29:20+00:00,L7,192.95,194.42,219.45,202.60,210.70,202.99,216.73,314.00
2020-08-05 09:35:05+00:00,L7,198.44,202.02,222.51,200.49,208.90,201.25,219.30,320.17
2020-08-06 10:00:19+00:00,L8,275.36,317.03,225.31,205.29,213.24,204.93,219.46,315.71
2020-08-14 09:28:20+00:00,L7,154.89,84.33,235.11,219.57,210.12,202.41,206.66,322.79
2020-08-21 09:34:04+00:00,L7,275.43,323.49,213.77,195.79,,,,
2020-08-22 10:00:25+00:00,L8,275.64,326.26,218.05,198.32,201.71,193.91,209.90,328.03
2020-08-29 10:06:40+00:00,L8,285.47,328.86,219.03,202.61,211.39,205.40,221.48,318.92
2020-09-06 09:33:01+00:00,L7,-48.02,77.77,79.09,57.32,74.34,54.89,18.68,313.58
2020-09-07 10:00:33+00:00,L8,275.89,314.50,219.26,203.48,213.04,205.26,224.78,324.83
2020-09-14 10:06:46+00:00,L8,290.04,321.06,221.10,198.71,210.71,201.26,221.61,323.38
2020-09-15 09:26:14+00:00,L7,289.98,324.88,220.43,199.83,209.26,201.56,218.44,315.00
2020-09-30 10:06:50+00:00,L8,277.25,318.04,218.60,200.90,211.57,202.92,224.57,322.15
2020-10-01 09:25:12+00:00,L7,210.35,200.00,217.78,202.46,211.99,199.39,221.55,320.82
2020-10-08 09:30:56+00:00,L7,275.63,315.66,212.21,201.11,198.40,198.56,,66.39
2020-10-09 10:00:41+00:00,L8,275.29,314.02,219.49,202.03,213.03,204.54,230.20,314.01
2020-10-24 09:29:54+00:00,L7,275.03,286.76,489.16,475.50,,,,
2020-10-25 10:00:41+00:00,L8,290.29,327.52,207.77,191.73,209.32,201.37,18.70,67.03
2020-11-01 10:06:51+00:00,L8,279.00,314.87,218.76,203.03,215.30,206.29,229.32,319.98
2020-11-02 09:23:07+00:00,L7,275.30,317.23,219.45,200.21,210.85,214.68,235.01,322.08
2020-11-17 10:06:50+00:00,L8,276.42,318.62,218.04,201.39,213.46,202.89,223.95,323.87
2020-11-18 09:22:01+00:00,L7,190.73,197.31,217.50,212.24,209.76,210.37,238.00,308.51
2020-11-25 09:27:42+00:00,L7,,,,-64.41,-4.19,-33.32,,307.90
2020-11-26 10:00:41+00:00,L8,275.56,317.41,221.34,202.18,213.50,204.01,227.19,321.52
2020-12-03 10:06:53+00:00,L8,278.26,324.87,215.76,199.66,209.39,201.52,224.03,324.74
2021-01-20 10:06:40+00:00,L8,278.74,316.77,214.95,200.17,210.51,198.96,226.25,322.71
2021-02-05 10:06:39+00:00,L8,282.95,317.41,214.31,199.09,207.07,197.12,226.57,327.78
2021-02-06 09:16:14+00:00,L7,282.90,315.40,212.60,195.35,205.88,194.24,224.57,329.07
2021-02-14 10:00:26+00:00,L8,279.79,320.67,213.13,196.79,208.87,195.50,221.17,330.11
2021-02-21 10:06:34+00:00,L8,281.58,323.57,213.22,199.48,209.34,198.56,225.02,324.57
2021-03-17 09:19:24+00:00,L7,275.31,316.29,212.77,198.97,204.62,198.28,216.15,318.64
2021-03-18 10:00:10+00:00,L8,279.48,302.43,463.93,200.65,209.74,199.63,226.63,323.17
2021-03-25 10:06:20+00:00,L8,275.95,302.98,441.13,205.33,212.95,201.70,228.27,319.65
2021-03-26 09:12:30+00:00,L7,275.99,287.53,469.08,202.34,204.56,198.83,,
2021-04-02 09:18:06+00:00,L7,111.71,88.57,71.63,61.79,78.41,196.22,222.43,327.66
2021-04-03 10:00:07+00:00,L8,290.08,320.77,211.73,197.37,208.77,196.76,223.64,326.70
2021-04-10 10:06:15+00:00,L8,113.39,485.67,488.55,489.09,408.43,336.86,,236.12
2021-04-11 09:11:11+00:00,L7,290.21,317.64,284.91,254.31,278.88,426.69,201.39,183.83
2021-04-18 09:16:46+00:00,L7,290.09,328.73,,,,,,
2021-05-05 09:59:51+00:00,L8,282.32,320.97,215.33,198.97,209.87,201.05,223.34,321.85
2021-05-12 10:06:05+00:00,L8,290.34,334.98,211.65,196.31,203.54,196.31,219.24,326.16
2021-05-13 09:08:30+00:00,L7,281.36,312.60,212.08,197.22,200.16,196.88,,63.36
2021-05-20 09:14:05+00:00,L7,282.52,333.53,,,,,,
2021-05-21 10:00:00+00:00,L8,290.11,326.75,209.76,195.97,204.29,196.71,223.81,327.01
2021-06-05 09:12:43+00:00,L7,283.57,335.97,211.54,192.78,195.01,192.93,203.72,82.11
2021-06-21 09:11:25+00:00,L7,200.49,204.91,227.66,192.28,200.58,192.88,209.94,337.80
2021-06-22 10:00:13+00:00,L8,280.17,325.50,215.18,194.53,205.19,195.98,214.35,327.63
2021-07-07 09:10:05+00:00,L7,,,,-63.30,-13.04,-32.97,,313.53
2021-07-15 10:06:26+00:00,L8,291.07,325.09,,,198.06,192.81,212.64,328.22
2021-07-23 09:08:42+00:00,L7,202.56,217.87,220.45,197.86,210.18,200.28,224.47,318.85
2021-07-24 10:00:20+00:00,L8,280.50,334.48,220.90,195.30,208.82,198.41,213.76,326.13
2021-08-08 09:07:18+00:00,L7,275.21,318.72,,,,,,
2021-08-09 10:00:28+00:00,L8,278.37,329.27,218.61,198.37,205.27,198.51,214.42,324.95
2021-08-17 09:00:18+00:00,L7,-53.73,83.48,65.23,61.18,74.63,59.08,219.87,321.52
2021-08-24 09:05:53+00:00,L7,275.26,318.81,201.64,172.60,176.93,179.81,185.29,117.94
2021-08-25 10:00:32+00:00,L8,279.63,325.31,218.27,197.36,204.73,196.46,214.61,324.52
2021-09-01 10:06:45+00:00,L8,284.73,332.86,218.26,198.33,210.23,201.00,219.38,322.00
2021-10-03 10:06:54+00:00,L8,278.66,315.71,220.60,206.76,214.80,208.79,231.42,309.27
2021-10-11 09:01:40+00:00,L7,275.62,316.34,225.61,213.30,213.20,206.27,226.97,311.58
2021-10-12 10:00:46+00:00,L8,275.09,315.36,225.32,207.01,215.04,207.04,228.86,314.44
2021-10-19 10:06:58+00:00,L8,275.04,313.65,225.65,205.96,216.40,208.20,231.00,313.12
2021-10-20 08:54:41+00:00,L7,261.23,315.73,219.51,205.82,217.62,209.32,232.86,219.02
2021-10-27 09:00:13+00:00,L7,400.74,316.60,474.59,451.22,441.00,190.66,217.66,213.54
2021-11-13 10:05:11+00:00,L9,275.10,322.01,218.58,202.38,214.01,204.89,224.56,315.33
2021-11-18 10:07:39+00:00,L9,275.40,318.99,214.58,196.83,209.70,198.70,224.42,324.46
2021-11-20 10:06:52+00:00,L8,277.71,316.17,219.72,201.60,211.52,200.77,224.95,318.84
2021-12-14 08:55:39+00:00,L7,280.14,318.92,206.95,194.62,203.74,375.65,214.51,76.09
2021-12-14 10:06:50+00:00,L9,279.47,322.56,213.75,197.89,210.66,199.97,226.91,321.62
2021-12-15 10:00:42+00:00,L8,278.10,322.09,212.33,196.48,210.38,198.88,225.69,323.13
2021-12-30 10:06:49+00:00,L9,280.05,323.94,211.81,194.54,210.50,198.73,222.96,324.30
2022-01-07 10:06:46+00:00,L8,275.64,312.45,216.24,199.57,211.08,197.20,222.25,323.60
2022-01-08 08:47:00+00:00,L7,97.54,292.07,262.93,193.07,378.03,389.29,371.01,329.09
2022-01-15 08:52:31+00:00,L7,272.18,272.31,461.06,,,,,
2022-01-15 10:06:46+00:00,L9,275.01,313.24,218.63,202.97,212.94,201.41,225.35,319.99
2022-01-16 10:00:34+00:00,L8,272.73,286.02,460.68,201.46,212.38,200.27,223.91,321.71
2022-01-23 10:06:42+00:00,L8,274.95,312.81,463.52,204.92,216.49,203.99,226.30,322.68
2022-01-24 08:45:29+00:00,L7,275.26,312.66,-36.22,-72.71,-14.68,-38.36,,322.27
2022-01-24 10:00:37+00:00,L9,271.94,302.61,218.42,203.78,215.52,203.30,229.37,319.11
2022-01-31 08:50:58+00:00,L7,275.57,321.90,215.99,207.27,214.32,211.34,247.43,303.44
2022-01-31 10:06:48+00:00,L9,273.76,314.37,218.61,200.84,211.30,200.02,225.86,319.91
2022-02-08 10:06:39+00:00,L8,275.25,318.76,221.41,201.74,214.29,202.10,228.34,317.13
2022-02-09 08:43:52+00:00,L7,271.94,285.87,219.39,201.76,211.50,209.31,238.60,314.97
2022-02-09 10:00:35+00:00,L9,275.06,315.60,424.02,201.33,214.46,201.20,230.95,319.70
2022-02-16 08:49:19+00:00,L7,140.17,81.12,69.76,192.54,210.41,196.19,220.34,326.93
2022-02-16 10:06:43+00:00,L9,275.26,316.47,218.28,202.91,216.40,200.55,218.84,322.82
2022-02-24 10:06:33+00:00,L8,275.00,322.08,219.74,205.07,215.02,202.79,223.55,316.23
2022-02-25 08:42:17+00:00,L7,274.98,312.73,464.65,198.37,216.57,206.68,233.69,316.06
2022-02-25 10:00:26+00:00,L9,272.24,318.13,218.40,204.79,215.35,202.78,223.42,323.08
2022-03-04 08:47:47+00:00,L7,278.54,302.95,214.48,195.95,209.36,197.20,218.49,330.34
2022-03-05 10:00:21+00:00,L8,282.17,319.75,228.93,244.44,209.97,189.62,210.09,325.51
2022-03-21 10:00:13+00:00,L8,278.26,324.63,218.92,200.06,210.90,200.12,223.73,318.85
2022-03-29 08:39:10+00:00,L7,279.53,312.89,211.35,198.75,204.18,,,77.58
2022-04-05 08:44:39+00:00,L7,-52.85,-47.30,-39.09,60.88,71.04,66.87,3.80,309.95
2022-04-30 10:00:06+00:00,L9,277.64,322.90,220.97,201.10,210.32,199.64,223.63,326.60
2022-05-08 08:35:29+00:00,L7,279.00,319.18,213.66,200.47,203.86,203.43,226.45,324.95
2022-05-08 10:00:13+00:00,L8,277.55,324.57,215.78,197.80,210.06,195.95,219.61,327.88
2022-05-13 08:41:08+00:00,L7,112.66,98.57,68.75,61.76,76.85,63.01,234.08,326.42
2022-05-15 10:06:28+00:00,L8,290.36,341.24,,,198.52,194.40,215.91,330.62
2022-05-31 10:06:31+00:00,L8,283.27,322.53,217.12,200.77,212.58,199.65,215.94,324.47
2022-06-01 09:59:52+00:00,L9,283.85,317.17,213.20,196.86,209.18,197.57,216.43,328.69
2022-06-08 10:06:04+00:00,L9,290.42,329.51,214.28,198.31,210.11,201.34,217.46,327.09
2022-06-11 08:33:56+00:00,L7,281.12,279.09,219.81,201.21,214.13,203.22,232.34,320.92
2022-06-17 10:00:00+00:00,L9,275.54,317.36,218.11,203.52,214.79,203.92,220.68,324.02
2022-06-25 10:00:35+00:00,L8,279.26,318.94,220.21,203.87,212.13,202.31,222.19,325.62
2022-07-11 10:00:35+00:00,L8,282.38,324.29,221.41,200.00,212.44,204.74,226.47,318.83
2022-07-15 08:31:42+00:00,L7,275.23,302.12,221.36,205.37,218.77,205.86,222.67,303.49
2022-07-18 10:06:47+00:00,L8,290.58,336.77,212.58,195.39,208.84,195.75,216.54,325.04
2022-07-19 10:00:14+00:00,L9,275.61,316.08,218.52,203.47,214.52,205.07,226.68,319.36
2022-07-26 10:06:31+00:00,L9,284.14,320.99,219.55,199.36,211.87,199.48,221.89,324.96
2022-07-27 10:00:43+00:00,L8,277.78,325.55,218.11,199.77,212.45,201.64,218.94,321.00
2022-08-01 08:30:20+00:00,L7,273.21,316.06,221.14,204.68,219.74,205.29,234.57,318.86
2022-08-03 10:06:58+00:00,L8,290.51,324.69,216.87,198.44,210.45,201.23,218.81,325.52
2022-08-04 10:00:27+00:00,L9,273.13,301.38,225.29,208.09,216.24,207.03,230.50,315.84
2022-08-11 10:06:42+00:00,L9,280.95,327.41,218.60,203.52,211.83,204.14,226.47,320.77
2022-08-12 10:00:52+00:00,L8,275.10,318.21,225.95,207.03,215.49,205.81,229.76,318.85
2022-08-13 08:23:31+00:00,L7,,,,,,,,
2022-08-19 10:07:04+00:00,L8,278.15,328.31,218.97,202.86,213.48,201.29,222.21,318.84
2022-08-27 10:06:46+00:00,L9,275.01,315.70,226.51,210.75,216.52,207.07,231.35,318.84
2022-08-28 10:00:53+00:00,L8,274.97,316.83,226.48,206.79,218.05,207.84,228.04,313.75
2022-08-30 08:21:57+00:00,L7,267.08,302.24,,,,,,
2022-09-04 08:27:17+00:00,L7,277.58,318.67,219.16,202.43,214.45,201.75,227.12,321.59
2022-09-04 10:07:04+00:00,L8,279.63,319.22,219.86,203.19,214.44,202.84,223.18,319.32
2022-09-05 10:00:35+00:00,L9,278.17,334.50,219.25,201.55,210.76,199.89,215.86,323.36
2022-09-12 10:06:47+00:00,L9,272.91,317.11,226.82,209.55,216.73,207.62,231.66,318.86
2022-09-13 10:00:58+00:00,L8,275.01,316.81,225.71,206.23,212.45,205.05,226.29,319.02
2022-09-16 08:20:16+00:00,L7,176.44,188.84,213.90,194.20,199.52,195.24,216.64,74.35
2022-09-20 10:07:11+00:00,L8,272.31,319.27,226.48,205.71,217.34,206.40,224.90,314.25
2022-09-21 10:00:41+00:00,L9,272.21,316.90,226.22,206.14,215.60,205.50,227.57,318.84
2022-10-07 10:00:42+00:00,L9,272.71,315.00,226.00,205.91,213.66,204.65,224.83,320.57
2022-10-08 08:23:37+00:00,L7,274.96,325.67,65.60,47.69,83.13,49.86,225.83,318.85
2022-10-15 10:00:52+00:00,L8,270.90,317.95,220.86,203.68,214.12,204.31,223.56,321.04
2022-10-22 10:07:07+00:00,L8,279.98,327.83,220.55,197.76,210.11,199.88,218.70,323.35
2022-10-23 10:00:48+00:00,L9,275.62,324.00,292.50,201.73,210.56,201.46,220.66,320.41
2022-10-30 10:06:58+00:00,L9,272.02,316.42,219.52,203.54,214.80,204.49,220.81,317.18
2022-10-31 10:01:00+00:00,L8,270.95,314.26,225.53,207.15,213.99,205.28,227.81,318.83
2022-11-07 10:07:09+00:00,L8,275.07,319.11,218.83,202.11,213.19,203.26,223.13,319.82
2022-11-08 10:00:48+00:00,L9,272.34,317.44,218.89,205.27,64.66,-34.92,-10.89,
2022-11-11 08:19:10+00:00,L7,290.14,317.50,210.41,195.91,210.17,385.98,215.77,325.22
2022-11-15 10:07:00+00:00,L9,272.84,324.71,220.21,200.13,211.57,202.76,222.34,320.47
2022-11-24 10:00:48+00:00,L9,274.96,318.96,219.56,199.38,210.81,198.39,221.27,323.54
2022-12-17 10:06:58+00:00,L9,275.52,319.19,217.21,200.89,212.61,202.75,222.59,321.24
2022-12-18 10:00:47+00:00,L8,271.47,317.95,217.54,199.75,210.03,201.24,224.94,319.32
2022-12-25 10:06:55+00:00,L8,275.09,319.81,220.24,199.70,211.25,203.67,225.87,319.99
2022-12-26 10:00:46+00:00,L9,275.08,317.44,218.45,198.84,211.02,202.34,225.20,320.34
2023-01-02 10:06:59+00:00,L9,275.41,326.69,217.84,199.55,211.12,200.40,221.22,319.62
2023-01-03 10:00:46+00:00,L8,275.59,324.79,216.74,195.54,208.99,197.62,214.76,324.01
2023-01-10 10:06:54+00:00,L8,278.48,314.20,213.32,197.30,210.41,198.68,227.05,324.58
2023-01-27 10:00:45+00:00,L9,277.37,327.90,212.56,193.49,209.48,195.14,216.47,327.05
2023-02-03 10:07:01+00:00,L9,275.78,325.10,218.68,200.96,211.97,200.80,222.89,320.53
2023-02-09 08:09:30+00:00,L7,275.53,303.18,488.00,439.37,202.59,205.62,227.13,299.77
2023-02-11 10:06:51+00:00,L8,275.94,324.01,219.03,200.27,213.05,200.73,224.82,322.59
2023-02-12 10:00:51+00:00,L9,275.18,319.55,221.43,200.12,213.32,201.15,228.29,319.53
2023-02-19 10:06:54+00:00,L9,277.74,324.97,216.76,200.70,213.22,201.12,224.80,318.86
2023-02-20 10:00:31+00:00,L8,277.76,320.89,218.02,200.81,211.92,200.55,228.50,320.11
2023-03-03 08:10:03+00:00,L7,278.68,317.53,212.76,198.67,,198.57,,66.10
2023-03-08 10:00:20+00:00,L8,276.42,318.90,218.31,199.55,208.97,197.71,217.67,325.98
2023-03-16 10:00:30+00:00,L9,275.46,322.11,220.68,201.86,212.16,200.12,218.91,322.14
2023-03-23 10:06:37+00:00,L9,275.54,328.59,220.63,202.44,211.53,202.60,222.73,321.47
2023-03-24 10:00:11+00:00,L8,276.43,319.02,218.87,202.39,211.37,201.21,223.49,322.34
2023-04-06 08:00:03+00:00,L7,278.26,323.31,217.28,198.22,211.67,203.53,218.83,303.38
2023-04-09 09:59:57+00:00,L8,278.64,327.57,219.43,201.16,211.20,202.57,222.69,319.49
2023-04-11 08:04:13+00:00,L7,280.84,324.36,213.56,197.90,206.87,195.30,216.23,327.22
2023-04-17 10:00:12+00:00,L9,277.28,320.39,218.80,201.07,211.22,199.76,220.41,325.88
2023-04-24 10:06:21+00:00,L9,292.52,338.79,209.66,193.10,204.61,193.68,208.96,330.74
2023-04-28 07:58:19+00:00,L7,279.01,325.85,237.41,202.73,210.54,207.15,220.62,303.52
2023-05-03 08:02:18+00:00,L7,275.59,321.04,-37.43,-65.28,77.66,60.17,,326.13
2023-05-03 10:00:01+00:00,L9,275.23,320.55,220.16,200.09,211.61,199.73,218.42,326.51
2023-05-10 10:06:11+00:00,L9,291.54,334.58,,,199.27,196.49,206.64,329.49
2023-05-11 09:59:39+00:00,L8,290.07,324.16,211.33,196.70,206.15,196.28,222.83,326.38
2023-05-25 07:59:44+00:00,L7,161.04,175.47,209.41,198.06,190.03,217.34,370.17,61.56
2023-05-26 10:06:00+00:00,L9,294.28,332.92,212.41,199.99,216.74,200.67,211.13,326.47
2023-05-27 09:59:40+00:00,L8,275.76,316.17,215.30,198.37,211.94,200.31,223.91,325.92
2023-06-11 07:52:53+00:00,L7,-56.25,70.32,67.83,59.30,75.84,66.15,223.55,318.84
2023-06-11 10:05:55+00:00,L9,293.12,367.02,207.83,187.44,200.30,189.82,211.84,334.09
2023-07-05 10:06:11+00:00,L8,288.23,366.49,,,202.61,195.20,208.96,331.27
2023-07-06 09:59:53+00:00,L9,277.68,316.97,217.03,198.44,204.41,197.94,221.53,325.69
2023-07-13 07:56:32+00:00,L7,277.33,322.08,212.43,197.42,200.88,190.89,210.88,330.40
2023-07-13 10:06:08+00:00,L9,290.33,337.36,209.17,190.60,201.12,191.80,209.57,328.31
2023-07-14 10:00:03+00:00,L8,278.50,317.44,216.77,196.67,210.44,200.81,217.40,323.74
2023-07-29 10:06:11+00:00,L9,290.28,341.26,210.33,190.64,208.76,194.10,211.93,328.64
2023-07-30 07:48:46+00:00,L7,275.13,319.25,228.19,206.87,210.65,198.64,228.23,324.80
2023-07-30 10:00:11+00:00,L8,274.14,317.65,218.56,201.74,211.98,203.95,222.08,319.30
2023-08-04 07:52:14+00:00,L7,276.70,320.75,215.21,196.90,198.69,198.15,,74.07
2023-08-06 10:06:23+00:00,L8,290.28,327.97,212.86,191.88,205.75,194.99,213.87,326.78
2023-08-07 10:00:07+00:00,L9,279.15,328.29,210.90,191.15,203.97,195.01,214.49,323.90
2023-08-14 10:06:18+00:00,L9,281.52,336.62,213.64,192.94,205.53,199.72,212.86,326.70
2023-08-15 10:00:16+00:00,L8,275.60,318.87,219.04,201.40,210.32,203.90,220.65,322.55
2023-08-21 07:44:01+00:00,L7,275.59,333.94,217.88,199.96,209.93,200.18,230.02,213.72
2023-08-22 10:06:31+00:00,L8,275.16,319.21,219.02,201.32,212.22,206.41,225.15,316.82
2023-08-23 10:00:12+00:00,L9,275.06,314.96,219.69,201.41,212.12,206.02,223.36,322.13
2023-08-26 07:47:21+00:00,L7,277.62,314.97,219.13,200.28,213.67,207.91,219.88,319.48
2023-08-30 10:06:28+00:00,L9,278.31,337.51,214.61,194.34,205.91,201.15,214.65,325.15
2023-08-31 07:50:39+00:00,L7,182.10,193.85,214.51,191.02,205.59,195.33,234.77,321.19
2023-08-31 10:00:21+00:00,L8,275.25,320.07,221.43,199.54,209.59,204.27,221.77,322.09
2023-09-07 10:06:30+00:00,L8,275.06,316.37,220.11,204.12,213.01,206.25,223.09,314.33
2023-09-16 10:00:25+00:00,L8,275.20,337.85,218.37,197.58,201.07,198.28,207.92,326.40
2023-09-23 10:06:36+00:00,L8,275.62,334.49,221.16,201.03,210.49,204.12,219.09,320.27
2023-09-24 10:00:23+00:00,L9,275.40,325.01,218.07,200.13,212.80,203.48,220.81,320.94
2023-10-01 10:06:35+00:00,L9,275.42,317.75,218.76,201.31,210.21,204.15,222.16,321.26
2023-10-02 10:00:28+00:00,L8,272.82,320.70,219.03,202.28,210.61,202.94,219.12,322.28
2023-10-09 10:06:41+00:00,L8,275.34,317.32,219.95,205.57,214.17,207.42,225.52,316.78
2023-10-10 10:00:31+00:00,L9,274.95,313.40,218.32,204.36,212.30,203.64,222.07,322.13
2023-10-14 07:38:50+00:00,L7,275.05,315.13,218.70,203.37,211.53,200.67,228.05,215.90
2023-11-11 10:00:32+00:00,L9,,339.57,,184.87,182.84,191.02,199.23,322.04
2023-11-18 10:06:45+00:00,L9,275.58,319.28,221.80,199.42,209.46,200.02,220.47,323.50
2023-11-19 10:00:35+00:00,L8,275.54,320.04,220.19,199.63,210.00,200.99,219.85,315.32
2023-12-12 10:06:41+00:00,L8,275.54,326.46,216.24,197.09,204.59,195.24,215.20,325.71
2023-12-13 10:00:38+00:00,L9,271.99,314.52,217.39,196.12,203.05,200.05,218.48,324.66
2024-01-13 10:06:39+00:00,L8,277.07,336.85,218.98,203.41,213.18,206.73,228.27,318.85
2024-01-14 10:00:38+00:00,L9,275.04,315.93,218.77,197.61,203.10,195.19,220.51,327.57
2024-01-21 10:06:46+00:00,L9,275.48,323.98,218.55,196.96,209.51,198.15,217.93,325.97
2024-01-22 10:00:25+00:00,L8,275.36,324.66,218.41,198.68,209.77,200.46,222.40,321.48
2024-01-30 10:00:38+00:00,L9,275.30,323.60,219.88,198.84,211.00,198.69,220.11,324.69
2024-02-14 10:06:36+00:00,L8,276.63,321.42,217.60,201.94,209.66,200.05,219.48,321.00
2024-02-15 10:00:35+00:00,L9,275.48,322.09,220.14,200.06,206.78,196.77,220.72,325.95
2024-03-09 10:06:43+00:00,L9,276.46,332.13,219.60,199.05,208.83,201.68,219.45,324.05
2024-03-17 10:06:20+00:00,L8,280.60,328.70,219.67,200.73,210.45,200.16,221.04,319.78
2024-04-03 10:00:21+00:00,L9,275.59,321.13,219.72,200.70,210.31,200.33,220.14,326.75
2024-04-10 10:06:29+00:00,L9,284.37,335.10,211.28,192.63,201.60,190.86,212.12,328.63
2024-04-11 09:59:56+00:00,L8,280.03,331.60,216.21,198.17,205.46,200.39,220.13,325.54
2024-04-18 10:06:00+00:00,L8,290.05,286.62,209.24,192.62,203.36,195.79,216.76,327.49
2024-04-19 10:00:08+00:00,L9,280.57,324.24,214.07,197.94,205.52,196.29,217.75,326.96
2024-04-26 10:06:09+00:00,L9,290.25,337.80,211.93,191.37,195.52,186.31,205.33,205.80
2024-05-04 10:05:51+00:00,L8,290.47,335.19,212.97,196.70,202.97,194.69,214.79,324.29
2024-05-05 09:59:57+00:00,L9,283.15,326.34,213.46,198.03,202.46,198.21,220.45,325.83
2024-05-12 10:06:06+00:00,L9,290.57,339.48,205.53,188.31,198.94,192.14,211.86,200.23
2024-05-13 09:59:32+00:00,L8,283.08,325.87,211.76,196.51,202.97,195.64,214.28,330.09
2024-05-20 10:05:38+00:00,L8,,,370.67,188.96,198.55,188.97,207.75,366.55
2024-05-21 09:59:49+00:00,L9,281.72,327.43,213.53,195.99,209.16,196.86,213.55,327.27
2024-06-06 09:59:42+00:00,L9,279.98,334.99,213.75,195.26,201.21,193.53,214.20,331.04
2024-06-14 09:59:27+00:00,L8,275.71,319.17,217.83,203.23,213.42,204.05,224.88,324.20
2024-06-22 09:59:23+00:00,L9,280.36,328.59,213.06,194.34,209.49,199.43,216.52,328.41
2024-06-30 09:59:38+00:00,L8,275.60,335.05,217.10,197.80,210.46,200.02,213.98,325.04
2024-07-15 10:05:58+00:00,L9,290.00,345.10,210.85,192.41,200.18,192.29,209.88,330.69
2024-07-16 09:59:51+00:00,L8,271.54,325.07,225.15,202.24,211.09,202.54,217.21,322.56
2024-07-23 10:06:08+00:00,L8,278.29,338.30,210.29,192.80,198.18,192.61,207.84,331.13
2024-07-24 09:59:46+00:00,L9,275.23,321.08,220.31,198.97,209.08,201.33,217.66,324.72
2024-07-31 10:06:01+00:00,L9,283.10,336.41,213.21,190.88,199.72,193.48,210.26,330.09
2024-08-01 09:59:57+00:00,L8,275.27,324.82,220.34,195.50,199.78,196.21,212.61,328.73
2024-08-08 10:06:04+00:00,L8,282.76,335.89,214.58,192.22,194.85,190.58,211.02,332.21
2024-08-09 09:59:53+00:00,L9,273.22,318.96,221.37,198.25,201.86,199.16,219.44,326.20
2024-08-17 10:00:04+00:00,L8,200.63,174.86,355.73,285.89,-26.17,-43.90,-51.41,
2024-08-24 10:06:17+00:00,L8,275.49,335.63,218.15,194.06,198.92,197.58,212.93,329.47
2024-08-25 10:00:07+00:00,L9,272.56,325.20,218.26,197.56,204.82,198.70,216.26,326.94
2024-09-01 10:06:17+00:00,L9,277.87,337.48,216.48,192.79,201.02,197.55,212.59,329.22
2024-09-02 10:00:12+00:00,L8,278.59,333.57,218.35,196.26,202.82,,4.81,
2024-09-09 10:06:25+00:00,L8,277.65,334.48,218.63,194.27,202.26,198.24,211.85,328.08
2024-09-10 10:00:09+00:00,L9,276.49,325.51,216.10,194.79,205.86,195.77,215.53,325.47
2024-09-17 10:06:21+00:00,L9,275.05,320.24,220.50,199.43,209.06,201.47,215.54,325.26
2024-09-25 10:06:24+00:00,L8,275.55,320.06,218.81,200.97,210.06,203.79,216.64,325.87
2024-09-26 10:00:11+00:00,L9,275.31,315.39,220.32,202.01,210.72,204.41,218.98,324.72
2024-10-11 10:06:31+00:00,L8,275.33,314.17,219.66,204.14,211.67,206.12,223.05,321.55
2024-10-12 10:00:19+00:00,L9,274.96,312.82,218.67,201.00,210.34,204.33,220.39,323.75
2024-11-04 10:06:37+00:00,L9,280.53,332.82,213.38,192.91,200.45,196.08,214.81,329.15
2024-11-05 10:00:21+00:00,L8,281.96,327.21,212.22,192.82,197.67,191.70,216.40,329.94
2024-11-13 10:00:22+00:00,L9,275.18,322.44,219.83,197.60,209.13,198.96,217.53,325.65
2024-11-20 10:06:44+00:00,L9,277.78,321.02,216.98,197.76,203.32,197.10,219.96,326.69
2024-11-21 10:00:29+00:00,L8,275.39,321.42,217.33,196.99,204.79,200.14,215.74,325.01
2024-12-06 10:06:41+00:00,L9,276.90,335.14,216.32,197.14,206.34,200.15,214.65,326.40
2024-12-07 10:00:26+00:00,L8,275.27,315.13,219.84,200.69,184.22,181.87,150.93,177.29
2024-12-15 10:00:30+00:00,L9,276.27,328.75,216.69,196.70,202.77,197.22,214.00,328.12
2024-12-30 10:06:34+00:00,L8,277.88,316.46,220.38,200.86,209.60,199.43,222.20,324.97
2024-12-31 10:00:28+00:00,L9,275.29,322.13,219.00,197.47,209.87,198.37,218.60,327.50
2025-01-08 10:00:26+00:00,L8,275.51,319.91,217.77,199.72,209.51,200.24,223.19,323.14
2025-01-15 10:06:37+00:00,L8,279.68,323.14,221.22,199.26,206.10,196.47,220.12,326.79
2025-01-16 10:00:33+00:00,L9,273.09,330.81,,191.02,184.21,185.13,200.55,208.79
2025-01-24 10:00:20+00:00,L8,275.47,320.94,217.45,200.34,211.08,200.61,222.14,324.67
2025-02-09 10:00:23+00:00,L8,279.63,319.01,213.60,197.84,208.84,197.22,221.76,327.48
2025-02-16 10:06:31+00:00,L8,279.64,318.89,215.82,198.22,208.98,200.83,223.42,327.19
2025-02-17 10:00:32+00:00,L9,275.61,318.60,217.02,201.20,210.51,200.94,223.81,327.05
2025-02-24 10:06:39+00:00,L9,276.94,333.80,213.99,196.06,209.31,198.42,217.36,326.13
2025-03-04 10:06:23+00:00,L8,284.37,325.97,215.44,197.85,204.17,195.66,215.54,329.96
2025-04-22 10:00:07+00:00,L9,280.28,332.52,212.47,194.22,208.76,197.22,214.72,327.81
2025-04-29 10:06:16+00:00,L9,294.67,336.80,211.08,193.19,207.53,193.21,212.60,201.67
2025-04-30 09:59:46+00:00,L8,278.95,326.44,215.90,195.80,209.48,197.02,213.70,330.46
2025-05-08 10:00:00+00:00,L9,276.98,320.61,214.21,195.15,209.49,198.08,215.92,328.06
2025-05-24 09:59:50+00:00,L9,275.94,302.74,425.25,197.69,210.87,198.34,218.59,327.38
2025-06-01 09:59:49+00:00,L8,275.74,325.58,215.67,196.03,209.66,195.38,212.75,330.51
2025-06-09 09:59:50+00:00,L9,275.89,323.35,217.31,195.22,210.11,194.87,211.04,328.83
2025-06-17 10:00:00+00:00,L8,275.26,331.10,217.20,196.12,209.73,195.57,211.27,328.07
2025-06-25 10:00:02+00:00,L9,277.12,333.33,218.28,194.36,203.41,195.43,211.26,327.00
2025-07-03 10:00:07+00:00,L8,277.92,323.62,217.82,196.95,205.55,196.01,212.76,328.76
2025-07-10 10:06:18+00:00,L8,283.45,330.40,216.61,190.81,202.47,198.28,214.02,330.54
2025-07-11 10:00:05+00:00,L9,275.61,324.70,218.44,195.58,205.93,193.97,211.57,328.63
2025-07-18 10:06:21+00:00,L9,290.54,343.83,212.40,189.88,200.26,190.38,211.26,331.65
2025-07-19 10:00:12+00:00,L8,278.75,337.18,217.11,190.60,202.33,196.36,209.50,329.10
2025-07-27 10:00:13+00:00,L9,280.41,326.95,218.81,194.66,209.08,195.67,211.76,326.99
2025-08-03 10:06:27+00:00,L9,289.99,334.48,213.11,192.47,199.37,190.28,208.35,327.37
2025-08-04 10:00:18+00:00,L8,277.04,317.16,220.30,201.25,212.22,202.41,220.22,318.84
2025-08-11 10:06:33+00:00,L8,277.02,331.83,220.67,197.84,209.97,199.49,216.40,322.54
2025-08-20 10:00:24+00:00,L8,283.81,334.19,218.77,191.63,198.01,193.83,209.87,324.60
2025-09-04 10:06:43+00:00,L9,283.66,339.29,220.92,195.39,209.00,195.47,210.98,326.13
2025-09-05 10:00:28+00:00,L8,275.99,317.25,220.87,200.80,212.84,201.00,215.40,321.32
2025-09-12 10:06:40+00:00,L8,290.11,326.09,219.30,198.13,211.20,200.24,212.65,323.53
2025-09-13 10:00:34+00:00,L9,275.49,319.47,225.16,199.95,212.32,204.10,215.86,318.86
2025-09-20 10:06:46+00:00,L9,280.53,318.86,218.69,197.44,208.96,198.80,213.61,321.33
2025-09-29 10:00:38+00:00,L9,275.64,318.17,219.84,199.31,210.05,198.85,222.65,320.70
2025-10-06 10:06:50+00:00,L9,275.79,319.44,219.36,198.03,210.33,200.80,218.58,321.97
2025-10-15 10:00:44+00:00,L9,277.16,317.01,217.82,196.41,209.45,199.82,214.45,323.00
2025-12-02 10:00:43+00:00,L9,275.59,316.37,215.92,195.00,204.78,195.13,232.71,325.46
2025-12-25 10:06:57+00:00,L9,279.56,322.32,217.25,197.69,202.77,193.63,220.27,326.12
2026-01-02 10:06:43+00:00,L8,282.10,324.17,216.06,197.11,204.00,195.86,222.98,327.53
2026-01-10 10:06:50+00:00,L9,290.01,337.57,213.43,194.56,208.92,195.99,216.35,323.91
2026-02-27 10:06:40+00:00,L9,283.28,324.22,213.02,196.89,209.14,199.33,224.94,326.53
2026-03-07 10:06:26+00:00,L8,284.32,325.99,211.91,193.26,204.69,193.94,219.39,330.79
2026-03-15 10:06:30+00:00,L9,290.04,320.90,214.24,196.90,205.61,195.19,222.75,327.32
2026-03-24 10:00:17+00:00,L9,282.41,302.41,461.74,200.03,210.85,199.20,222.67,326.67
2026-04-08 10:06:07+00:00,L8,275.53,314.72,220.29,206.10,214.78,202.13,222.65,321.94
2026-04-09 10:00:08+00:00,L9,272.71,301.57,225.39,207.15,215.35,205.62,229.61,322.91
2026-04-16 10:06:19+00:00,L9,282.82,314.88,218.32,203.28,211.74,201.20,221.90,325.61
2026-04-17 09:59:54+00:00,L8,275.56,314.35,218.72,204.29,212.37,202.92,225.59,325.80
2026-04-25 10:00:05+00:00,L9,275.35,327.26,221.75,201.07,211.71,204.00,221.54,323.03
2026-05-02 10:06:12+00:00,L9,290.41,332.76,215.52,196.20,201.33,189.46,214.78,330.82
2026-05-10 10:05:45+00:00,L8,290.50,338.79,210.62,193.83,201.70,193.62,211.23,203.48
2026-05-18 10:05:54+00:00,L9,290.46,339.82,212.02,193.06,201.66,190.46,212.01,327.79
2026-05-27 09:59:39+00:00,L9,281.39,326.39,216.46,198.78,205.50,197.46,217.07,324.90
2026-06-03 10:05:46+00:00,L9,290.11,366.07,208.43,187.79,198.19,188.59,206.17,335.27
2026-06-04 09:59:26+00:00,L8,275.36,324.16,219.39,198.84,209.19,194.07,213.48,326.81
2026-06-11 10:05:37+00:00,L8,288.49,,,,,,,
2026-06-12 09:59:38+00:00,L9,280.16,328.83,215.76,194.79,209.12,193.63,214.95,328.10
2026-06-20 09:59:36+00:00,L8,280.23,324.53,217.76,198.88,209.49,197.81,217.66,323.35
2026-06-28 09:59:50+00:00,L9,282.30,324.80,218.71,197.12,209.41,198.15,213.96,325.17
2026-07-06 09:59:45+00:00,L8,277.73,317.88,219.03,200.45,210.43,199.12,221.78,320.96
2026-07-14 09:59:56+00:00,L9,281.74,331.59,218.79,193.20,204.88,189.53,209.77,331.44
2026-07-21 10:06:13+00:00,L9,291.25,342.49,213.74,189.94,200.27,186.33,208.87,330.80
2026-07-22 09:59:52+00:00,L8,280.46,326.81,218.13,193.41,204.55,187.51,208.81,331.19
2026-07-29 10:06:08+00:00,L8,290.34,343.07,217.97,193.51,205.02,189.31,209.71,329.46
2026-07-30 10:00:08+00:00,L9,279.58,332.18,219.06,196.93,210.50,197.89,213.21,325.16
2026-08-06 10:06:20+00:00,L9,281.06,321.66,218.77,199.82,210.55,198.40,215.26,324.96
2026-08-07 10:00:00+00:00,L8,281.08,321.06,219.03,197.84,209.98,196.69,214.51,320.92
2026-08-14 10:06:13+00:00,L8,290.38,325.19,218.43,197.12,210.23,196.17,220.00,325.51
2026-08-15 10:00:10+00:00,L9,278.01,320.09,220.89,198.90,210.89,196.74,221.59,323.20
2026-08-22 10:06:21+00:00,L9,283.59,320.36,219.28,198.51,211.67,197.46,218.63,322.42
2026-08-23 10:00:07+00:00,L8,283.88,320.60,218.37,196.55,210.10,194.12,211.96,327.31
2026-08-30 10:06:21+00:00,L8,283.52,332.85,218.80,195.17,208.82,192.02,211.92,325.35
2026-08-31 10:00:16+00:00,L9,276.64,316.10,226.44,201.80,213.16,200.45,222.72,320.45
2026-09-07 10:06:29+00:00,L9,280.37,335.12,219.99,199.45,212.39,197.32,213.66,323.29
2026-09-08 10:00:10+00:00,L8,280.78,320.78,220.55,199.03,212.34,198.49,219.43,319.85
2026-09-15 10:06:25+00:00,L8,279.91,319.90,225.53,204.76,213.12,201.01,223.86,319.80
2026-09-16 10:00:19+00:00,L9,277.24,318.16,221.78,199.85,213.71,201.18,220.14,320.45
2026-09-23 10:06:34+00:00,L9,281.21,323.89,219.81,200.32,213.46,198.64,219.94,321.32
